run_id,model,dataset,variant,seed,group,eligible_users,relevant_items,recall_at_10,recall_at_20,ndcg_at_10,ndcg_at_20
TaxPro-CL|amazon-book|TaxPro-CL-main|seed42,TaxPro-CL,amazon-book,TaxPro-CL-main,42,near_cold,13238,2363,0.0010009064813415924,0.0035881553104698594,0.00037178490551428893,0.0010373721516020965
TaxPro-CL|amazon-book|TaxPro-CL-main|seed42,TaxPro-CL,amazon-book,TaxPro-CL-main,42,long_tail,36609,24260,0.002479673821686882,0.005948656684138013,0.0014374876608273727,0.0025546176530864355
TaxPro-CL|amazon-book|TaxPro-CL-main|seed42,TaxPro-CL,amazon-book,TaxPro-CL-main,42,overall,,,0.02698369749028318,0.04604385096650797,0.02861833319292283,0.03606458118235713
TaxPro-CL|amazon-book|TaxPro-CL-main|seed42,TaxPro-CL,amazon-book,TaxPro-CL-main,42,warm,52123,55186,0.03506041155787278,0.05906308783771617,0.032007577653984855,0.041205405220795494
TaxPro-CL|amazon-book|TaxPro-CL-main|seed0,TaxPro-CL,amazon-book,TaxPro-CL-main,0,near_cold,13238,2363,0.0009064813415923856,0.0038588407110842528,0.00029016277129989825,0.001057614288013355
TaxPro-CL|amazon-book|TaxPro-CL-main|seed0,TaxPro-CL,amazon-book,TaxPro-CL-main,0,long_tail,36609,24260,0.002479861305559904,0.005886624513009502,0.0013400404545257304,0.0024520594854396775
TaxPro-CL|amazon-book|TaxPro-CL-main|seed0,TaxPro-CL,amazon-book,TaxPro-CL-main,0,overall,,,0.02681794430938003,0.045462699844028925,0.02822426597895708,0.035504827755616745
TaxPro-CL|amazon-book|TaxPro-CL-main|seed0,TaxPro-CL,amazon-book,TaxPro-CL-main,0,warm,52123,55186,0.03485790858905674,0.05827482604606429,0.03160638510143579,0.04057962125099119
TaxPro-CL|amazon-book|TaxPro-CL-main|seed1,TaxPro-CL,amazon-book,TaxPro-CL-main,1,near_cold,13238,2363,0.0006609759782444479,0.003758120562018432,0.00024449828008661466,0.0010542401542657897
TaxPro-CL|amazon-book|TaxPro-CL-main|seed1,TaxPro-CL,amazon-book,TaxPro-CL-main,1,long_tail,36609,24260,0.0023986634615168582,0.005763519578204375,0.0013589775839046906,0.002441274736651898
TaxPro-CL|amazon-book|TaxPro-CL-main|seed1,TaxPro-CL,amazon-book,TaxPro-CL-main,1,overall,,,0.02680401272993278,0.04566208065346439,0.028406238481052642,0.035782016541091394
TaxPro-CL|amazon-book|TaxPro-CL-main|seed1,TaxPro-CL,amazon-book,TaxPro-CL-main,1,warm,52123,55186,0.0348978294960163,0.05870051790910751,0.031822598716855895,0.04094978143113886
TaxPro-CL|yelp2018|TaxPro-CL-main|seed42,TaxPro-CL,yelp2018,TaxPro-CL-main,42,near_cold,5217,976,0.0,0.00038336208548974505,0.0,9.546836273793978e-05
TaxPro-CL|yelp2018|TaxPro-CL-main|seed42,TaxPro-CL,yelp2018,TaxPro-CL-main,42,long_tail,18907,9911,0.0009909035809807076,0.0032321941269370298,0.00044867096163474706,0.0011472207428339005
TaxPro-CL|yelp2018|TaxPro-CL-main|seed42,TaxPro-CL,yelp2018,TaxPro-CL-main,42,overall,,,0.03944340041233798,0.0669816128598975,0.04531409186507788,0.055272440583535865
TaxPro-CL|yelp2018|TaxPro-CL-main|seed42,TaxPro-CL,yelp2018,TaxPro-CL-main,42,warm,31661,25495,0.04602782930751859,0.07806942822478619,0.04806073148740302,0.05988998690777516
TaxPro-CL|yelp2018|TaxPro-CL-main|seed0,TaxPro-CL,yelp2018,TaxPro-CL-main,0,near_cold,5217,976,0.0,0.0002875215641173088,0.0,7.365265784607562e-05
TaxPro-CL|yelp2018|TaxPro-CL-main|seed0,TaxPro-CL,yelp2018,TaxPro-CL-main,0,long_tail,18907,9911,0.0008547736014065008,0.003360482222575006,0.00041726543201855445,0.001185041080700808
TaxPro-CL|yelp2018|TaxPro-CL-main|seed0,TaxPro-CL,yelp2018,TaxPro-CL-main,0,overall,,,0.03949028152036981,0.06663138093519028,0.045486186896049816,0.05521730330917585
TaxPro-CL|yelp2018|TaxPro-CL-main|seed0,TaxPro-CL,yelp2018,TaxPro-CL-main,0,warm,31661,25495,0.04608242190458221,0.077640768777895,0.04822494785587275,0.05979985399341645
TaxPro-CL|yelp2018|TaxPro-CL-main|seed1,TaxPro-CL,yelp2018,TaxPro-CL-main,1,near_cold,5217,976,0.0,0.00038336208548974505,0.0,9.776703488507786e-05
TaxPro-CL|yelp2018|TaxPro-CL-main|seed1,TaxPro-CL,yelp2018,TaxPro-CL-main,1,long_tail,18907,9911,0.000894441449293527,0.0034501422437418767,0.00043070185667961773,0.001203300513746532
TaxPro-CL|yelp2018|TaxPro-CL-main|seed1,TaxPro-CL,yelp2018,TaxPro-CL-main,1,overall,,,0.03952379739471012,0.06734405712936886,0.045506556646459806,0.05548603282215525
TaxPro-CL|yelp2018|TaxPro-CL-main|seed1,TaxPro-CL,yelp2018,TaxPro-CL-main,1,warm,31661,25495,0.04622899167998094,0.07844928323187196,0.0483066867291236,0.060137728115348184
TaxPro-CL|musical-instruments|TaxPro-CL-main|seed42,TaxPro-CL,musical-instruments,TaxPro-CL-main,42,near_cold,4728,2942,0.0040891144952058655,0.008319232938522278,0.0019852669671344336,0.0030741288605772776
TaxPro-CL|musical-instruments|TaxPro-CL-main|seed42,TaxPro-CL,musical-instruments,TaxPro-CL-main,42,long_tail,8816,5316,0.009799552761213378,0.016637498919713074,0.004719487819412802,0.006524218408900416
TaxPro-CL|musical-instruments|TaxPro-CL-main|seed42,TaxPro-CL,musical-instruments,TaxPro-CL-main,42,overall,,,0.1449346022578356,0.1751618497997063,0.1194592487746295,0.12778576491578025
TaxPro-CL|musical-instruments|TaxPro-CL-main|seed42,TaxPro-CL,musical-instruments,TaxPro-CL-main,42,warm,19545,3040,0.19034086593827326,0.2287950533755762,0.15546262616282386,0.16592458944652783
TaxPro-CL|musical-instruments|TaxPro-CL-main|seed0,TaxPro-CL,musical-instruments,TaxPro-CL-main,0,near_cold,4728,2942,0.004864636209813875,0.008372109419063732,0.0024396718717488775,0.0033465786213828586
TaxPro-CL|musical-instruments|TaxPro-CL-main|seed0,TaxPro-CL,musical-instruments,TaxPro-CL-main,0,long_tail,8816,5316,0.009487619911848587,0.016826549131449313,0.004841194162375122,0.006752439658219714
TaxPro-CL|musical-instruments|TaxPro-CL-main|seed0,TaxPro-CL,musical-instruments,TaxPro-CL-main,0,overall,,,0.1472601019473021,0.17552406659591197,0.12073358994570223,0.1285603573734736
TaxPro-CL|musical-instruments|TaxPro-CL-main|seed0,TaxPro-CL,musical-instruments,TaxPro-CL-main,0,warm,19545,3040,0.19342542651061528,0.22925825858289442,0.15714203792449916,0.1669224800465358
TaxPro-CL|musical-instruments|TaxPro-CL-main|seed1,TaxPro-CL,musical-instruments,TaxPro-CL-main,1,near_cold,4728,2942,0.0039304850535815,0.008689368302312464,0.002075377160490132,0.003295274263636433
TaxPro-CL|musical-instruments|TaxPro-CL-main|seed1,TaxPro-CL,musical-instruments,TaxPro-CL-main,1,long_tail,8816,5316,0.009157592256503326,0.016096815314147434,0.004665225633768654,0.006496121688824836
TaxPro-CL|musical-instruments|TaxPro-CL-main|seed1,TaxPro-CL,musical-instruments,TaxPro-CL-main,1,overall,,,0.14739751148105493,0.17748121129331948,0.12070798322199604,0.12901094314562656
TaxPro-CL|musical-instruments|TaxPro-CL-main|seed1,TaxPro-CL,musical-instruments,TaxPro-CL-main,1,warm,19545,3040,0.19345094508058588,0.23211409147851383,0.15699792691607653,0.1674820963705467
TaxPro-CL|arts-crafts-and-sewing|TaxPro-CL-main|seed42,TaxPro-CL,arts-crafts-and-sewing,TaxPro-CL-main,42,near_cold,9765,6233,0.005120327700972862,0.01063321385902031,0.002246479289200374,0.003644097969473898
TaxPro-CL|arts-crafts-and-sewing|TaxPro-CL-main|seed42,TaxPro-CL,arts-crafts-and-sewing,TaxPro-CL-main,42,long_tail,17815,11261,0.012464839242835314,0.021672435837465302,0.0059828184912206804,0.008379979515881196
TaxPro-CL|arts-crafts-and-sewing|TaxPro-CL-main|seed42,TaxPro-CL,arts-crafts-and-sewing,TaxPro-CL-main,42,overall,,,0.1336912087931623,0.1679427090961947,0.09921117864630072,0.10873423160588783
TaxPro-CL|arts-crafts-and-sewing|TaxPro-CL-main|seed42,TaxPro-CL,arts-crafts-and-sewing,TaxPro-CL-main,42,warm,35000,6516,0.17994619095315614,0.22445099789597903,0.13215832644141037,0.14432255476647673
TaxPro-CL|arts-crafts-and-sewing|TaxPro-CL-main|seed0,TaxPro-CL,arts-crafts-and-sewing,TaxPro-CL-main,0,near_cold,9765,6233,0.005120327700972862,0.011981566820276499,0.002328755760984606,0.0040404067151341115
TaxPro-CL|arts-crafts-and-sewing|TaxPro-CL-main|seed0,TaxPro-CL,arts-crafts-and-sewing,TaxPro-CL-main,0,long_tail,17815,11261,0.012255589858733278,0.022604971976288277,0.006072754868978761,0.008754769009561528
TaxPro-CL|arts-crafts-and-sewing|TaxPro-CL-main|seed0,TaxPro-CL,arts-crafts-and-sewing,TaxPro-CL-main,0,overall,,,0.13409694238657527,0.16948844271376198,0.0996646142785091,0.10953840021726963
TaxPro-CL|arts-crafts-and-sewing|TaxPro-CL-main|seed0,TaxPro-CL,arts-crafts-and-sewing,TaxPro-CL-main,0,warm,35000,6516,0.18069552388213175,0.2262033864877791,0.13284443134788562,0.14534998334746532
TaxPro-CL|arts-crafts-and-sewing|TaxPro-CL-main|seed1,TaxPro-CL,arts-crafts-and-sewing,TaxPro-CL-main,1,near_cold,9765,6233,0.004608294930875576,0.011256187062638675,0.002133037713667066,0.003832048744114398
TaxPro-CL|arts-crafts-and-sewing|TaxPro-CL-main|seed1,TaxPro-CL,arts-crafts-and-sewing,TaxPro-CL-main,1,long_tail,17815,11261,0.0117023731562042,0.022058346586833814,0.005676360473265571,0.008381297216188197
TaxPro-CL|arts-crafts-and-sewing|TaxPro-CL-main|seed1,TaxPro-CL,arts-crafts-and-sewing,TaxPro-CL-main,1,overall,,,0.13198486828031575,0.16738080725275678,0.09820664230616509,0.10806551380507415
TaxPro-CL|arts-crafts-and-sewing|TaxPro-CL-main|seed1,TaxPro-CL,arts-crafts-and-sewing,TaxPro-CL-main,1,warm,35000,6516,0.17770478907975795,0.22323801063723037,0.13077958654198335,0.14325111941847612
SimGCL|amazon-book|SimGCL-main|seed42,SimGCL,amazon-book,SimGCL-main,42,near_cold,13238,2363,0.00041547061489651004,0.0017751926272850883,0.0001539672545675661,0.0005015289388308608
SimGCL|amazon-book|SimGCL-main|seed42,SimGCL,amazon-book,SimGCL-main,42,long_tail,36609,24260,0.001969558238508498,0.004644517142845855,0.0011282078947769077,0.0020111388900424213
SimGCL|amazon-book|SimGCL-main|seed42,SimGCL,amazon-book,SimGCL-main,42,overall,,,0.02731657344390918,0.046554088276318094,0.02886270148761837,0.03638215317620817
SimGCL|amazon-book|SimGCL-main|seed42,SimGCL,amazon-book,SimGCL-main,42,warm,52123,55186,0.0354131488293839,0.05994899142694478,0.03231207410781859,0.041690876315654844
SimGCL|amazon-book|SimGCL-main|seed0,SimGCL,amazon-book,SimGCL-main,0,near_cold,13238,2363,0.0006420909502946065,0.003002719444024777,0.0002346938674954177,0.0008280544200358303
SimGCL|amazon-book|SimGCL-main|seed0,SimGCL,amazon-book,SimGCL-main,0,long_tail,36609,24260,0.0021542800818388796,0.005002722284301018,0.0012478489486162088,0.002184919255129723
SimGCL|amazon-book|SimGCL-main|seed0,SimGCL,amazon-book,SimGCL-main,0,overall,,,0.027947814657646317,0.047341445894937065,0.029663107355906295,0.037244828397237306
SimGCL|amazon-book|SimGCL-main|seed0,SimGCL,amazon-book,SimGCL-main,0,warm,52123,55186,0.03629617560596478,0.06103895667215089,0.03317726565944034,0.04262798251958872
SimGCL|amazon-book|SimGCL-main|seed1,SimGCL,amazon-book,SimGCL-main,1,near_cold,13238,2363,0.0007931711738933374,0.0031537996676235082,0.0002658353947473979,0.0008676970162899031
SimGCL|amazon-book|SimGCL-main|seed1,SimGCL,amazon-book,SimGCL-main,1,long_tail,36609,24260,0.0022956704868939575,0.005460216143040045,0.0012752364692746347,0.002292358352218375
SimGCL|amazon-book|SimGCL-main|seed1,SimGCL,amazon-book,SimGCL-main,1,overall,,,0.02781401074439272,0.047604172329670805,0.02944828215902239,0.037177944298026074
SimGCL|amazon-book|SimGCL-main|seed1,SimGCL,amazon-book,SimGCL-main,1,warm,52123,55186,0.03618081787544046,0.06126691704704663,0.032953618681875435,0.04253917677990783
SimGCL|yelp2018|SimGCL-main|seed42,SimGCL,yelp2018,SimGCL-main,42,near_cold,5217,976,0.0,0.00019168104274487253,0.0,4.6894871021319926e-05
SimGCL|yelp2018|SimGCL-main|seed42,SimGCL,yelp2018,SimGCL-main,42,long_tail,18907,9911,0.0005906731444891916,0.0026384547856438713,0.0003037010072184811,0.000929361550397735
SimGCL|yelp2018|SimGCL-main|seed42,SimGCL,yelp2018,SimGCL-main,42,overall,,,0.04186213102589137,0.07020089277562083,0.04795542269216263,0.05815127389549513
SimGCL|yelp2018|SimGCL-main|seed42,SimGCL,yelp2018,SimGCL-main,42,warm,31661,25495,0.04889587678342981,0.08190840404862026,0.05090640030677347,0.06305676490066131
SimGCL|yelp2018|SimGCL-main|seed0,SimGCL,yelp2018,SimGCL-main,0,near_cold,5217,976,0.0,0.00025557472365983003,0.0,6.76113848710614e-05
SimGCL|yelp2018|SimGCL-main|seed0,SimGCL,yelp2018,SimGCL-main,0,long_tail,18907,9911,0.0006848055771734832,0.002935824459365383,0.0003504684753768235,0.001007313975663634
SimGCL|yelp2018|SimGCL-main|seed0,SimGCL,yelp2018,SimGCL-main,0,overall,,,0.04166913670726663,0.07094375986612601,0.047788745484733955,0.05840521382259942
SimGCL|yelp2018|SimGCL-main|seed0,SimGCL,yelp2018,SimGCL-main,0,warm,31661,25495,0.04877857795091259,0.08286221493568427,0.050762930847951776,0.06337895346130158
SimGCL|yelp2018|SimGCL-main|seed1,SimGCL,yelp2018,SimGCL-main,1,near_cold,5217,976,0.0,6.389368091495751e-05,0.0,2.2006765329886494e-05
SimGCL|yelp2018|SimGCL-main|seed1,SimGCL,yelp2018,SimGCL-main,1,long_tail,18907,9911,0.0007586003672109346,0.002866387498899481,0.0003604798145697768,0.0010243547995378121
SimGCL|yelp2018|SimGCL-main|seed1,SimGCL,yelp2018,SimGCL-main,1,overall,,,0.041596955856841054,0.07114996244717685,0.04771388362573144,0.05842165178999522
SimGCL|yelp2018|SimGCL-main|seed1,SimGCL,yelp2018,SimGCL-main,1,warm,31661,25495,0.04861093926567882,0.08303990425409226,0.050642297753933085,0.063351341065401
SimGCL|musical-instruments|SimGCL-main|seed42,SimGCL,musical-instruments,SimGCL-main,42,near_cold,4728,2942,0.004706006768189509,0.008125352509870275,0.002454447671411314,0.0033141442000356874
SimGCL|musical-instruments|SimGCL-main|seed42,SimGCL,musical-instruments,SimGCL-main,42,long_tail,8816,5316,0.008047867513611615,0.014730792498487593,0.0040551372890556174,0.005810934829335569
SimGCL|musical-instruments|SimGCL-main|seed42,SimGCL,musical-instruments,SimGCL-main,42,overall,,,0.15148833320015262,0.18048894574751015,0.1257370331699791,0.13377781482651538
SimGCL|musical-instruments|SimGCL-main|seed42,SimGCL,musical-instruments,SimGCL-main,42,warm,19545,3040,0.2000958873138462,0.23729161503912088,0.1644866583984644,0.17464794939692338
SimGCL|musical-instruments|SimGCL-main|seed0,SimGCL,musical-instruments,SimGCL-main,0,near_cold,4728,2942,0.0031197123519458546,0.007949097574732092,0.0015795379365457593,0.002844132996937058
SimGCL|musical-instruments|SimGCL-main|seed0,SimGCL,musical-instruments,SimGCL-main,0,long_tail,8816,5316,0.007329476709013915,0.014220356926799755,0.003680123884483481,0.0055157676913645155
SimGCL|musical-instruments|SimGCL-main|seed0,SimGCL,musical-instruments,SimGCL-main,0,overall,,,0.15095527187771618,0.18114042452519444,0.12502046861145105,0.13335722074295311
SimGCL|musical-instruments|SimGCL-main|seed0,SimGCL,musical-instruments,SimGCL-main,0,warm,19545,3040,0.19993783212893013,0.2385537054685177,0.1636350187117408,0.17413756351564824
SimGCL|musical-instruments|SimGCL-main|seed1,SimGCL,musical-instruments,SimGCL-main,1,near_cold,4728,2942,0.004670755781161873,0.009182882120699381,0.0023484828209813092,0.0034681331837605883
SimGCL|musical-instruments|SimGCL-main|seed1,SimGCL,musical-instruments,SimGCL-main,1,long_tail,8816,5316,0.008558303085299456,0.015742211131276464,0.004050629965787207,0.005899279714429386
SimGCL|musical-instruments|SimGCL-main|seed1,SimGCL,musical-instruments,SimGCL-main,1,overall,,,0.15192852637004536,0.18153306781034867,0.12533854859313567,0.13350286442829024
SimGCL|musical-instruments|SimGCL-main|seed1,SimGCL,musical-instruments,SimGCL-main,1,warm,19545,3040,0.199940960707209,0.2376863302292474,0.1636921767787376,0.1739598953396365
SimGCL|arts-crafts-and-sewing|SimGCL-main|seed42,SimGCL,arts-crafts-and-sewing,SimGCL-main,42,near_cold,9765,6233,0.004557091653865848,0.011076975593104624,0.0023700170749690716,0.004032798731156233
SimGCL|arts-crafts-and-sewing|SimGCL-main|seed42,SimGCL,arts-crafts-and-sewing,SimGCL-main,42,long_tail,17815,11261,0.011243957963014937,0.02048109093015071,0.0055034979183335485,0.007906247027178084
SimGCL|arts-crafts-and-sewing|SimGCL-main|seed42,SimGCL,arts-crafts-and-sewing,SimGCL-main,42,overall,,,0.14052560685750384,0.17575558730290902,0.10597991984521979,0.11581517988871184
SimGCL|arts-crafts-and-sewing|SimGCL-main|seed42,SimGCL,arts-crafts-and-sewing,SimGCL-main,42,warm,35000,6516,0.1905190004965533,0.23630536129946797,0.1419153769593671,0.15450471317362505
SimGCL|arts-crafts-and-sewing|SimGCL-main|seed0,SimGCL,arts-crafts-and-sewing,SimGCL-main,0,near_cold,9765,6233,0.004352278545826933,0.00955794504181601,0.002103100025614404,0.003417175540597218
SimGCL|arts-crafts-and-sewing|SimGCL-main|seed0,SimGCL,arts-crafts-and-sewing,SimGCL-main,0,long_tail,17815,11261,0.010088475468772971,0.019512805777189723,0.004950488415753383,0.007414292863916223
SimGCL|arts-crafts-and-sewing|SimGCL-main|seed0,SimGCL,arts-crafts-and-sewing,SimGCL-main,0,overall,,,0.13874632294846667,0.1739398810915386,0.10546508010580455,0.11528980872465629
SimGCL|arts-crafts-and-sewing|SimGCL-main|seed0,SimGCL,arts-crafts-and-sewing,SimGCL-main,0,warm,35000,6516,0.1887826327361014,0.2344770634135854,0.14154826651523697,0.15411268329074157
SimGCL|arts-crafts-and-sewing|SimGCL-main|seed1,SimGCL,arts-crafts-and-sewing,SimGCL-main,1,near_cold,9765,6233,0.005052056664959891,0.011324458098651647,0.002480174108287625,0.004082199669256295
SimGCL|arts-crafts-and-sewing|SimGCL-main|seed1,SimGCL,arts-crafts-and-sewing,SimGCL-main,1,long_tail,17815,11261,0.01073689462687498,0.02029765802850282,0.005177845229852211,0.007668815799070215
SimGCL|arts-crafts-and-sewing|SimGCL-main|seed1,SimGCL,arts-crafts-and-sewing,SimGCL-main,1,overall,,,0.13894651347109555,0.1752200031384385,0.1059079965538738,0.11604610730270594
SimGCL|arts-crafts-and-sewing|SimGCL-main|seed1,SimGCL,arts-crafts-and-sewing,SimGCL-main,1,warm,35000,6516,0.18866353034517547,0.2360871535193863,0.14194612491782188,0.15497835759271894
TaxPro-CL|amazon-book|V0|seed42,TaxPro-CL,amazon-book,V0,42,near_cold,13238,2363,0.0008120562018431787,0.0034937301707206525,0.0002763862561113203,0.0009647334956388863
TaxPro-CL|amazon-book|V0|seed42,TaxPro-CL,amazon-book,V0,42,long_tail,36609,24260,0.0024443762295110333,0.005881809451068711,0.0013597787214258336,0.002472071093780129
TaxPro-CL|amazon-book|V0|seed42,TaxPro-CL,amazon-book,V0,42,overall,,,0.026676480912413557,0.045625553329458404,0.028240356326996698,0.03568702861088261
TaxPro-CL|amazon-book|V0|seed42,TaxPro-CL,amazon-book,V0,42,warm,52123,55186,0.0346440300149933,0.05846682848917373,0.03160891296094518,0.04076960785505676
TaxPro-CL|amazon-book|V0|seed0,TaxPro-CL,amazon-book,V0,0,near_cold,13238,2363,0.0009064813415923856,0.0038588407110842528,0.0002883550708396938,0.001055072591197873
TaxPro-CL|amazon-book|V0|seed0,TaxPro-CL,amazon-book,V0,0,long_tail,36609,24260,0.002465377732655072,0.0058447187798803,0.001340276333490956,0.0024427344832011837
TaxPro-CL|amazon-book|V0|seed0,TaxPro-CL,amazon-book,V0,0,overall,,,0.026825501594863195,0.045584157544759724,0.02825177391034484,0.03559351516493847
TaxPro-CL|amazon-book|V0|seed0,TaxPro-CL,amazon-book,V0,0,warm,52123,55186,0.03491797433672589,0.05840484806817515,0.03164741255317593,0.04067725784379677
TaxPro-CL|amazon-book|V0|seed1,TaxPro-CL,amazon-book,V0,1,near_cold,13238,2363,0.0006609759782444479,0.003758120562018432,0.00024051329390902543,0.001049119823098226
TaxPro-CL|amazon-book|V0|seed1,TaxPro-CL,amazon-book,V0,1,long_tail,36609,24260,0.002387684656389074,0.005662773570848905,0.0013536084759666472,0.0024101964788240827
TaxPro-CL|amazon-book|V0|seed1,TaxPro-CL,amazon-book,V0,1,overall,,,0.026733651294238454,0.0456250136847948,0.028367825189066605,0.03576911706522527
TaxPro-CL|amazon-book|V0|seed1,TaxPro-CL,amazon-book,V0,1,warm,52123,55186,0.03483179849268017,0.058606668807633135,0.03177947834984787,0.04092413670418445
TaxPro-CL|amazon-book|V1|seed42,TaxPro-CL,amazon-book,V1,42,near_cold,13238,2363,0.0008120562018431787,0.0034937301707206525,0.0002763862561113203,0.0009655598993562114
TaxPro-CL|amazon-book|V1|seed42,TaxPro-CL,amazon-book,V1,42,long_tail,36609,24260,0.0024682311895772007,0.005880801372128977,0.001373841502679664,0.0024737181865180664
TaxPro-CL|amazon-book|V1|seed42,TaxPro-CL,amazon-book,V1,42,overall,,,0.026687243170284862,0.04567257702919123,0.02825668212814689,0.035719549465553835
TaxPro-CL|amazon-book|V1|seed42,TaxPro-CL,amazon-book,V1,42,warm,52123,55186,0.034633930786191765,0.05853505354155587,0.03161222852219264,0.04080596341172622
TaxPro-CL|amazon-book|V1|seed0,TaxPro-CL,amazon-book,V1,0,near_cold,13238,2363,0.000982021453391751,0.0035189102079871077,0.0003066604498642284,0.0009697220414463604
TaxPro-CL|amazon-book|V1|seed0,TaxPro-CL,amazon-book,V1,0,long_tail,36609,24260,0.0024814872393336706,0.005739145473691958,0.0013393130603219473,0.002407442056115958
TaxPro-CL|amazon-book|V1|seed0,TaxPro-CL,amazon-book,V1,0,overall,,,0.02670610388335232,0.04526445101110745,0.028076863693052734,0.035332788844407076
TaxPro-CL|amazon-book|V1|seed0,TaxPro-CL,amazon-book,V1,0,warm,52123,55186,0.03472734848165012,0.05798392053296785,0.031444255519559566,0.040374472605946524
TaxPro-CL|amazon-book|V1|seed1,TaxPro-CL,amazon-book,V1,1,near_cold,13238,2363,0.0006609759782444479,0.0036825804502190664,0.00024449828008661466,0.0010365225825468615
TaxPro-CL|amazon-book|V1|seed1,TaxPro-CL,amazon-book,V1,1,long_tail,36609,24260,0.002391432235452998,0.0057862826510371,0.0013555988886103114,0.002446793851058167
TaxPro-CL|amazon-book|V1|seed1,TaxPro-CL,amazon-book,V1,1,overall,,,0.02677223998945559,0.04565762873900767,0.028397458021200396,0.03578901520956078
TaxPro-CL|amazon-book|V1|seed1,TaxPro-CL,amazon-book,V1,1,warm,52123,55186,0.03485171623799428,0.05864455979427188,0.03181109190912193,0.040945036589237135
TaxPro-CL|amazon-book|V2|seed42,TaxPro-CL,amazon-book,V2,42,near_cold,13238,2363,0.0008120562018431787,0.0034937301707206525,0.0002763862561113203,0.0009650135956889548
TaxPro-CL|amazon-book|V2|seed42,TaxPro-CL,amazon-book,V2,42,long_tail,36609,24260,0.0024443762295110333,0.005881809451068711,0.0013595496715603727,0.0024720420058470852
TaxPro-CL|amazon-book|V2|seed42,TaxPro-CL,amazon-book,V2,42,overall,,,0.02668425713261122,0.04563697892476157,0.028245839092759007,0.03569554531373531
TaxPro-CL|amazon-book|V2|seed42,TaxPro-CL,amazon-book,V2,42,warm,52123,55186,0.03465182181660625,0.05848005074447986,0.031615437033509296,0.04077979087437371
TaxPro-CL|amazon-book|V2|seed0,TaxPro-CL,amazon-book,V2,0,near_cold,13238,2363,0.0009064813415923856,0.0038588407110842528,0.0002883550708396938,0.001055072591197873
TaxPro-CL|amazon-book|V2|seed0,TaxPro-CL,amazon-book,V2,0,long_tail,36609,24260,0.002465377732655072,0.0058447187798803,0.0013409019393099328,0.002443209021392252
TaxPro-CL|amazon-book|V2|seed0,TaxPro-CL,amazon-book,V2,0,overall,,,0.02682425772263013,0.04558886164338658,0.028252741855239953,0.035595668878381295
TaxPro-CL|amazon-book|V2|seed0,TaxPro-CL,amazon-book,V2,0,warm,52123,55186,0.03491599196371729,0.05840840404126472,0.03164754187743659,0.040678486873412883
TaxPro-CL|amazon-book|V2|seed1,TaxPro-CL,amazon-book,V2,1,near_cold,13238,2363,0.0006609759782444479,0.003758120562018432,0.00024051329390902543,0.001049119823098226
TaxPro-CL|amazon-book|V2|seed1,TaxPro-CL,amazon-book,V2,1,long_tail,36609,24260,0.002391099117313983,0.005662773570848905,0.0013556057126692044,0.002410417921251143
TaxPro-CL|amazon-book|V2|seed1,TaxPro-CL,amazon-book,V2,1,overall,,,0.026735246018877227,0.04563952722453219,0.028367746169904198,0.035771860209817
TaxPro-CL|amazon-book|V2|seed1,TaxPro-CL,amazon-book,V2,1,warm,52123,55186,0.03483475243343508,0.05863298164274607,0.031777144404826464,0.040927167986009996
TaxPro-CL|amazon-book|V3|seed42,TaxPro-CL,amazon-book,V3,42,near_cold,13238,2363,0.0008120562018431787,0.0034937301707206525,0.0002763862561113203,0.0009655598993562114
TaxPro-CL|amazon-book|V3|seed42,TaxPro-CL,amazon-book,V3,42,long_tail,36609,24260,0.0024682311895772007,0.005892638170001995,0.0013731992629901315,0.0024756918487474563
TaxPro-CL|amazon-book|V3|seed42,TaxPro-CL,amazon-book,V3,42,overall,,,0.026682177217917484,0.045681961544170244,0.028253210380011152,0.03572337104993104
TaxPro-CL|amazon-book|V3|seed42,TaxPro-CL,amazon-book,V3,42,warm,52123,55186,0.03462726919299448,0.05854788005921629,0.03160902874028537,0.04081116552462557
TaxPro-CL|amazon-book|V3|seed0,TaxPro-CL,amazon-book,V3,0,near_cold,13238,2363,0.000982021453391751,0.0035189102079871077,0.0003066604498642284,0.0009697220414463604
TaxPro-CL|amazon-book|V3|seed0,TaxPro-CL,amazon-book,V3,0,long_tail,36609,24260,0.0024814872393336706,0.00574825070282505,0.0013393130603219473,0.00241036048612666
TaxPro-CL|amazon-book|V3|seed0,TaxPro-CL,amazon-book,V3,0,overall,,,0.026698932714352468,0.045267159001518585,0.028071591668493507,0.03533302517779711
TaxPro-CL|amazon-book|V3|seed0,TaxPro-CL,amazon-book,V3,0,warm,52123,55186,0.03471745222504145,0.05798482931452403,0.03143799602047015,0.04037357815443069
TaxPro-CL|amazon-book|V3|seed1,TaxPro-CL,amazon-book,V3,1,near_cold,13238,2363,0.0006609759782444479,0.0036825804502190664,0.00024449828008661466,0.0010365225825468615
TaxPro-CL|amazon-book|V3|seed1,TaxPro-CL,amazon-book,V3,1,long_tail,36609,24260,0.002391432235452998,0.0057862826510371,0.0013563328723247886,0.0024475278347726435
TaxPro-CL|amazon-book|V3|seed1,TaxPro-CL,amazon-book,V3,1,overall,,,0.026772899618670094,0.04566543454222004,0.028398254724588214,0.03579177102057298
TaxPro-CL|amazon-book|V3|seed1,TaxPro-CL,amazon-book,V3,1,warm,52123,55186,0.03485188753610507,0.05866499569881845,0.031811176838262185,0.04094939297847274
TaxPro-CL|yelp2018|V0|seed42,TaxPro-CL,yelp2018,V0,42,near_cold,5217,976,0.0,0.00019168104274487253,0.0,4.596750365499932e-05
TaxPro-CL|yelp2018|V0|seed42,TaxPro-CL,yelp2018,V0,42,long_tail,18907,9911,0.000594225102110448,0.0023202452234338962,0.000288724480407945,0.0008204246276068331
TaxPro-CL|yelp2018|V0|seed42,TaxPro-CL,yelp2018,V0,42,overall,,,0.03974943491109449,0.06737319809178764,0.04564968207434881,0.05568077404367614
TaxPro-CL|yelp2018|V0|seed42,TaxPro-CL,yelp2018,V0,42,warm,31661,25495,0.04641423289212536,0.0786202013528759,0.04844548939173556,0.06039210741832551
TaxPro-CL|yelp2018|V0|seed0,TaxPro-CL,yelp2018,V0,0,near_cold,5217,976,0.0,0.0,0.0,0.0
TaxPro-CL|yelp2018|V0|seed0,TaxPro-CL,yelp2018,V0,0,long_tail,18907,9911,0.00047085105793520665,0.0022727158245749238,0.0002488696937792609,0.000800935190215447
TaxPro-CL|yelp2018|V0|seed0,TaxPro-CL,yelp2018,V0,0,overall,,,0.0399822937522517,0.06794651117739786,0.04600333846025908,0.056037577664078034
TaxPro-CL|yelp2018|V0|seed0,TaxPro-CL,yelp2018,V0,0,warm,31661,25495,0.046805246963726246,0.07938965134484942,0.04884697387814658,0.06081862287714767
TaxPro-CL|yelp2018|V0|seed1,TaxPro-CL,yelp2018,V0,1,near_cold,5217,976,0.0,0.00019168104274487253,0.0,4.435081716690802e-05
TaxPro-CL|yelp2018|V0|seed1,TaxPro-CL,yelp2018,V0,1,long_tail,18907,9911,0.0005205932798887789,0.002147469708192627,0.00025664519635623504,0.0007553151477097063
TaxPro-CL|yelp2018|V0|seed1,TaxPro-CL,yelp2018,V0,1,overall,,,0.03965448531239812,0.06797189223460036,0.045798426271479405,0.05597644398827549
TaxPro-CL|yelp2018|V0|seed1,TaxPro-CL,yelp2018,V0,1,warm,31661,25495,0.046368623088367124,0.07939275189574098,0.04863801714577135,0.06078086511799772
TaxPro-CL|yelp2018|V1|seed42,TaxPro-CL,yelp2018,V1,42,near_cold,5217,976,0.0,0.00019168104274487253,0.0,4.596750365499932e-05
TaxPro-CL|yelp2018|V1|seed42,TaxPro-CL,yelp2018,V1,42,long_tail,18907,9911,0.0005470385118134629,0.0023308233162037703,0.0002678096433933887,0.0008190911840176985
TaxPro-CL|yelp2018|V1|seed42,TaxPro-CL,yelp2018,V1,42,overall,,,0.03988138633533188,0.0674985373238715,0.04579152586096714,0.05579820420839015
TaxPro-CL|yelp2018|V1|seed42,TaxPro-CL,yelp2018,V1,42,warm,31661,25495,0.046597011242546095,0.0787714042307511,0.04862343298298948,0.060539384726243775
TaxPro-CL|yelp2018|V1|seed0,TaxPro-CL,yelp2018,V1,0,near_cold,5217,976,0.0,0.0,0.0,0.0
TaxPro-CL|yelp2018|V1|seed0,TaxPro-CL,yelp2018,V1,0,long_tail,18907,9911,0.0004840736738975486,0.0022070434986286255,0.0002505911592949947,0.0007826995348688444
TaxPro-CL|yelp2018|V1|seed0,TaxPro-CL,yelp2018,V1,0,overall,,,0.04000877728183274,0.06798986084835063,0.04593698337213967,0.05602531528683688
TaxPro-CL|yelp2018|V1|seed0,TaxPro-CL,yelp2018,V1,0,warm,31661,25495,0.04682942585845758,0.07945055016488767,0.04878085374235188,0.06080921010135655
TaxPro-CL|yelp2018|V1|seed1,TaxPro-CL,yelp2018,V1,1,near_cold,5217,976,0.0,0.00019168104274487253,0.0,4.435081716690802e-05
TaxPro-CL|yelp2018|V1|seed1,TaxPro-CL,yelp2018,V1,1,long_tail,18907,9911,0.0005281490604386887,0.002105157337113133,0.0002615646321059998,0.0007464795075028665
TaxPro-CL|yelp2018|V1|seed1,TaxPro-CL,yelp2018,V1,1,overall,,,0.039719156687415394,0.06794056075689366,0.04583879907123269,0.055966098313335697
TaxPro-CL|yelp2018|V1|seed1,TaxPro-CL,yelp2018,V1,1,warm,31661,25495,0.04645666633655343,0.07937521064863795,0.04868167311543846,0.060773908066870407
TaxPro-CL|yelp2018|V2|seed42,TaxPro-CL,yelp2018,V2,42,near_cold,5217,976,0.0,0.00019168104274487253,0.0,4.596750365499932e-05
TaxPro-CL|yelp2018|V2|seed42,TaxPro-CL,yelp2018,V2,42,long_tail,18907,9911,0.000594225102110448,0.0023202452234338962,0.000288724480407945,0.0008200192720056827
TaxPro-CL|yelp2018|V2|seed42,TaxPro-CL,yelp2018,V2,42,overall,,,0.03975467278579051,0.06738067494892346,0.04564904311523002,0.05567791739085881
TaxPro-CL|yelp2018|V2|seed42,TaxPro-CL,yelp2018,V2,42,warm,31661,25495,0.04641835484392093,0.07863250861254178,0.04844448114218243,0.060390495847407286
TaxPro-CL|yelp2018|V2|seed0,TaxPro-CL,yelp2018,V2,0,near_cold,5217,976,0.0,0.0,0.0,0.0
TaxPro-CL|yelp2018|V2|seed0,TaxPro-CL,yelp2018,V2,0,long_tail,18907,9911,0.0004267756713940667,0.002063357738504509,0.00022739542356718567,0.0007322717348217915
TaxPro-CL|yelp2018|V2|seed0,TaxPro-CL,yelp2018,V2,0,overall,,,0.039954623310667785,0.06812159301563382,0.04595988126638215,0.05613898375921344
TaxPro-CL|yelp2018|V2|seed0,TaxPro-CL,yelp2018,V2,0,warm,31661,25495,0.04684815090846049,0.07965408203349533,0.04883318295004125,0.060958594154062046
TaxPro-CL|yelp2018|V2|seed1,TaxPro-CL,yelp2018,V2,1,near_cold,5217,976,0.0,0.00019168104274487253,0.0,4.435081716690802e-05
TaxPro-CL|yelp2018|V2|seed1,TaxPro-CL,yelp2018,V2,1,long_tail,18907,9911,0.0005205932798887789,0.002147469708192627,0.00025664519635623504,0.0007553151477097063
TaxPro-CL|yelp2018|V2|seed1,TaxPro-CL,yelp2018,V2,1,overall,,,0.039651972042056165,0.06797836325400239,0.04579656036092103,0.055978213242384146
TaxPro-CL|yelp2018|V2|seed1,TaxPro-CL,yelp2018,V2,1,warm,31661,25495,0.04636207348002378,0.07940890284837528,0.048634713781588026,0.060784314477380044
TaxPro-CL|yelp2018|V3|seed42,TaxPro-CL,yelp2018,V3,42,near_cold,5217,976,0.0,0.00019168104274487253,0.0,4.596750365499932e-05
TaxPro-CL|yelp2018|V3|seed42,TaxPro-CL,yelp2018,V3,42,long_tail,18907,9911,0.0005470385118134629,0.0023308233162037703,0.0002678096433933887,0.000818704581803343
TaxPro-CL|yelp2018|V3|seed42,TaxPro-CL,yelp2018,V3,42,overall,,,0.03987791068692494,0.06748662186988863,0.0457915576262605,0.05579082508317523
TaxPro-CL|yelp2018|V3|seed42,TaxPro-CL,yelp2018,V3,42,warm,31661,25495,0.04658586263099005,0.07875612791103084,0.04862101719926862,0.060531004418915284
TaxPro-CL|yelp2018|V3|seed0,TaxPro-CL,yelp2018,V3,0,near_cold,5217,976,0.0,0.0,0.0,0.0
TaxPro-CL|yelp2018|V3|seed0,TaxPro-CL,yelp2018,V3,0,long_tail,18907,9911,0.0004840736738975486,0.0022070434986286255,0.0002505911592949947,0.0007828302490232173
TaxPro-CL|yelp2018|V3|seed0,TaxPro-CL,yelp2018,V3,0,overall,,,0.0400091048992606,0.06798048634305066,0.04594005829186783,0.05602266807530531
TaxPro-CL|yelp2018|V3|seed0,TaxPro-CL,yelp2018,V3,0,warm,31661,25495,0.046816753600597505,0.07944181825373638,0.04878063145359167,0.06080668461293633
TaxPro-CL|yelp2018|V3|seed1,TaxPro-CL,yelp2018,V3,1,near_cold,5217,976,0.0,0.00019168104274487253,0.0,4.435081716690802e-05
TaxPro-CL|yelp2018|V3|seed1,TaxPro-CL,yelp2018,V3,1,long_tail,18907,9911,0.0005281490604386887,0.002105157337113133,0.0002615646321059998,0.0007462833915424917
TaxPro-CL|yelp2018|V3|seed1,TaxPro-CL,yelp2018,V3,1,overall,,,0.0397211433363327,0.06794256583782159,0.04582876660820084,0.05596230439979303
TaxPro-CL|yelp2018|V3|seed1,TaxPro-CL,yelp2018,V3,1,warm,31661,25495,0.04645395566847163,0.07937749781355316,0.04867065231125527,0.06077025833403099
TaxPro-CL|musical-instruments|V0|seed42,TaxPro-CL,musical-instruments,V0,42,near_cold,4728,2942,0.0043006204173716865,0.008001974055273546,0.0020282749850070287,0.002982722941581081
TaxPro-CL|musical-instruments|V0|seed42,TaxPro-CL,musical-instruments,V0,42,long_tail,8816,5316,0.009742837697692507,0.01692107423731743,0.00467102535799054,0.006555173067196733
TaxPro-CL|musical-instruments|V0|seed42,TaxPro-CL,musical-instruments,V0,42,overall,,,0.14560475509732862,0.17571895870729942,0.11967326686590861,0.12798593872015246
TaxPro-CL|musical-instruments|V0|seed42,TaxPro-CL,musical-instruments,V0,42,warm,19545,3040,0.19137513268627754,0.2295429002247277,0.15583371136970736,0.16624792650897938
TaxPro-CL|musical-instruments|V0|seed0,TaxPro-CL,musical-instruments,V0,0,near_cold,4728,2942,0.004864636209813875,0.008160603496897912,0.0024850600814258056,0.00334178013099537
TaxPro-CL|musical-instruments|V0|seed0,TaxPro-CL,musical-instruments,V0,0,long_tail,8816,5316,0.009374189784806844,0.016769834067928445,0.00481800353786848,0.006752345579589885
TaxPro-CL|musical-instruments|V0|seed0,TaxPro-CL,musical-instruments,V0,0,overall,,,0.1477597629575085,0.17678417228504578,0.12118615309036035,0.1292294360404547
TaxPro-CL|musical-instruments|V0|seed0,TaxPro-CL,musical-instruments,V0,0,warm,19545,3040,0.1941771494188999,0.23099501178165835,0.1577431233606349,0.16780158959997954
TaxPro-CL|musical-instruments|V0|seed1,TaxPro-CL,musical-instruments,V0,1,near_cold,4728,2942,0.0039304850535815,0.008372109419063732,0.002102067218762566,0.00323219985311133
TaxPro-CL|musical-instruments|V0|seed1,TaxPro-CL,musical-instruments,V0,1,long_tail,8816,5316,0.008647156684815485,0.015888860081237573,0.004535285430538516,0.006445033313837131
TaxPro-CL|musical-instruments|V0|seed1,TaxPro-CL,musical-instruments,V0,1,overall,,,0.14798444788896592,0.17763262009389358,0.12110288245549927,0.12931595503152662
TaxPro-CL|musical-instruments|V0|seed1,TaxPro-CL,musical-instruments,V0,1,warm,19545,3040,0.19456258095047196,0.23228469771205162,0.1576130191209239,0.16790616840359568
TaxPro-CL|musical-instruments|V1|seed42,TaxPro-CL,musical-instruments,V1,42,near_cold,4728,2942,0.0043006204173716865,0.007684715172024815,0.0020388866166096,0.0029158045690513947
TaxPro-CL|musical-instruments|V1|seed42,TaxPro-CL,musical-instruments,V1,42,long_tail,8816,5316,0.009742837697692507,0.016660184945121427,0.004730822954891003,0.006557495934701657
TaxPro-CL|musical-instruments|V1|seed42,TaxPro-CL,musical-instruments,V1,42,overall,,,0.1451452351311501,0.1752913123786719,0.11944923284930994,0.12777254047341247
TaxPro-CL|musical-instruments|V1|seed42,TaxPro-CL,musical-instruments,V1,42,warm,19545,3040,0.1905569353638592,0.22903893501623454,0.15546306253728756,0.16594973628939638
TaxPro-CL|musical-instruments|V1|seed0,TaxPro-CL,musical-instruments,V1,0,near_cold,4728,2942,0.005076142131979695,0.008583615341229553,0.0025456766454152804,0.003440918990509185
TaxPro-CL|musical-instruments|V1|seed0,TaxPro-CL,musical-instruments,V1,0,long_tail,8816,5316,0.0096577651024112,0.017138481980814104,0.004887328219148088,0.006820487937233255
TaxPro-CL|musical-instruments|V1|seed0,TaxPro-CL,musical-instruments,V1,0,overall,,,0.147526776165805,0.1760550955914285,0.12102384256962476,0.12892534725466437
TaxPro-CL|musical-instruments|V1|seed0,TaxPro-CL,musical-instruments,V1,0,warm,19545,3040,0.19373165733104405,0.22984217766259243,0.15748610015288766,0.16735671745528366
TaxPro-CL|musical-instruments|V1|seed1,TaxPro-CL,musical-instruments,V1,1,near_cold,4728,2942,0.0039304850535815,0.008583615341229553,0.0021043844763706907,0.0032812208151873877
TaxPro-CL|musical-instruments|V1|seed1,TaxPro-CL,musical-instruments,V1,1,long_tail,8816,5316,0.008987447065940712,0.016059005271800188,0.004613995670840245,0.006463108570824897
TaxPro-CL|musical-instruments|V1|seed1,TaxPro-CL,musical-instruments,V1,1,overall,,,0.14762410224411662,0.17745225741637946,0.12083561696745074,0.12906630122432067
TaxPro-CL|musical-instruments|V1|seed1,TaxPro-CL,musical-instruments,V1,1,warm,19545,3040,0.19391279839738929,0.23185163116233126,0.15722673308704976,0.16754824919351424
TaxPro-CL|musical-instruments|V2|seed42,TaxPro-CL,musical-instruments,V2,42,near_cold,4728,2942,0.0045121263395375075,0.007684715172024815,0.002094230735078576,0.0029169829938030774
TaxPro-CL|musical-instruments|V2|seed42,TaxPro-CL,musical-instruments,V2,42,long_tail,8816,5316,0.009572692507129893,0.01641063866562959,0.004643163127376997,0.006455651235914331
TaxPro-CL|musical-instruments|V2|seed42,TaxPro-CL,musical-instruments,V2,42,overall,,,0.14561995378080816,0.17587854350464383,0.11982455614026234,0.12815683294006314
TaxPro-CL|musical-instruments|V2|seed42,TaxPro-CL,musical-instruments,V2,42,warm,19545,3040,0.191518026374835,0.23001040094549016,0.15603952772223767,0.16650439541725465
TaxPro-CL|musical-instruments|V2|seed0,TaxPro-CL,musical-instruments,V2,0,near_cold,4728,2942,0.004864636209813875,0.009006627185561195,0.0024171930134760885,0.0034602302602721683
TaxPro-CL|musical-instruments|V2|seed0,TaxPro-CL,musical-instruments,V2,0,long_tail,8816,5316,0.00935528476363322,0.01685490666320975,0.004783474021474594,0.00673058075065084
TaxPro-CL|musical-instruments|V2|seed0,TaxPro-CL,musical-instruments,V2,0,overall,,,0.14771265140615966,0.1769491318658649,0.12128001845467948,0.12937048961536254
TaxPro-CL|musical-instruments|V2|seed0,TaxPro-CL,musical-instruments,V2,0,warm,19545,3040,0.19397038381305526,0.2311396109362345,0.15786711647155313,0.16800858158036475
TaxPro-CL|musical-instruments|V2|seed1,TaxPro-CL,musical-instruments,V2,1,near_cold,4728,2942,0.004089114495205866,0.007949097574732092,0.002079638292330037,0.00306393079761931
TaxPro-CL|musical-instruments|V2|seed1,TaxPro-CL,musical-instruments,V2,1,long_tail,8816,5316,0.008964761040532364,0.015841597528303518,0.004613763949953402,0.006400005385490297
TaxPro-CL|musical-instruments|V2|seed1,TaxPro-CL,musical-instruments,V2,1,overall,,,0.14818381276543663,0.1776214543752521,0.12099121654829884,0.12913392136693114
TaxPro-CL|musical-instruments|V2|seed1,TaxPro-CL,musical-instruments,V2,1,warm,19545,3040,0.19460268155081809,0.2323994000012904,0.15740989003671899,0.16769809574955738
TaxPro-CL|musical-instruments|V3|seed42,TaxPro-CL,musical-instruments,V3,42,near_cold,4728,2942,0.0040891144952058655,0.008319232938522278,0.0019852669671344336,0.0030741288605772776
TaxPro-CL|musical-instruments|V3|seed42,TaxPro-CL,musical-instruments,V3,42,long_tail,8816,5316,0.009799552761213378,0.016637498919713074,0.004719487819412802,0.006524218408900416
TaxPro-CL|musical-instruments|V3|seed42,TaxPro-CL,musical-instruments,V3,42,overall,,,0.1449346022578356,0.1751618497997063,0.1194592487746295,0.12778576491578025
TaxPro-CL|musical-instruments|V3|seed42,TaxPro-CL,musical-instruments,V3,42,warm,19545,3040,0.19034086593827326,0.2287950533755762,0.15546262616282386,0.16592458944652783
TaxPro-CL|musical-instruments|V3|seed0,TaxPro-CL,musical-instruments,V3,0,near_cold,4728,2942,0.004864636209813875,0.008372109419063732,0.0024396718717488775,0.0033465786213828586
TaxPro-CL|musical-instruments|V3|seed0,TaxPro-CL,musical-instruments,V3,0,long_tail,8816,5316,0.009487619911848587,0.016826549131449313,0.004841194162375122,0.006752439658219714
TaxPro-CL|musical-instruments|V3|seed0,TaxPro-CL,musical-instruments,V3,0,overall,,,0.1472601019473021,0.17552406659591197,0.12073358994570223,0.1285603573734736
TaxPro-CL|musical-instruments|V3|seed0,TaxPro-CL,musical-instruments,V3,0,warm,19545,3040,0.19342542651061528,0.22925825858289442,0.15714203792449916,0.1669224800465358
TaxPro-CL|musical-instruments|V3|seed1,TaxPro-CL,musical-instruments,V3,1,near_cold,4728,2942,0.0039304850535815,0.008689368302312464,0.002075377160490132,0.003295274263636433
TaxPro-CL|musical-instruments|V3|seed1,TaxPro-CL,musical-instruments,V3,1,long_tail,8816,5316,0.009157592256503326,0.016096815314147434,0.004665225633768654,0.006496121688824836
TaxPro-CL|musical-instruments|V3|seed1,TaxPro-CL,musical-instruments,V3,1,overall,,,0.14739751148105493,0.17748121129331948,0.12070798322199604,0.12901094314562656
TaxPro-CL|musical-instruments|V3|seed1,TaxPro-CL,musical-instruments,V3,1,warm,19545,3040,0.19345094508058588,0.23211409147851383,0.15699792691607653,0.1674820963705467
TaxPro-CL|arts-crafts-and-sewing|V0|seed42,TaxPro-CL,arts-crafts-and-sewing,V0,42,near_cold,9765,6233,0.005120327700972862,0.01063321385902031,0.002167368419372148,0.0035712787520928197
TaxPro-CL|arts-crafts-and-sewing|V0|seed42,TaxPro-CL,arts-crafts-and-sewing,V0,42,long_tail,17815,11261,0.012282408706770201,0.021555493186141517,0.005879940225261383,0.00829604494657487
TaxPro-CL|arts-crafts-and-sewing|V0|seed42,TaxPro-CL,arts-crafts-and-sewing,V0,42,overall,,,0.13347660283587545,0.16821352966701275,0.09878521139036978,0.10844584692891128
TaxPro-CL|arts-crafts-and-sewing|V0|seed42,TaxPro-CL,arts-crafts-and-sewing,V0,42,warm,35000,6516,0.17968525154709056,0.22474264188690882,0.13161148864931926,0.1439413902348832
TaxPro-CL|arts-crafts-and-sewing|V0|seed0,TaxPro-CL,arts-crafts-and-sewing,V0,0,near_cold,9765,6233,0.0052227342549923195,0.012083973374295955,0.0023595832054970466,0.004067173901094692
TaxPro-CL|arts-crafts-and-sewing|V0|seed0,TaxPro-CL,arts-crafts-and-sewing,V0,0,long_tail,17815,11261,0.012283656095050988,0.02278272480630044,0.00611469163585263,0.008828593526540935
TaxPro-CL|arts-crafts-and-sewing|V0|seed0,TaxPro-CL,arts-crafts-and-sewing,V0,0,overall,,,0.1345294370886858,0.16971312329861768,0.09990536731631505,0.10973086631976914
TaxPro-CL|arts-crafts-and-sewing|V0|seed0,TaxPro-CL,arts-crafts-and-sewing,V0,0,warm,35000,6516,0.18130572796376437,0.22642088751849448,0.1331616697118804,0.14557887638567565
TaxPro-CL|arts-crafts-and-sewing|V0|seed1,TaxPro-CL,arts-crafts-and-sewing,V0,1,near_cold,9765,6233,0.004608294930875576,0.011563406724697045,0.0021357022091674617,0.00390389301584291
TaxPro-CL|arts-crafts-and-sewing|V0|seed1,TaxPro-CL,arts-crafts-and-sewing,V0,1,long_tail,17815,11261,0.0117023731562042,0.022310942713693202,0.005701248324404722,0.00846264217064417
TaxPro-CL|arts-crafts-and-sewing|V0|seed1,TaxPro-CL,arts-crafts-and-sewing,V0,1,overall,,,0.1325317114433765,0.16795349029605464,0.09852052511137187,0.10838442885510106
TaxPro-CL|arts-crafts-and-sewing|V0|seed1,TaxPro-CL,arts-crafts-and-sewing,V0,1,warm,35000,6516,0.17848094554234295,0.2239306410227179,0.131207414323973,0.14366117855748725
TaxPro-CL|arts-crafts-and-sewing|V1|seed42,TaxPro-CL,arts-crafts-and-sewing,V1,42,near_cold,9765,6233,0.0052739375320020486,0.01063321385902031,0.002245786547651904,0.0036018780366915
TaxPro-CL|arts-crafts-and-sewing|V1|seed42,TaxPro-CL,arts-crafts-and-sewing,V1,42,long_tail,17815,11261,0.012310474943087912,0.021410484298500017,0.005921035815307587,0.008289768297568223
TaxPro-CL|arts-crafts-and-sewing|V1|seed42,TaxPro-CL,arts-crafts-and-sewing,V1,42,overall,,,0.13315260691138553,0.16778059582098842,0.09864274855629213,0.1082737818681459
TaxPro-CL|arts-crafts-and-sewing|V1|seed42,TaxPro-CL,arts-crafts-and-sewing,V1,42,warm,35000,6516,0.17916972773756676,0.22420987544699955,0.13136974688882067,0.1436922031760882
TaxPro-CL|arts-crafts-and-sewing|V1|seed0,TaxPro-CL,arts-crafts-and-sewing,V1,0,near_cold,9765,6233,0.005120327700972862,0.011981566820276499,0.002328755760984606,0.004040109675797748
TaxPro-CL|arts-crafts-and-sewing|V1|seed0,TaxPro-CL,arts-crafts-and-sewing,V1,0,long_tail,17815,11261,0.012255589858733278,0.022604971976288277,0.006077804677850176,0.008759752449795974
TaxPro-CL|arts-crafts-and-sewing|V1|seed0,TaxPro-CL,arts-crafts-and-sewing,V1,0,overall,,,0.13428990317694267,0.1694768489105438,0.09973473749994236,0.10954899227538231
TaxPro-CL|arts-crafts-and-sewing|V1|seed0,TaxPro-CL,arts-crafts-and-sewing,V1,0,warm,35000,6516,0.18095600007260798,0.22613925950365216,0.13294281962591403,0.1453608222222137
TaxPro-CL|arts-crafts-and-sewing|V1|seed1,TaxPro-CL,arts-crafts-and-sewing,V1,1,near_cold,9765,6233,0.004608294930875576,0.011461000170677589,0.0021376454129907064,0.0038804203757628825
TaxPro-CL|arts-crafts-and-sewing|V1|seed1,TaxPro-CL,arts-crafts-and-sewing,V1,1,long_tail,17815,11261,0.011954969283063588,0.022170611532104652,0.005807344047562412,0.008468250096871464
TaxPro-CL|arts-crafts-and-sewing|V1|seed1,TaxPro-CL,arts-crafts-and-sewing,V1,1,overall,,,0.13215159223903697,0.1670822493443475,0.09867779650526945,0.10840725048200966
TaxPro-CL|arts-crafts-and-sewing|V1|seed1,TaxPro-CL,arts-crafts-and-sewing,V1,1,warm,35000,6516,0.17787448295730893,0.22271917173803435,0.1313849681499759,0.1436803422987924
TaxPro-CL|arts-crafts-and-sewing|V2|seed42,TaxPro-CL,arts-crafts-and-sewing,V2,42,near_cold,9765,6233,0.005120327700972862,0.010735620413039767,0.0021685937311331414,0.0035962163939740653
TaxPro-CL|arts-crafts-and-sewing|V2|seed42,TaxPro-CL,arts-crafts-and-sewing,V2,42,long_tail,17815,11261,0.012282408706770201,0.021611625658776935,0.005880671162913003,0.00830985392745331
TaxPro-CL|arts-crafts-and-sewing|V2|seed42,TaxPro-CL,arts-crafts-and-sewing,V2,42,overall,,,0.13338594189309966,0.16821463230010056,0.09875301604168928,0.1084385839587213
TaxPro-CL|arts-crafts-and-sewing|V2|seed42,TaxPro-CL,arts-crafts-and-sewing,V2,42,warm,35000,6516,0.17956450324777085,0.22470946728373423,0.1315713072238837,0.1439267191411568
TaxPro-CL|arts-crafts-and-sewing|V2|seed0,TaxPro-CL,arts-crafts-and-sewing,V2,0,near_cold,9765,6233,0.0052227342549923195,0.012083973374295955,0.0023595832054970466,0.004067928637975739
TaxPro-CL|arts-crafts-and-sewing|V2|seed0,TaxPro-CL,arts-crafts-and-sewing,V2,0,long_tail,17815,11261,0.012227523622415568,0.02278272480630044,0.0060997696782774564,0.008829398106021551
TaxPro-CL|arts-crafts-and-sewing|V2|seed0,TaxPro-CL,arts-crafts-and-sewing,V2,0,overall,,,0.1344931727115755,0.16965778161887693,0.09988001587639707,0.10970432694639722
TaxPro-CL|arts-crafts-and-sewing|V2|seed0,TaxPro-CL,arts-crafts-and-sewing,V2,0,warm,35000,6516,0.18125096605900246,0.22632945894706596,0.1331212170929778,0.14553430610715481
TaxPro-CL|arts-crafts-and-sewing|V2|seed1,TaxPro-CL,arts-crafts-and-sewing,V2,1,near_cold,9765,6233,0.004608294930875576,0.011563406724697045,0.0021357022091674617,0.0039034420631341043
TaxPro-CL|arts-crafts-and-sewing|V2|seed1,TaxPro-CL,arts-crafts-and-sewing,V2,1,long_tail,17815,11261,0.0117023731562042,0.02225481024105778,0.0056997113623016874,0.008447904355359368
TaxPro-CL|arts-crafts-and-sewing|V2|seed1,TaxPro-CL,arts-crafts-and-sewing,V2,1,overall,,,0.13255449919385795,0.1678545333519515,0.09848972014013653,0.10831832265348769
TaxPro-CL|arts-crafts-and-sewing|V2|seed1,TaxPro-CL,arts-crafts-and-sewing,V2,1,warm,35000,6516,0.17851046935186676,0.22379611721319412,0.13116787880825753,0.1435759818262195
TaxPro-CL|arts-crafts-and-sewing|V3|seed42,TaxPro-CL,arts-crafts-and-sewing,V3,42,near_cold,9765,6233,0.005120327700972862,0.01063321385902031,0.002246479289200374,0.003644097969473898
TaxPro-CL|arts-crafts-and-sewing|V3|seed42,TaxPro-CL,arts-crafts-and-sewing,V3,42,long_tail,17815,11261,0.012464839242835314,0.021672435837465302,0.0059828184912206804,0.008379979515881196
TaxPro-CL|arts-crafts-and-sewing|V3|seed42,TaxPro-CL,arts-crafts-and-sewing,V3,42,overall,,,0.1336912087931623,0.1679427090961947,0.09921117864630072,0.10873423160588783
TaxPro-CL|arts-crafts-and-sewing|V3|seed42,TaxPro-CL,arts-crafts-and-sewing,V3,42,warm,35000,6516,0.17994619095315614,0.22445099789597903,0.13215832644141037,0.14432255476647673
TaxPro-CL|arts-crafts-and-sewing|V3|seed0,TaxPro-CL,arts-crafts-and-sewing,V3,0,near_cold,9765,6233,0.005120327700972862,0.011981566820276499,0.002328755760984606,0.0040404067151341115
TaxPro-CL|arts-crafts-and-sewing|V3|seed0,TaxPro-CL,arts-crafts-and-sewing,V3,0,long_tail,17815,11261,0.012255589858733278,0.022604971976288277,0.006072754868978761,0.008754769009561528
TaxPro-CL|arts-crafts-and-sewing|V3|seed0,TaxPro-CL,arts-crafts-and-sewing,V3,0,overall,,,0.13409694238657527,0.16948844271376198,0.0996646142785091,0.10953840021726963
TaxPro-CL|arts-crafts-and-sewing|V3|seed0,TaxPro-CL,arts-crafts-and-sewing,V3,0,warm,35000,6516,0.18069552388213175,0.2262033864877791,0.13284443134788562,0.14534998334746532
TaxPro-CL|arts-crafts-and-sewing|V3|seed1,TaxPro-CL,arts-crafts-and-sewing,V3,1,near_cold,9765,6233,0.004608294930875576,0.011256187062638675,0.002133037713667066,0.003832048744114398
TaxPro-CL|arts-crafts-and-sewing|V3|seed1,TaxPro-CL,arts-crafts-and-sewing,V3,1,long_tail,17815,11261,0.0117023731562042,0.022058346586833814,0.005676360473265571,0.008381297216188197
TaxPro-CL|arts-crafts-and-sewing|V3|seed1,TaxPro-CL,arts-crafts-and-sewing,V3,1,overall,,,0.13198486828031575,0.16738080725275678,0.09820664230616509,0.10806551380507415
TaxPro-CL|arts-crafts-and-sewing|V3|seed1,TaxPro-CL,arts-crafts-and-sewing,V3,1,warm,35000,6516,0.17770478907975795,0.22323801063723037,0.13077958654198335,0.14325111941847612
TaxPro-CL|yelp2018|V0-tempuser0.15|seed42,TaxPro-CL,yelp2018,V0-tempuser0.15,42,near_cold,5217,976,0.0,0.00038336208548974505,0.0,9.20182970068745e-05
TaxPro-CL|yelp2018|V0-tempuser0.15|seed42,TaxPro-CL,yelp2018,V0-tempuser0.15,42,long_tail,18907,9911,0.0009279387430647934,0.003249685096122303,0.000435010084009265,0.0011578288883793827
TaxPro-CL|yelp2018|V0-tempuser0.15|seed42,TaxPro-CL,yelp2018,V0-tempuser0.15,42,overall,,,0.039471007043482914,0.0671203315658321,0.04542863736826591,0.055434323040645134
TaxPro-CL|yelp2018|V0-tempuser0.15|seed42,TaxPro-CL,yelp2018,V0-tempuser0.15,42,warm,31661,25495,0.04611219652624451,0.07821620330925778,0.04819735834248757,0.06007030132593485
TaxPro-CL|yelp2018|V0-tempuser0.15|seed0,TaxPro-CL,yelp2018,V0-tempuser0.15,0,near_cold,5217,976,0.0,0.0002875215641173088,0.0,7.365265784607562e-05
TaxPro-CL|yelp2018|V0-tempuser0.15|seed0,TaxPro-CL,yelp2018,V0-tempuser0.15,0,long_tail,18907,9911,0.0009138346193716285,0.003388690469961336,0.00043875873397153283,0.0011942101923015658
TaxPro-CL|yelp2018|V0-tempuser0.15|seed0,TaxPro-CL,yelp2018,V0-tempuser0.15,0,overall,,,0.03936560938904263,0.06678225512441288,0.0453540407340301,0.05523013483660559
TaxPro-CL|yelp2018|V0-tempuser0.15|seed0,TaxPro-CL,yelp2018,V0-tempuser0.15,0,warm,31661,25495,0.045911986489278266,0.07773982620795299,0.048062929101192656,0.059785362923220974
TaxPro-CL|yelp2018|V0-tempuser0.15|seed1,TaxPro-CL,yelp2018,V0-tempuser0.15,1,near_cold,5217,976,0.0,0.00038336208548974505,0.0,9.776703488507786e-05
TaxPro-CL|yelp2018|V0-tempuser0.15|seed1,TaxPro-CL,yelp2018,V0-tempuser0.15,1,long_tail,18907,9911,0.000947331913142895,0.0035027878443326826,0.0004516292099187674,0.001219739236137909
TaxPro-CL|yelp2018|V0-tempuser0.15|seed1,TaxPro-CL,yelp2018,V0-tempuser0.15,1,overall,,,0.039423581378522234,0.06722305096952695,0.0454340338434494,0.055404627972598854
TaxPro-CL|yelp2018|V0-tempuser0.15|seed1,TaxPro-CL,yelp2018,V0-tempuser0.15,1,warm,31661,25495,0.04610080976902151,0.07826541449494241,0.048229208150684544,0.06004085845218168
TaxPro-CL|yelp2018|V1-tempuser0.15|seed42,TaxPro-CL,yelp2018,V1-tempuser0.15,42,near_cold,5217,976,0.0,0.00038336208548974505,0.0,9.546836273793978e-05
TaxPro-CL|yelp2018|V1-tempuser0.15|seed42,TaxPro-CL,yelp2018,V1-tempuser0.15,42,long_tail,18907,9911,0.0009909035809807076,0.0032321941269370298,0.00044867096163474706,0.0011472207428339005
TaxPro-CL|yelp2018|V1-tempuser0.15|seed42,TaxPro-CL,yelp2018,V1-tempuser0.15,42,overall,,,0.03944220998627071,0.06697363020823668,0.045315774801183414,0.05526993555974993
TaxPro-CL|yelp2018|V1-tempuser0.15|seed42,TaxPro-CL,yelp2018,V1-tempuser0.15,42,warm,31661,25495,0.046027851425585374,0.07806192012025706,0.048063147619907806,0.05988778151360959
TaxPro-CL|yelp2018|V1-tempuser0.15|seed0,TaxPro-CL,yelp2018,V1-tempuser0.15,0,near_cold,5217,976,0.0,0.0002875215641173088,0.0,7.365265784607562e-05
TaxPro-CL|yelp2018|V1-tempuser0.15|seed0,TaxPro-CL,yelp2018,V1-tempuser0.15,0,long_tail,18907,9911,0.0008547736014065008,0.003360482222575006,0.00041726543201855445,0.0011853949977805867
TaxPro-CL|yelp2018|V1-tempuser0.15|seed0,TaxPro-CL,yelp2018,V1-tempuser0.15,0,overall,,,0.039487045156296016,0.0666158434210061,0.04548522677026944,0.05521557065562308
TaxPro-CL|yelp2018|V1-tempuser0.15|seed0,TaxPro-CL,yelp2018,V1-tempuser0.15,0,warm,31661,25495,0.04607839992481285,0.07761974227991447,0.04822422281725854,0.05979683256099257
TaxPro-CL|yelp2018|V1-tempuser0.15|seed1,TaxPro-CL,yelp2018,V1-tempuser0.15,1,near_cold,5217,976,0.0,0.00038336208548974505,0.0,9.776703488507786e-05
TaxPro-CL|yelp2018|V1-tempuser0.15|seed1,TaxPro-CL,yelp2018,V1-tempuser0.15,1,long_tail,18907,9911,0.000894441449293527,0.0034501422437418767,0.00043070185667961773,0.0012031577081039824
TaxPro-CL|yelp2018|V1-tempuser0.15|seed1,TaxPro-CL,yelp2018,V1-tempuser0.15,1,overall,,,0.03953131942997208,0.06733679998986053,0.04550402298883342,0.05547633118750078
TaxPro-CL|yelp2018|V1-tempuser0.15|seed1,TaxPro-CL,yelp2018,V1-tempuser0.15,1,warm,31661,25495,0.0462363382809285,0.07844288209814096,0.04830432846359483,0.06012793707330539
TaxPro-CL|yelp2018|V2-tempuser0.15|seed42,TaxPro-CL,yelp2018,V2-tempuser0.15,42,near_cold,5217,976,0.0,0.00038336208548974505,0.0,9.20182970068745e-05
TaxPro-CL|yelp2018|V2-tempuser0.15|seed42,TaxPro-CL,yelp2018,V2-tempuser0.15,42,long_tail,18907,9911,0.0009279387430647934,0.003302575559971671,0.000435010084009265,0.0011700132790802152
TaxPro-CL|yelp2018|V2-tempuser0.15|seed42,TaxPro-CL,yelp2018,V2-tempuser0.15,42,overall,,,0.03945594484577577,0.06709024469867896,0.045419933871979366,0.055422997610315286
TaxPro-CL|yelp2018|V2-tempuser0.15|seed42,TaxPro-CL,yelp2018,V2-tempuser0.15,42,warm,31661,25495,0.04610725217295578,0.07817920561643996,0.04819144110896322,0.060056409649458256
TaxPro-CL|yelp2018|V2-tempuser0.15|seed0,TaxPro-CL,yelp2018,V2-tempuser0.15,0,near_cold,5217,976,0.0,0.0002875215641173088,0.0,7.365265784607562e-05
TaxPro-CL|yelp2018|V2-tempuser0.15|seed0,TaxPro-CL,yelp2018,V2-tempuser0.15,0,long_tail,18907,9911,0.0009138346193716285,0.003388690469961336,0.00043875873397153283,0.0011944534201227426
TaxPro-CL|yelp2018|V2-tempuser0.15|seed0,TaxPro-CL,yelp2018,V2-tempuser0.15,0,overall,,,0.039353250237705396,0.06676759467171371,0.04535085472476538,0.05522762060306912
TaxPro-CL|yelp2018|V2-tempuser0.15|seed0,TaxPro-CL,yelp2018,V2-tempuser0.15,0,warm,31661,25495,0.04590016770029904,0.07772281734715153,0.048060464316649454,0.05978343531182665
TaxPro-CL|yelp2018|V2-tempuser0.15|seed1,TaxPro-CL,yelp2018,V2-tempuser0.15,1,near_cold,5217,976,0.0,0.00038336208548974505,0.0,9.776703488507786e-05
TaxPro-CL|yelp2018|V2-tempuser0.15|seed1,TaxPro-CL,yelp2018,V2-tempuser0.15,1,long_tail,18907,9911,0.000947331913142895,0.0035204179989491383,0.0004516292099187674,0.0012253900958333543
TaxPro-CL|yelp2018|V2-tempuser0.15|seed1,TaxPro-CL,yelp2018,V2-tempuser0.15,1,overall,,,0.03944898922574756,0.06721954746983448,0.04544439044321685,0.055402052654257045
TaxPro-CL|yelp2018|V2-tempuser0.15|seed1,TaxPro-CL,yelp2018,V2-tempuser0.15,1,warm,31661,25495,0.04612847022117899,0.07826449550243728,0.04824046364676321,0.06003880454404763
TaxPro-CL|yelp2018|V3-tempuser0.15|seed42,TaxPro-CL,yelp2018,V3-tempuser0.15,42,near_cold,5217,976,0.0,0.00038336208548974505,0.0,9.546836273793978e-05
TaxPro-CL|yelp2018|V3-tempuser0.15|seed42,TaxPro-CL,yelp2018,V3-tempuser0.15,42,long_tail,18907,9911,0.0009909035809807076,0.0032321941269370298,0.00044867096163474706,0.0011472207428339005
TaxPro-CL|yelp2018|V3-tempuser0.15|seed42,TaxPro-CL,yelp2018,V3-tempuser0.15,42,overall,,,0.03944340041233798,0.0669816128598975,0.04531409186507788,0.05527240154005694
TaxPro-CL|yelp2018|V3-tempuser0.15|seed42,TaxPro-CL,yelp2018,V3-tempuser0.15,42,warm,31661,25495,0.04602782930751859,0.07806942822478619,0.04806073148740302,0.05988994785566404
TaxPro-CL|yelp2018|V3-tempuser0.15|seed0,TaxPro-CL,yelp2018,V3-tempuser0.15,0,near_cold,5217,976,0.0,0.0002875215641173088,0.0,7.365265784607562e-05
TaxPro-CL|yelp2018|V3-tempuser0.15|seed0,TaxPro-CL,yelp2018,V3-tempuser0.15,0,long_tail,18907,9911,0.0008547736014065008,0.003360482222575006,0.00041726543201855445,0.001185041080700808
TaxPro-CL|yelp2018|V3-tempuser0.15|seed0,TaxPro-CL,yelp2018,V3-tempuser0.15,0,overall,,,0.03949028152036981,0.06662686984693536,0.045486186896049816,0.055215327145127745
TaxPro-CL|yelp2018|V3-tempuser0.15|seed0,TaxPro-CL,yelp2018,V3-tempuser0.15,0,warm,31661,25495,0.04608242190458221,0.07763550467800345,0.04822494785587275,0.0597976780177133
TaxPro-CL|yelp2018|V3-tempuser0.15|seed1,TaxPro-CL,yelp2018,V3-tempuser0.15,1,near_cold,5217,976,0.0,0.00038336208548974505,0.0,9.776703488507786e-05
TaxPro-CL|yelp2018|V3-tempuser0.15|seed1,TaxPro-CL,yelp2018,V3-tempuser0.15,1,long_tail,18907,9911,0.000894441449293527,0.0034501422437418767,0.00043070185667961773,0.001203300513746532
TaxPro-CL|yelp2018|V3-tempuser0.15|seed1,TaxPro-CL,yelp2018,V3-tempuser0.15,1,overall,,,0.03952379739471012,0.06734089936759041,0.045506373166804066,0.05548430039703853
TaxPro-CL|yelp2018|V3-tempuser0.15|seed1,TaxPro-CL,yelp2018,V3-tempuser0.15,1,warm,31661,25495,0.04622899167998094,0.07844612477193703,0.04830650320890195,0.06013597181613901
TaxPro-CL|amazon-book|V0-mergedt10|seed42,TaxPro-CL,amazon-book,V0-mergedt10,42,overall,,,0.026643095120724367,0.045627161255371786,0.028203778189461796,0.035665684511325645
TaxPro-CL|amazon-book|V0-mergedt10|seed42,TaxPro-CL,amazon-book,V0-mergedt10,42,near_cold,13238,2363,0.0008875963136425442,0.0034937301707206525,0.0002991260956387399,0.0009667534375250378
TaxPro-CL|amazon-book|V0-mergedt10|seed42,TaxPro-CL,amazon-book,V0-mergedt10,42,long_tail,36609,24260,0.0024612209034072523,0.005899261140240469,0.0013705794800201532,0.002480478749445136
TaxPro-CL|amazon-book|V0-mergedt10|seed42,TaxPro-CL,amazon-book,V0-mergedt10,42,warm,52123,55186,0.03457918535315645,0.058510297536449346,0.03155473846445928,0.04074975330961063
TaxPro-CL|amazon-book|V0-mergedt10|seed0,TaxPro-CL,amazon-book,V0-mergedt10,0,overall,,,0.026849825326439942,0.04544827789106941,0.028251326488263468,0.03551861690778433
TaxPro-CL|amazon-book|V0-mergedt10|seed0,TaxPro-CL,amazon-book,V0-mergedt10,0,near_cold,13238,2363,0.0009064813415923856,0.0038588407110842528,0.0002883550708396938,0.001057641783438303
TaxPro-CL|amazon-book|V0-mergedt10|seed0,TaxPro-CL,amazon-book,V0-mergedt10,0,long_tail,36609,24260,0.0024541479500575928,0.0058559485624777785,0.0013378986212895314,0.0024470868878199562
TaxPro-CL|amazon-book|V0-mergedt10|seed0,TaxPro-CL,amazon-book,V0-mergedt10,0,warm,52123,55186,0.03494000608894722,0.05822906113118379,0.03164449015136764,0.040588094101847744
TaxPro-CL|amazon-book|V0-mergedt10|seed1,TaxPro-CL,amazon-book,V0-mergedt10,1,overall,,,0.026616963502657985,0.045443506911319126,0.028201317062802454,0.035578349818993354
TaxPro-CL|amazon-book|V0-mergedt10|seed1,TaxPro-CL,amazon-book,V0-mergedt10,1,near_cold,13238,2363,0.0006987460341441305,0.0033804200030216045,0.0002556488307040637,0.0009613263270699522
TaxPro-CL|amazon-book|V0-mergedt10|seed1,TaxPro-CL,amazon-book,V0-mergedt10,1,long_tail,36609,24260,0.002478710692804389,0.005548156079356874,0.0013779546692883598,0.0023659852651320185
TaxPro-CL|amazon-book|V0-mergedt10|seed1,TaxPro-CL,amazon-book,V0-mergedt10,1,warm,52123,55186,0.03462053679258005,0.058440009574060356,0.031589417168918776,0.04073904281626722
TaxPro-CL|amazon-book|V1-mergedt10|seed42,TaxPro-CL,amazon-book,V1-mergedt10,42,overall,,,0.026984445257188475,0.04604167203131359,0.028619143494850386,0.03606486620537922
TaxPro-CL|amazon-book|V1-mergedt10|seed42,TaxPro-CL,amazon-book,V1-mergedt10,42,near_cold,13238,2363,0.0010009064813415924,0.0035881553104698594,0.00037178490551428893,0.001037067672057839
TaxPro-CL|amazon-book|V1-mergedt10|seed42,TaxPro-CL,amazon-book,V1-mergedt10,42,long_tail,36609,24260,0.002479673821686882,0.005948656684138013,0.0014380009301314001,0.002555117960661913
TaxPro-CL|amazon-book|V1-mergedt10|seed42,TaxPro-CL,amazon-book,V1-mergedt10,42,warm,52123,55186,0.03506140926959056,0.05906021822833887,0.0320081879646858,0.04120536632616792
TaxPro-CL|amazon-book|V1-mergedt10|seed0,TaxPro-CL,amazon-book,V1-mergedt10,0,overall,,,0.026824010120767287,0.04546492801017309,0.028227992254062147,0.03550528302691781
TaxPro-CL|amazon-book|V1-mergedt10|seed0,TaxPro-CL,amazon-book,V1-mergedt10,0,near_cold,13238,2363,0.0009064813415923856,0.0038588407110842528,0.00029016277129989825,0.001057614288013355
TaxPro-CL|amazon-book|V1-mergedt10|seed0,TaxPro-CL,amazon-book,V1-mergedt10,0,long_tail,36609,24260,0.002479861305559904,0.005886624513009502,0.0013400404545257304,0.0024520165040703896
TaxPro-CL|amazon-book|V1-mergedt10|seed0,TaxPro-CL,amazon-book,V1-mergedt10,0,warm,52123,55186,0.034868460552681245,0.05827609265034078,0.03161257109469819,0.040581369217414336
TaxPro-CL|amazon-book|V1-mergedt10|seed1,TaxPro-CL,amazon-book,V1-mergedt10,1,overall,,,0.026806808398014643,0.04565279713338089,0.028404475876784,0.03577590594340746
TaxPro-CL|amazon-book|V1-mergedt10|seed1,TaxPro-CL,amazon-book,V1-mergedt10,1,near_cold,13238,2363,0.0006609759782444479,0.003758120562018432,0.00024449828008661466,0.0010542401542657897
TaxPro-CL|amazon-book|V1-mergedt10|seed1,TaxPro-CL,amazon-book,V1-mergedt10,1,long_tail,36609,24260,0.0023986634615168582,0.005763519578204375,0.0013589775839046906,0.002441297398691522
TaxPro-CL|amazon-book|V1-mergedt10|seed1,TaxPro-CL,amazon-book,V1-mergedt10,1,warm,52123,55186,0.03490063993083997,0.05867022619231162,0.03182072639056714,0.04093911570354666
TaxPro-CL|amazon-book|V2-mergedt10|seed42,TaxPro-CL,amazon-book,V2-mergedt10,42,overall,,,0.026639026463635782,0.04561503854105891,0.028203115832012914,0.03566107977757717
TaxPro-CL|amazon-book|V2-mergedt10|seed42,TaxPro-CL,amazon-book,V2-mergedt10,42,near_cold,13238,2363,0.0008875963136425442,0.0034937301707206525,0.0002991260956387399,0.0009663493388785827
TaxPro-CL|amazon-book|V2-mergedt10|seed42,TaxPro-CL,amazon-book,V2-mergedt10,42,long_tail,36609,24260,0.0024612209034072523,0.005899261140240469,0.0013705794800201532,0.0024804700750900286
TaxPro-CL|amazon-book|V2-mergedt10|seed42,TaxPro-CL,amazon-book,V2-mergedt10,42,warm,52123,55186,0.034572721704442734,0.058494686738145375,0.03155348158258665,0.04074404607354971
TaxPro-CL|amazon-book|V2-mergedt10|seed0,TaxPro-CL,amazon-book,V2-mergedt10,0,overall,,,0.026847111423385986,0.04544393276759253,0.028251549806924982,0.035518577061982186
TaxPro-CL|amazon-book|V2-mergedt10|seed0,TaxPro-CL,amazon-book,V2-mergedt10,0,near_cold,13238,2363,0.0009064813415923856,0.0038588407110842528,0.0002883550708396938,0.001057641783438303
TaxPro-CL|amazon-book|V2-mergedt10|seed0,TaxPro-CL,amazon-book,V2-mergedt10,0,long_tail,36609,24260,0.0024541479500575928,0.0058559485624777785,0.0013378986212895314,0.002447139522383808
TaxPro-CL|amazon-book|V2-mergedt10|seed0,TaxPro-CL,amazon-book,V2-mergedt10,0,warm,52123,55186,0.03493520974184517,0.058221546066479744,0.03164469884960308,0.040587782582825443
TaxPro-CL|amazon-book|V2-mergedt10|seed1,TaxPro-CL,amazon-book,V2-mergedt10,1,overall,,,0.02662081295988452,0.04544862563402368,0.028204837371784777,0.03558127674675957
TaxPro-CL|amazon-book|V2-mergedt10|seed1,TaxPro-CL,amazon-book,V2-mergedt10,1,near_cold,13238,2363,0.0006987460341441305,0.0033804200030216045,0.0002556488307040637,0.0009613263270699522
TaxPro-CL|amazon-book|V2-mergedt10|seed1,TaxPro-CL,amazon-book,V2-mergedt10,1,long_tail,36609,24260,0.002482125153729298,0.005548156079356874,0.0013799519059909168,0.0023662929776365055
TaxPro-CL|amazon-book|V2-mergedt10|seed1,TaxPro-CL,amazon-book,V2-mergedt10,1,warm,52123,55186,0.03462401858529117,0.05844517897038144,0.03159214459396354,0.04074222163159947
TaxPro-CL|amazon-book|V3-warm20|seed42,TaxPro-CL,amazon-book,V3-warm20,42,overall,,,0.02697270361904371,0.04605317146800158,0.02861264624714339,0.03607170277589375
TaxPro-CL|amazon-book|V3-warm20|seed42,TaxPro-CL,amazon-book,V3-warm20,42,near_cold,13238,2363,0.0010009064813415924,0.0035881553104698594,0.00037178490551428893,0.001037067672057839
TaxPro-CL|amazon-book|V3-warm20|seed42,TaxPro-CL,amazon-book,V3-warm20,42,long_tail,36609,24260,0.002479673821686882,0.005948656684138013,0.0014383840337187604,0.002555091613174791
TaxPro-CL|amazon-book|V3-warm20|seed42,TaxPro-CL,amazon-book,V3-warm20,42,warm,52123,55186,0.035049102034318776,0.05907779872247622,0.03200210334406572,0.0412134883876376
TaxPro-CL|amazon-book|V3-warm20|seed0,TaxPro-CL,amazon-book,V3-warm20,0,overall,,,0.026815859881062203,0.04546238012083471,0.02821959031846168,0.035501511487533506
TaxPro-CL|amazon-book|V3-warm20|seed0,TaxPro-CL,amazon-book,V3-warm20,0,near_cold,13238,2363,0.0009064813415923856,0.0038588407110842528,0.00029016277129989825,0.001057614288013355
TaxPro-CL|amazon-book|V3-warm20|seed0,TaxPro-CL,amazon-book,V3-warm20,0,long_tail,36609,24260,0.002479861305559904,0.005900282356709139,0.0013431445551766264,0.002458368553758405
TaxPro-CL|amazon-book|V3-warm20|seed0,TaxPro-CL,amazon-book,V3-warm20,0,warm,52123,55186,0.034855990050215925,0.05826696917271616,0.03159971051200119,0.04057224842694063
TaxPro-CL|amazon-book|V3-warm20|seed1,TaxPro-CL,amazon-book,V3-warm20,1,overall,,,0.026798688083882475,0.0456611149192984,0.028400713938168842,0.03578132445142489
TaxPro-CL|amazon-book|V3-warm20|seed1,TaxPro-CL,amazon-book,V3-warm20,1,near_cold,13238,2363,0.0006609759782444479,0.003758120562018432,0.00024449828008661466,0.0010542401542657897
TaxPro-CL|amazon-book|V3-warm20|seed1,TaxPro-CL,amazon-book,V3-warm20,1,long_tail,36609,24260,0.0023986634615168582,0.005763519578204375,0.0013589775839046906,0.002441403517132594
TaxPro-CL|amazon-book|V3-warm20|seed1,TaxPro-CL,amazon-book,V3-warm20,1,warm,52123,55186,0.03489152572553932,0.058689186758691905,0.03181635046059683,0.04094694382881648
TaxPro-CL|amazon-book|V0-nowarm|seed42,TaxPro-CL,amazon-book,V0-nowarm,42,overall,,,0.027809929969036966,0.04714310650386077,0.02935347721865055,0.03692479121307976
TaxPro-CL|amazon-book|V0-nowarm|seed42,TaxPro-CL,amazon-book,V0-nowarm,42,near_cold,13238,2363,0.0013597220123885783,0.0035214282117137534,0.0004769465481644683,0.0010337028380203752
TaxPro-CL|amazon-book|V0-nowarm|seed42,TaxPro-CL,amazon-book,V0-nowarm,42,long_tail,36609,24260,0.0033304839774360474,0.00721388572734214,0.0018498295006228061,0.003110194733575104
TaxPro-CL|amazon-book|V0-nowarm|seed42,TaxPro-CL,amazon-book,V0-nowarm,42,warm,52123,55186,0.036121708807479724,0.06072453920494367,0.03276965917581852,0.042142501669697865
TaxPro-CL|amazon-book|V0-nowarm|seed0,TaxPro-CL,amazon-book,V0-nowarm,0,overall,,,0.027681650983557717,0.04665696166311184,0.029266680321385203,0.036706992352954326
TaxPro-CL|amazon-book|V0-nowarm|seed0,TaxPro-CL,amazon-book,V0-nowarm,0,near_cold,13238,2363,0.0012464118446895301,0.0030782595558241426,0.0004276320837290274,0.0009064592336852622
TaxPro-CL|amazon-book|V0-nowarm|seed0,TaxPro-CL,amazon-book,V0-nowarm,0,long_tail,36609,24260,0.0033358367004331737,0.006328225833351514,0.0018070337073727227,0.002815987923811545
TaxPro-CL|amazon-book|V0-nowarm|seed0,TaxPro-CL,amazon-book,V0-nowarm,0,warm,52123,55186,0.035837976707705166,0.06001704666124533,0.032633583579056054,0.04189524400752611
TaxPro-CL|amazon-book|V0-nowarm|seed1,TaxPro-CL,amazon-book,V0-nowarm,1,overall,,,0.027797546729709646,0.04693452071506478,0.029515050484265157,0.036985601782641105
TaxPro-CL|amazon-book|V0-nowarm|seed1,TaxPro-CL,amazon-book,V0-nowarm,1,near_cold,13238,2363,0.001573752329153447,0.003946970841516845,0.0005663920902991747,0.0011865996721147094
TaxPro-CL|amazon-book|V0-nowarm|seed1,TaxPro-CL,amazon-book,V0-nowarm,1,long_tail,36609,24260,0.0035368100462549457,0.007130497549085499,0.001951742626867526,0.0031519741888752103
TaxPro-CL|amazon-book|V0-nowarm|seed1,TaxPro-CL,amazon-book,V0-nowarm,1,warm,52123,55186,0.03613526044812297,0.060359734993794864,0.03290224542599353,0.042138387310401496
TaxPro-CL|amazon-book|V3-nowarm|seed42,TaxPro-CL,amazon-book,V3-nowarm,42,overall,,,0.02615711759816835,0.04388865626143107,0.0274598554902749,0.03442215353863934
TaxPro-CL|amazon-book|V3-nowarm|seed42,TaxPro-CL,amazon-book,V3-nowarm,42,near_cold,13238,2363,0.0013597220123885783,0.0034056000402880593,0.0005495439658611232,0.0010862034782610974
TaxPro-CL|amazon-book|V3-nowarm|seed42,TaxPro-CL,amazon-book,V3-nowarm,42,long_tail,36609,24260,0.0035404076007772354,0.006924823280641966,0.001990647310070483,0.003125578312634665
TaxPro-CL|amazon-book|V3-nowarm|seed42,TaxPro-CL,amazon-book,V3-nowarm,42,warm,52123,55186,0.0335928052456811,0.05597916546689673,0.03047904546591552,0.039024825343636924
TaxPro-CL|amazon-book|V3-nowarm|seed0,TaxPro-CL,amazon-book,V3-nowarm,0,overall,,,0.027046826101265676,0.04536358784690999,0.02848957846762075,0.03565059785947323
TaxPro-CL|amazon-book|V3-nowarm|seed0,TaxPro-CL,amazon-book,V3-nowarm,0,near_cold,13238,2363,0.0014352621241879439,0.004182404189958201,0.0005141003168942761,0.001238420460143088
TaxPro-CL|amazon-book|V3-nowarm|seed0,TaxPro-CL,amazon-book,V3-nowarm,0,long_tail,36609,24260,0.003753810075876022,0.007453162262537449,0.0021282603939518493,0.0033488675242285275
TaxPro-CL|amazon-book|V3-nowarm|seed0,TaxPro-CL,amazon-book,V3-nowarm,0,warm,52123,55186,0.034815747254971885,0.05790579333770932,0.03164777872863295,0.04045769110429633
TaxPro-CL|amazon-book|V3-nowarm|seed1,TaxPro-CL,amazon-book,V3-nowarm,1,overall,,,0.025815473435108108,0.04350738235702795,0.027258193785188303,0.034158989402000656
TaxPro-CL|amazon-book|V3-nowarm|seed1,TaxPro-CL,amazon-book,V3-nowarm,1,near_cold,13238,2363,0.0013219519564888957,0.003288512866999043,0.0004816637768027942,0.001009958188883429
TaxPro-CL|amazon-book|V3-nowarm|seed1,TaxPro-CL,amazon-book,V3-nowarm,1,long_tail,36609,24260,0.0034771479691311493,0.00677502800900583,0.0019075829758155376,0.0029938262705389916
TaxPro-CL|amazon-book|V3-nowarm|seed1,TaxPro-CL,amazon-book,V3-nowarm,1,warm,52123,55186,0.033129407794722385,0.0554403565738124,0.030264405575866526,0.03876691042169362
TaxPro-CL|amazon-book|A5-parent-mergedt10|seed42,TaxPro-CL,amazon-book,A5-parent-mergedt10,42,overall,,,0.026966007288497774,0.04609195378078766,0.028608657801033922,0.0360910675343368
TaxPro-CL|amazon-book|A5-parent-mergedt10|seed42,TaxPro-CL,amazon-book,A5-parent-mergedt10,42,near_cold,13238,2363,0.0010009064813415924,0.0035881553104698594,0.00037088105528418667,0.0010361638218277368
TaxPro-CL|amazon-book|A5-parent-mergedt10|seed42,TaxPro-CL,amazon-book,A5-parent-mergedt10,42,long_tail,36609,24260,0.0024651054550739364,0.005944104069571466,0.0014308098197280176,0.0025527484501385155
TaxPro-CL|amazon-book|A5-parent-mergedt10|seed42,TaxPro-CL,amazon-book,A5-parent-mergedt10,42,warm,52123,55186,0.03502750794436039,0.059136457254809316,0.03199391624331823,0.04123679424926582
TaxPro-CL|amazon-book|A5-parent-mergedt10|seed0,TaxPro-CL,amazon-book,A5-parent-mergedt10,0,overall,,,0.02685051703139841,0.04547338295169515,0.02824808496142437,0.035515904703138444
TaxPro-CL|amazon-book|A5-parent-mergedt10|seed0,TaxPro-CL,amazon-book,A5-parent-mergedt10,0,near_cold,13238,2363,0.0009064813415923856,0.0038588407110842528,0.00029016277129989825,0.00105772110057403
TaxPro-CL|amazon-book|A5-parent-mergedt10|seed0,TaxPro-CL,amazon-book,A5-parent-mergedt10,0,long_tail,36609,24260,0.002475641809132374,0.005895729742142593,0.0013399101003365647,0.002455070743980285
TaxPro-CL|amazon-book|A5-parent-mergedt10|seed0,TaxPro-CL,amazon-book,A5-parent-mergedt10,0,warm,52123,55186,0.03492357342058139,0.05828102508315662,0.031636741799820144,0.04058722060227777
TaxPro-CL|amazon-book|A5-parent-mergedt10|seed1,TaxPro-CL,amazon-book,A5-parent-mergedt10,1,overall,,,0.026810097074116284,0.04569153567127269,0.028406312126041323,0.03579566714502734
TaxPro-CL|amazon-book|A5-parent-mergedt10|seed1,TaxPro-CL,amazon-book,A5-parent-mergedt10,1,near_cold,13238,2363,0.0006609759782444479,0.003607040338419701,0.00024449828008661466,0.0010200914541365499
TaxPro-CL|amazon-book|A5-parent-mergedt10|seed1,TaxPro-CL,amazon-book,A5-parent-mergedt10,1,long_tail,36609,24260,0.0024214265343495867,0.005734382844978483,0.0013652926507938543,0.0024346904466847896
TaxPro-CL|amazon-book|A5-parent-mergedt10|seed1,TaxPro-CL,amazon-book,A5-parent-mergedt10,1,warm,52123,55186,0.034900849562478777,0.058730522643686736,0.03182426887713088,0.04096725306252091
LightGCN|amazon-book|LightGCN-main|seed0,LightGCN,amazon-book,LightGCN-main,0,near_cold,13238,2363,0.0002643903912977791,0.001548572291886992,9.887536642182374e-05,0.0004275908085899305
LightGCN|amazon-book|LightGCN-main|seed0,LightGCN,amazon-book,LightGCN-main,0,long_tail,36609,24260,0.0009270364879641285,0.002474495456158372,0.0005122590366726724,0.0010251659227509121
LightGCN|amazon-book|LightGCN-main|seed0,LightGCN,amazon-book,LightGCN-main,0,overall,,,0.02342689610063605,0.04006372621887802,0.024787232703610468,0.03132348061383353
LightGCN|amazon-book|LightGCN-main|seed0,LightGCN,amazon-book,LightGCN-main,0,warm,52123,55186,0.03109918981907054,0.05268571075235183,0.028134491475153442,0.03639915025501461
LightGCN|amazon-book|LightGCN-main|seed1,LightGCN,amazon-book,LightGCN-main,1,near_cold,13238,2363,0.00033993050309714457,0.0016618824595860402,0.00010453459595223046,0.00044871893811070427
LightGCN|amazon-book|LightGCN-main|seed1,LightGCN,amazon-book,LightGCN-main,1,long_tail,36609,24260,0.000877689938706522,0.0025158796146737944,0.0004894250269100972,0.001028437663349291
LightGCN|amazon-book|LightGCN-main|seed1,LightGCN,amazon-book,LightGCN-main,1,overall,,,0.023377351703431616,0.040361697520957175,0.024902580231878153,0.031551947027356204
LightGCN|amazon-book|LightGCN-main|seed1,LightGCN,amazon-book,LightGCN-main,1,warm,52123,55186,0.031054485170215303,0.05302855763825335,0.028295996410533434,0.03667666405277935
LightGCN|amazon-book|LightGCN-main|seed42,LightGCN,amazon-book,LightGCN-main,42,near_cold,13238,2363,0.00030216044719746184,0.0012464118446895301,9.894517346828449e-05,0.0003568905775302051
LightGCN|amazon-book|LightGCN-main|seed42,LightGCN,amazon-book,LightGCN-main,42,long_tail,36609,24260,0.0008345208562368276,0.0024686844321360427,0.00045229536315077634,0.0009925594472263558
LightGCN|amazon-book|LightGCN-main|seed42,LightGCN,amazon-book,LightGCN-main,42,overall,,,0.02352930292664426,0.04025026114311104,0.02494826995702809,0.0315224628437981
LightGCN|amazon-book|LightGCN-main|seed42,LightGCN,amazon-book,LightGCN-main,42,warm,52123,55186,0.031083594451511227,0.05285573633975358,0.028318311798940222,0.03663265979288916
SGL-ED|amazon-book|SGL-ED-main|seed0,SGL-ED,amazon-book,SGL-ED-main,0,near_cold,13238,2363,0.00033993050309714457,0.0021528931862819156,0.00010485352233741928,0.0005634731855091317
SGL-ED|amazon-book|SGL-ED-main|seed0,SGL-ED,amazon-book,SGL-ED-main,0,long_tail,36609,24260,0.0010680779148848775,0.0029679207851108814,0.0005658943411914722,0.0011949618109280732
SGL-ED|amazon-book|SGL-ED-main|seed0,SGL-ED,amazon-book,SGL-ED-main,0,overall,,,0.02567042843629382,0.043425930308838866,0.027060611550703363,0.034070471846898646
SGL-ED|amazon-book|SGL-ED-main|seed0,SGL-ED,amazon-book,SGL-ED-main,0,warm,52123,55186,0.03379984853534935,0.05710259391196212,0.030667509367901916,0.039581525190509975
SGL-ED|amazon-book|SGL-ED-main|seed1,SGL-ED,amazon-book,SGL-ED-main,1,near_cold,13238,2363,0.0004910107266958755,0.0027194440247771566,0.00015783044548633852,0.000722083608617538
SGL-ED|amazon-book|SGL-ED-main|seed1,SGL-ED,amazon-book,SGL-ED-main,1,long_tail,36609,24260,0.001083188259422412,0.0030478861789335226,0.0006028748044281047,0.0012602769973289964
SGL-ED|amazon-book|SGL-ED-main|seed1,SGL-ED,amazon-book,SGL-ED-main,1,overall,,,0.025996957583988105,0.04453595255149007,0.027706289340303315,0.034977899752110145
SGL-ED|amazon-book|SGL-ED-main|seed1,SGL-ED,amazon-book,SGL-ED-main,1,warm,52123,55186,0.03419743614821749,0.05817450823984787,0.0313275421747652,0.04048627387705397
SGL-ED|amazon-book|SGL-ED-main|seed42,SGL-ED,amazon-book,SGL-ED-main,42,near_cold,13238,2363,0.00033993050309714457,0.002266203353980964,0.00010568113934687806,0.0006023481976997895
SGL-ED|amazon-book|SGL-ED-main|seed42,SGL-ED,amazon-book,SGL-ED-main,42,long_tail,36609,24260,0.0010770769743973054,0.0030096169762445367,0.000581371281277032,0.0012283680743401424
SGL-ED|amazon-book|SGL-ED-main|seed42,SGL-ED,amazon-book,SGL-ED-main,42,overall,,,0.025611715809513765,0.04357832104852234,0.02720209987210258,0.03418156289463089
SGL-ED|amazon-book|SGL-ED-main|seed42,SGL-ED,amazon-book,SGL-ED-main,42,warm,52123,55186,0.033827687136563395,0.05694002530951469,0.0308236852082729,0.03961749961448497
XSimGCL|amazon-book|XSimGCL-main|seed0,XSimGCL,amazon-book,XSimGCL-main,0,near_cold,13238,2363,0.0004910107266958755,0.00304048949992446,0.00017484591922624755,0.0008233513393734938
XSimGCL|amazon-book|XSimGCL-main|seed0,XSimGCL,amazon-book,XSimGCL-main,0,long_tail,36609,24260,0.0023178451258911294,0.005101473660284669,0.0013015370538075278,0.002223850862923283
XSimGCL|amazon-book|XSimGCL-main|seed0,XSimGCL,amazon-book,XSimGCL-main,0,overall,,,0.027918843936793895,0.04733832354290862,0.02953520852755473,0.03713315231739783
XSimGCL|amazon-book|XSimGCL-main|seed0,XSimGCL,amazon-book,XSimGCL-main,0,warm,52123,55186,0.03631415752275346,0.06089665659499766,0.033129714012068545,0.042552818682407956
XSimGCL|amazon-book|XSimGCL-main|seed1,XSimGCL,amazon-book,XSimGCL-main,1,near_cold,13238,2363,0.0009694314347585233,0.003065669537190915,0.00032692284123808684,0.0008583163164491512
XSimGCL|amazon-book|XSimGCL-main|seed1,XSimGCL,amazon-book,XSimGCL-main,1,long_tail,36609,24260,0.00236407584285855,0.005413476252464269,0.0012764919804916209,0.002283264060132471
XSimGCL|amazon-book|XSimGCL-main|seed1,XSimGCL,amazon-book,XSimGCL-main,1,overall,,,0.027958643211109076,0.04735812094853735,0.02955171421445715,0.03713066972687302
XSimGCL|amazon-book|XSimGCL-main|seed1,XSimGCL,amazon-book,XSimGCL-main,1,warm,52123,55186,0.03624378887193782,0.06081563938487013,0.03309124482635754,0.04245541647912645
XSimGCL|amazon-book|XSimGCL-main|seed42,XSimGCL,amazon-book,XSimGCL-main,42,near_cold,13238,2363,0.0006798610061942891,0.003065669537190915,0.00023299491506661651,0.0008382913776481222
XSimGCL|amazon-book|XSimGCL-main|seed42,XSimGCL,amazon-book,XSimGCL-main,42,long_tail,36609,24260,0.002274239504838539,0.00536705407946087,0.001280332164393363,0.002292339984106146
XSimGCL|amazon-book|XSimGCL-main|seed42,XSimGCL,amazon-book,XSimGCL-main,42,overall,,,0.027513829178473302,0.046775983649019845,0.029096698346365423,0.03665353810992563
XSimGCL|amazon-book|XSimGCL-main|seed42,XSimGCL,amazon-book,XSimGCL-main,42,warm,52123,55186,0.03565655619746893,0.060061323898990084,0.03258983872589658,0.04192500206346819
NCL|amazon-book|NCL-main|seed0,NCL,amazon-book,NCL-main,0,near_cold,13238,2363,0.00030216044719746184,0.000774286145943496,9.653321716900574e-05,0.00022734416453372398
NCL|amazon-book|NCL-main|seed0,NCL,amazon-book,NCL-main,0,long_tail,36609,24260,0.0012511315423075105,0.0030312576566137437,0.0006775372661785741,0.0012589515514923096
NCL|amazon-book|NCL-main|seed0,NCL,amazon-book,NCL-main,0,overall,,,0.02399687096493697,0.04145692762845889,0.025336211289659523,0.03221224579500487
NCL|amazon-book|NCL-main|seed0,NCL,amazon-book,NCL-main,0,warm,52123,55186,0.03125705041492456,0.05378291978593007,0.028492973543148493,0.037111946184543144
NCL|amazon-book|NCL-main|seed1,NCL,amazon-book,NCL-main,1,near_cold,13238,2363,0.0004532406707961928,0.001133101676990482,0.00016868723330187534,0.0003457221710551564
NCL|amazon-book|NCL-main|seed1,NCL,amazon-book,NCL-main,1,long_tail,36609,24260,0.0013479011173500538,0.0030927264281017755,0.0007211367079312535,0.0012902791753911635
NCL|amazon-book|NCL-main|seed1,NCL,amazon-book,NCL-main,1,overall,,,0.024337967455780662,0.04163041102680404,0.02578122426018474,0.03256869238851312
NCL|amazon-book|NCL-main|seed1,NCL,amazon-book,NCL-main,1,warm,52123,55186,0.0318136743309748,0.05409099116728275,0.029119629832703435,0.03762534220977256
NCL|amazon-book|NCL-main|seed42,NCL,amazon-book,NCL-main,42,near_cold,13238,2363,0.00033993050309714457,0.0007931711738933374,0.00011173088758990938,0.00023710923364533642
NCL|amazon-book|NCL-main|seed42,NCL,amazon-book,NCL-main,42,long_tail,36609,24260,0.0010058906375385928,0.0027032278906068442,0.0005420722756389033,0.001101736067324014
NCL|amazon-book|NCL-main|seed42,NCL,amazon-book,NCL-main,42,overall,,,0.023887854259819936,0.04122712869691203,0.025471861657301576,0.032295930573738696
NCL|amazon-book|NCL-main|seed42,NCL,amazon-book,NCL-main,42,warm,52123,55186,0.03140988676175981,0.053723995027719296,0.028821026942015812,0.037368496276899414
LightGCN|yelp2018|LightGCN-main|seed0,LightGCN,yelp2018,LightGCN-main,0,near_cold,5217,976,0.0,0.0,0.0,0.0
LightGCN|yelp2018|LightGCN-main|seed0,LightGCN,yelp2018,LightGCN-main,0,long_tail,18907,9911,0.0,0.00028825302797905536,0.0,8.388725189256783e-05
LightGCN|yelp2018|LightGCN-main|seed0,LightGCN,yelp2018,LightGCN-main,0,overall,,,0.035980294684852004,0.06195741791354437,0.04118832066040575,0.05057597654573548
LightGCN|yelp2018|LightGCN-main|seed0,LightGCN,yelp2018,LightGCN-main,0,warm,31661,25495,0.04212349482300088,0.07251676628505371,0.0437323343968594,0.0549711947752712
LightGCN|yelp2018|LightGCN-main|seed1,LightGCN,yelp2018,LightGCN-main,1,near_cold,5217,976,0.0,0.0,0.0,0.0
LightGCN|yelp2018|LightGCN-main|seed1,LightGCN,yelp2018,LightGCN-main,1,long_tail,18907,9911,6.13664997226641e-05,0.0003911973090055281,2.936283115195541e-05,0.00012605090585757878
LightGCN|yelp2018|LightGCN-main|seed1,LightGCN,yelp2018,LightGCN-main,1,overall,,,0.036391131116853624,0.06187615955515142,0.041568442907305415,0.05080379379802958
LightGCN|yelp2018|LightGCN-main|seed1,LightGCN,yelp2018,LightGCN-main,1,warm,31661,25495,0.04251395860393003,0.0724297842966481,0.044145623508344424,0.05523670193291277
LightGCN|yelp2018|LightGCN-main|seed42,LightGCN,yelp2018,LightGCN-main,42,near_cold,5217,976,0.0,0.0,0.0,0.0
LightGCN|yelp2018|LightGCN-main|seed42,LightGCN,yelp2018,LightGCN-main,42,long_tail,18907,9911,0.0,0.00016484194566386348,0.0,5.477843258501073e-05
LightGCN|yelp2018|LightGCN-main|seed42,LightGCN,yelp2018,LightGCN-main,42,overall,,,0.036755618758565374,0.06220078989787427,0.04175190638408468,0.05095132241366768
LightGCN|yelp2018|LightGCN-main|seed42,LightGCN,yelp2018,LightGCN-main,42,warm,31661,25495,0.04310838883421254,0.07278073556589011,0.04443937803553853,0.05543605073710522
SGL-ED|yelp2018|SGL-ED-main|seed0,SGL-ED,yelp2018,SGL-ED-main,0,near_cold,5217,976,0.0,0.0,0.0,0.0
SGL-ED|yelp2018|SGL-ED-main|seed0,SGL-ED,yelp2018,SGL-ED-main,0,long_tail,18907,9911,0.0,0.0001574960479070068,0.0,5.373424887470733e-05
SGL-ED|yelp2018|SGL-ED-main|seed0,SGL-ED,yelp2018,SGL-ED-main,0,overall,,,0.03905171856953762,0.06635808155096164,0.044551719512259,0.05443767088841217
SGL-ED|yelp2018|SGL-ED-main|seed0,SGL-ED,yelp2018,SGL-ED-main,0,warm,31661,25495,0.04579491281856313,0.07798659091887201,0.04736682236731214,0.059267062166589876
SGL-ED|yelp2018|SGL-ED-main|seed1,SGL-ED,yelp2018,SGL-ED-main,1,near_cold,5217,976,0.0,0.0,0.0,0.0
SGL-ED|yelp2018|SGL-ED-main|seed1,SGL-ED,yelp2018,SGL-ED-main,1,long_tail,18907,9911,0.0,0.00020157143444814675,0.0,6.353379591232203e-05
SGL-ED|yelp2018|SGL-ED-main|seed1,SGL-ED,yelp2018,SGL-ED-main,1,overall,,,0.038797674177242815,0.06592475126286368,0.044474061171297895,0.05430203713497771
SGL-ED|yelp2018|SGL-ED-main|seed1,SGL-ED,yelp2018,SGL-ED-main,1,warm,31661,25495,0.04551480673258673,0.07754444448219998,0.047316726248501924,0.059172848650129534
SGL-ED|yelp2018|SGL-ED-main|seed42,SGL-ED,yelp2018,SGL-ED-main,42,near_cold,5217,976,0.0,0.0,0.0,0.0
SGL-ED|yelp2018|SGL-ED-main|seed42,SGL-ED,yelp2018,SGL-ED-main,42,long_tail,18907,9911,3.966784788702596e-05,0.0002820824738632958,1.930685724797539e-05,9.373592850833242e-05
SGL-ED|yelp2018|SGL-ED-main|seed42,SGL-ED,yelp2018,SGL-ED-main,42,overall,,,0.038697247073237816,0.06624188671832863,0.0439116116844909,0.05401257857823309
SGL-ED|yelp2018|SGL-ED-main|seed42,SGL-ED,yelp2018,SGL-ED-main,42,warm,31661,25495,0.0454771529991101,0.07795100283121846,0.046728457581736785,0.05885068285043571
XSimGCL|yelp2018|XSimGCL-main|seed0,XSimGCL,yelp2018,XSimGCL-main,0,near_cold,5217,976,0.0,0.00025557472365983003,0.0,6.635758249679452e-05
XSimGCL|yelp2018|XSimGCL-main|seed0,XSimGCL,yelp2018,XSimGCL-main,0,long_tail,18907,9911,0.00040196752525519647,0.0018265729098007211,0.0001971601682240677,0.0006149036808292168
XSimGCL|yelp2018|XSimGCL-main|seed0,XSimGCL,yelp2018,XSimGCL-main,0,overall,,,0.04191759550256652,0.07087506969299483,0.04786202839193342,0.0582811575294763
XSimGCL|yelp2018|XSimGCL-main|seed0,XSimGCL,yelp2018,XSimGCL-main,0,warm,31661,25495,0.049127814591366004,0.08279852678438322,0.05085061314458992,0.06326337246751879
XSimGCL|yelp2018|XSimGCL-main|seed1,XSimGCL,yelp2018,XSimGCL-main,1,near_cold,5217,976,0.0,6.389368091495751e-05,0.0,2.081289497815479e-05
XSimGCL|yelp2018|XSimGCL-main|seed1,XSimGCL,yelp2018,XSimGCL-main,1,long_tail,18907,9911,0.00040158973622770103,0.001324339435885424,0.00018068026948880167,0.0004684541898536148
XSimGCL|yelp2018|XSimGCL-main|seed1,XSimGCL,yelp2018,XSimGCL-main,1,overall,,,0.04224893599398987,0.07147582677970458,0.04812539788907397,0.058757472541859375
XSimGCL|yelp2018|XSimGCL-main|seed1,XSimGCL,yelp2018,XSimGCL-main,1,warm,31661,25495,0.04945863082065001,0.08372669870659342,0.05113199967134139,0.06385332347431219
XSimGCL|yelp2018|XSimGCL-main|seed42,XSimGCL,yelp2018,XSimGCL-main,42,near_cold,5217,976,0.0,0.00025557472365983003,0.0,6.714296751528252e-05
XSimGCL|yelp2018|XSimGCL-main|seed42,XSimGCL,yelp2018,XSimGCL-main,42,long_tail,18907,9911,0.0006281372230491605,0.0018789966930867121,0.00028031954021896126,0.0006586542256389402
XSimGCL|yelp2018|XSimGCL-main|seed42,XSimGCL,yelp2018,XSimGCL-main,42,overall,,,0.041706209793625916,0.07080525414016697,0.047881729260845454,0.05828943565295435
XSimGCL|yelp2018|XSimGCL-main|seed42,XSimGCL,yelp2018,XSimGCL-main,42,warm,31661,25495,0.04872045359144735,0.082711868791664,0.05082123900837519,0.06327388574256318
NCL|yelp2018|NCL-main|seed0,NCL,yelp2018,NCL-main,0,near_cold,5217,976,0.0,6.389368091495751e-05,0.0,2.081289497815479e-05
NCL|yelp2018|NCL-main|seed0,NCL,yelp2018,NCL-main,0,long_tail,18907,9911,0.00025740025740025744,0.000842721390666596,0.00011611587545683151,0.00029033052916807247
NCL|yelp2018|NCL-main|seed0,NCL,yelp2018,NCL-main,0,overall,,,0.038886368753789834,0.06613693316184596,0.04472234501808925,0.05460539386683374
NCL|yelp2018|NCL-main|seed0,NCL,yelp2018,NCL-main,0,warm,31661,25495,0.04544284168584011,0.07727412193732541,0.04747555722134837,0.05928224514586876
NCL|yelp2018|NCL-main|seed1,NCL,yelp2018,NCL-main,1,near_cold,5217,976,0.0,0.0,0.0,0.0
NCL|yelp2018|NCL-main|seed1,NCL,yelp2018,NCL-main,1,long_tail,18907,9911,0.0002781786539125091,0.0009335796517792605,0.00011641984701725752,0.00031496255052392035
NCL|yelp2018|NCL-main|seed1,NCL,yelp2018,NCL-main,1,overall,,,0.03895340500638599,0.06628171512141072,0.04437015631815305,0.05429725747659334
NCL|yelp2018|NCL-main|seed1,NCL,yelp2018,NCL-main,1,warm,31661,25495,0.04559480176414146,0.07743531100078749,0.047151927770747434,0.05898065957860127
NCL|yelp2018|NCL-main|seed42,NCL,yelp2018,NCL-main,42,near_cold,5217,976,0.0,0.0,0.0,0.0
NCL|yelp2018|NCL-main|seed42,NCL,yelp2018,NCL-main,42,long_tail,18907,9911,0.00016924948431797747,0.0008118686200877983,7.635161610411278e-05,0.0002668237935604293
NCL|yelp2018|NCL-main|seed42,NCL,yelp2018,NCL-main,42,overall,,,0.03842977671659253,0.06548634578577825,0.044071619781201485,0.05390251996542055
NCL|yelp2018|NCL-main|seed42,NCL,yelp2018,NCL-main,42,warm,31661,25495,0.0448751647440082,0.07643997314197919,0.046733841649452115,0.05845253253197772
LightGCN|musical-instruments|LightGCN-main|seed0,LightGCN,musical-instruments,LightGCN-main,0,near_cold,4728,2942,0.004018612521150592,0.006415679639029894,0.0015951871616865722,0.0022005293764562387
LightGCN|musical-instruments|LightGCN-main|seed0,LightGCN,musical-instruments,LightGCN-main,0,long_tail,8816,5316,0.006900332728372656,0.013152223230490019,0.0033527433158639353,0.0049571882615503885
LightGCN|musical-instruments|LightGCN-main|seed0,LightGCN,musical-instruments,LightGCN-main,0,overall,,,0.1471934134633739,0.18641838974424627,0.10938584713033943,0.12027269527912095
LightGCN|musical-instruments|LightGCN-main|seed0,LightGCN,musical-instruments,LightGCN-main,0,warm,19545,3040,0.19387418613051818,0.24533845166231946,0.142413984593188,0.1564744962581018
LightGCN|musical-instruments|LightGCN-main|seed1,LightGCN,musical-instruments,LightGCN-main,1,near_cold,4728,2942,0.0031725888324873096,0.006345177664974619,0.0014708334312047496,0.002241852214065396
LightGCN|musical-instruments|LightGCN-main|seed1,LightGCN,musical-instruments,LightGCN-main,1,long_tail,8816,5316,0.007013762855414398,0.013781760435571687,0.0034915594731696363,0.005203964384509494
LightGCN|musical-instruments|LightGCN-main|seed1,LightGCN,musical-instruments,LightGCN-main,1,overall,,,0.14586182490193753,0.186116169424417,0.10874522378368257,0.11987894810515969
LightGCN|musical-instruments|LightGCN-main|seed1,LightGCN,musical-instruments,LightGCN-main,1,warm,19545,3040,0.19212605070887642,0.24456230451504488,0.1414133171549481,0.1557261929592216
LightGCN|musical-instruments|LightGCN-main|seed42,LightGCN,musical-instruments,LightGCN-main,42,near_cold,4728,2942,0.0025380710659898475,0.005816412859560068,0.001147912585618936,0.001999724129520839
LightGCN|musical-instruments|LightGCN-main|seed42,LightGCN,musical-instruments,LightGCN-main,42,long_tail,8816,5316,0.006200846944948578,0.012241001209921354,0.00302360698832634,0.004605043246227918
LightGCN|musical-instruments|LightGCN-main|seed42,LightGCN,musical-instruments,LightGCN-main,42,overall,,,0.147455553629944,0.18554626745308578,0.10918085924558275,0.11977987409625701
LightGCN|musical-instruments|LightGCN-main|seed42,LightGCN,musical-instruments,LightGCN-main,42,warm,19545,3040,0.19455751576242786,0.24442658470428366,0.14233130413043926,0.1559946972183691
SGL-ED|musical-instruments|SGL-ED-main|seed0,SGL-ED,musical-instruments,SGL-ED-main,0,near_cold,4728,2942,0.004177241962774958,0.007561336717428088,0.002135568768041268,0.002985504175272101
SGL-ED|musical-instruments|SGL-ED-main|seed0,SGL-ED,musical-instruments,SGL-ED-main,0,long_tail,8816,5316,0.008709543254688446,0.015420825771324862,0.004514232628901514,0.0062493825645277955
SGL-ED|musical-instruments|SGL-ED-main|seed0,SGL-ED,musical-instruments,SGL-ED-main,0,overall,,,0.15567267666649118,0.18825428349931075,0.12728667125035859,0.13625649594288006
SGL-ED|musical-instruments|SGL-ED-main|seed0,SGL-ED,musical-instruments,SGL-ED-main,0,warm,19545,3040,0.20531146198331288,0.24770271048354014,0.16620807264383197,0.17768245110097938
SGL-ED|musical-instruments|SGL-ED-main|seed1,SGL-ED,musical-instruments,SGL-ED-main,1,near_cold,4728,2942,0.0034369712351945856,0.007208826847151719,0.0016566743502584539,0.002626109785305575
SGL-ED|musical-instruments|SGL-ED-main|seed1,SGL-ED,musical-instruments,SGL-ED-main,1,long_tail,8816,5316,0.007234951603145796,0.015846188747731395,0.0035391624848702843,0.005755829454354631
SGL-ED|musical-instruments|SGL-ED-main|seed1,SGL-ED,musical-instruments,SGL-ED-main,1,overall,,,0.15494079697569027,0.1865994198657458,0.12673830106994682,0.1354540628660354
SGL-ED|musical-instruments|SGL-ED-main|seed1,SGL-ED,musical-instruments,SGL-ED-main,1,warm,19545,3040,0.20508229772498504,0.24507985069644375,0.16580695920790348,0.17666254813475454
SGL-ED|musical-instruments|SGL-ED-main|seed42,SGL-ED,musical-instruments,SGL-ED-main,42,near_cold,4728,2942,0.0038599830795262267,0.007561336717428088,0.0020056115058794725,0.002931424788901011
SGL-ED|musical-instruments|SGL-ED-main|seed42,SGL-ED,musical-instruments,SGL-ED-main,42,long_tail,8816,5316,0.0073389292196007275,0.014844222625529339,0.003841315330253441,0.0058075503228084595
SGL-ED|musical-instruments|SGL-ED-main|seed42,SGL-ED,musical-instruments,SGL-ED-main,42,overall,,,0.15424898886267688,0.18537212343572518,0.12623879625809784,0.1348566471879716
SGL-ED|musical-instruments|SGL-ED-main|seed42,SGL-ED,musical-instruments,SGL-ED-main,42,warm,19545,3040,0.2044718179407364,0.2445817458621921,0.1652275519800706,0.17614392753390035
XSimGCL|musical-instruments|XSimGCL-main|seed0,XSimGCL,musical-instruments,XSimGCL-main,0,near_cold,4728,2942,0.001956429780033841,0.0039304850535815,0.0007459964809310734,0.0012466256607741855
XSimGCL|musical-instruments|XSimGCL-main|seed0,XSimGCL,musical-instruments,XSimGCL-main,0,long_tail,8816,5316,0.005618572292800969,0.009881654567453114,0.0024206928369120634,0.003536896329966013
XSimGCL|musical-instruments|XSimGCL-main|seed0,XSimGCL,musical-instruments,XSimGCL-main,0,overall,,,0.15909784807434693,0.19552037504861902,0.1279285705851121,0.13794298768767713
XSimGCL|musical-instruments|XSimGCL-main|seed0,XSimGCL,musical-instruments,XSimGCL-main,0,warm,19545,3040,0.21163184403783092,0.25996018557940387,0.1680442003236373,0.18112832390075237
XSimGCL|musical-instruments|XSimGCL-main|seed1,XSimGCL,musical-instruments,XSimGCL-main,1,near_cold,4728,2942,0.0014276649746192893,0.004036238014664411,0.0005648296961573755,0.0012394961478823826
XSimGCL|musical-instruments|XSimGCL-main|seed1,XSimGCL,musical-instruments,XSimGCL-main,1,long_tail,8816,5316,0.004143980641258318,0.009692604355716877,0.0019710719386680313,0.0034072409019761736
XSimGCL|musical-instruments|XSimGCL-main|seed1,XSimGCL,musical-instruments,XSimGCL-main,1,overall,,,0.15883291793455137,0.1952444773128473,0.12770721449166622,0.13780505168214793
XSimGCL|musical-instruments|XSimGCL-main|seed1,XSimGCL,musical-instruments,XSimGCL-main,1,warm,19545,3040,0.21219405779913986,0.25973028718636004,0.16806259421558192,0.18106377313634198
XSimGCL|musical-instruments|XSimGCL-main|seed42,XSimGCL,musical-instruments,XSimGCL-main,42,near_cold,4728,2942,0.0017978003384094754,0.0034017202481669484,0.0007705438887171605,0.0011737110666132308
XSimGCL|musical-instruments|XSimGCL-main|seed42,XSimGCL,musical-instruments,XSimGCL-main,42,long_tail,8816,5316,0.004943663036902602,0.010467710223835448,0.0021702055314453857,0.0036215331319729423
XSimGCL|musical-instruments|XSimGCL-main|seed42,XSimGCL,musical-instruments,XSimGCL-main,42,overall,,,0.15931091018882024,0.1962955909711293,0.1266641909267033,0.13689978596030392
XSimGCL|musical-instruments|XSimGCL-main|seed42,XSimGCL,musical-instruments,XSimGCL-main,42,warm,19545,3040,0.21248812569994513,0.26152297026696153,0.1665581044484947,0.17989659853322082
NCL|musical-instruments|NCL-main|seed0,NCL,musical-instruments,NCL-main,0,near_cold,4728,2942,0.0008460236886632825,0.0014805414551607445,0.00029676184158036035,0.00044798994789730783
NCL|musical-instruments|NCL-main|seed0,NCL,musical-instruments,NCL-main,0,long_tail,8816,5316,0.0029869933454325466,0.006030701754385965,0.0013962190663713919,0.002169504986674315
NCL|musical-instruments|NCL-main|seed0,NCL,musical-instruments,NCL-main,0,overall,,,0.14645099524690647,0.18922472762895431,0.1100927512879564,0.12194440420767366
NCL|musical-instruments|NCL-main|seed0,NCL,musical-instruments,NCL-main,0,warm,19545,3040,0.19538779568851927,0.2530947719219717,0.14460061286470735,0.1603159802294845
NCL|musical-instruments|NCL-main|seed1,NCL,musical-instruments,NCL-main,1,near_cold,4728,2942,0.0006345177664974619,0.001692047377326565,0.0003059210301093879,0.0005630151848616968
NCL|musical-instruments|NCL-main|seed1,NCL,musical-instruments,NCL-main,1,long_tail,8816,5316,0.0028735632183908046,0.006541137326073806,0.0013063879254865394,0.002243352073704548
NCL|musical-instruments|NCL-main|seed1,NCL,musical-instruments,NCL-main,1,overall,,,0.14954063662950492,0.1886865989837055,0.11151614157195143,0.12240496618035722
NCL|musical-instruments|NCL-main|seed1,NCL,musical-instruments,NCL-main,1,warm,19545,3040,0.19947705468568316,0.2518299440622418,0.14653328707861352,0.16085960489433884
NCL|musical-instruments|NCL-main|seed42,NCL,musical-instruments,NCL-main,42,near_cold,4728,2942,0.00021150592216582064,0.0008460236886632825,7.533992959137525e-05,0.0002380435525578043
NCL|musical-instruments|NCL-main|seed42,NCL,musical-instruments,NCL-main,42,long_tail,8816,5316,0.002174077434966727,0.004480490018148821,0.0009734906758287819,0.0015566884435692172
NCL|musical-instruments|NCL-main|seed42,NCL,musical-instruments,NCL-main,42,overall,,,0.14803998836710144,0.18843625175814704,0.11083662898532591,0.1220588314990153
NCL|musical-instruments|NCL-main|seed42,NCL,musical-instruments,NCL-main,42,warm,19545,3040,0.19757093081728597,0.2520199500502041,0.14582096448677376,0.16071992574603466
LightGCN|arts-crafts-and-sewing|LightGCN-main|seed0,LightGCN,arts-crafts-and-sewing,LightGCN-main,0,near_cold,9765,6233,0.00593958013312852,0.011379074927462023,0.00269843929840535,0.004095130687096874
LightGCN|arts-crafts-and-sewing|LightGCN-main|seed0,LightGCN,arts-crafts-and-sewing,LightGCN-main,0,long_tail,17815,11261,0.013405525930083888,0.024190912776374456,0.006443301039769964,0.009273339703171752
LightGCN|arts-crafts-and-sewing|LightGCN-main|seed0,LightGCN,arts-crafts-and-sewing,LightGCN-main,0,overall,,,0.13961838852585598,0.1770499963888683,0.09995790108370446,0.11047663941696904
LightGCN|arts-crafts-and-sewing|LightGCN-main|seed0,LightGCN,arts-crafts-and-sewing,LightGCN-main,0,warm,35000,6516,0.1878470523165209,0.23677467067933633,0.13303480940307236,0.14650497737891963
LightGCN|arts-crafts-and-sewing|LightGCN-main|seed1,LightGCN,arts-crafts-and-sewing,LightGCN-main,1,near_cold,9765,6233,0.005052056664959891,0.010069977811913296,0.002216417045179043,0.0034844936869803445
LightGCN|arts-crafts-and-sewing|LightGCN-main|seed1,LightGCN,arts-crafts-and-sewing,LightGCN-main,1,long_tail,17815,11261,0.012075498175694643,0.022399195434558886,0.00584410006803139,0.008496497321148787
LightGCN|arts-crafts-and-sewing|LightGCN-main|seed1,LightGCN,arts-crafts-and-sewing,LightGCN-main,1,overall,,,0.1387383930453631,0.1773358369977192,0.09867769364071076,0.10948819265252338
LightGCN|arts-crafts-and-sewing|LightGCN-main|seed1,LightGCN,arts-crafts-and-sewing,LightGCN-main,1,warm,35000,6516,0.18764015960728395,0.2379952971572615,0.13160383666900496,0.1454803729225162
LightGCN|arts-crafts-and-sewing|LightGCN-main|seed42,LightGCN,arts-crafts-and-sewing,LightGCN-main,42,near_cold,9765,6233,0.005308073050008534,0.010172384365932752,0.002221172292383854,0.0034567372043515453
LightGCN|arts-crafts-and-sewing|LightGCN-main|seed42,LightGCN,arts-crafts-and-sewing,LightGCN-main,42,long_tail,17815,11261,0.011959646989116538,0.022479807902204756,0.005866938362481202,0.008586215328040376
LightGCN|arts-crafts-and-sewing|LightGCN-main|seed42,LightGCN,arts-crafts-and-sewing,LightGCN-main,42,overall,,,0.1395960573474592,0.17855868619531093,0.09939421724774507,0.11032507019290202
LightGCN|arts-crafts-and-sewing|LightGCN-main|seed42,LightGCN,arts-crafts-and-sewing,LightGCN-main,42,warm,35000,6516,0.188895426487463,0.2395409287007878,0.1326379976390142,0.1466299631247546
SGL-ED|arts-crafts-and-sewing|SGL-ED-main|seed0,SGL-ED,arts-crafts-and-sewing,SGL-ED-main,0,near_cold,9765,6233,0.0056835637480798775,0.01040279911247653,0.002614625208530893,0.0037939487733636406
SGL-ED|arts-crafts-and-sewing|SGL-ED-main|seed0,SGL-ED,arts-crafts-and-sewing,SGL-ED-main,0,long_tail,17815,11261,0.011904761904761904,0.022840303115352227,0.005792070591658919,0.008625591649777723
SGL-ED|arts-crafts-and-sewing|SGL-ED-main|seed0,SGL-ED,arts-crafts-and-sewing,SGL-ED-main,0,overall,,,0.14921114274628455,0.1899291517995282,0.11035600505679313,0.12173706790632406
SGL-ED|arts-crafts-and-sewing|SGL-ED-main|seed0,SGL-ED,arts-crafts-and-sewing,SGL-ED-main,0,warm,35000,6516,0.2025199033489222,0.2554420976754571,0.14785918160136569,0.16242467027868362
SGL-ED|arts-crafts-and-sewing|SGL-ED-main|seed1,SGL-ED,arts-crafts-and-sewing,SGL-ED-main,1,near_cold,9765,6233,0.0056152927120669055,0.011682881037719747,0.002725971024547602,0.00424870643746306
SGL-ED|arts-crafts-and-sewing|SGL-ED-main|seed1,SGL-ED,arts-crafts-and-sewing,SGL-ED-main,1,long_tail,17815,11261,0.011943742788536504,0.022783858795646615,0.005755472062064084,0.008545124542118495
SGL-ED|arts-crafts-and-sewing|SGL-ED-main|seed1,SGL-ED,arts-crafts-and-sewing,SGL-ED-main,1,overall,,,0.14852362983129835,0.19054205386953105,0.1097099232692264,0.12140584394172747
SGL-ED|arts-crafts-and-sewing|SGL-ED-main|seed1,SGL-ED,arts-crafts-and-sewing,SGL-ED-main,1,warm,35000,6516,0.2016086467538294,0.2564714787997876,0.14699253790129416,0.16202586760709461
SGL-ED|arts-crafts-and-sewing|SGL-ED-main|seed42,SGL-ED,arts-crafts-and-sewing,SGL-ED-main,42,near_cold,9765,6233,0.005717699266086363,0.011094043352107869,0.00265567192257016,0.004003211533763564
SGL-ED|arts-crafts-and-sewing|SGL-ED-main|seed42,SGL-ED,arts-crafts-and-sewing,SGL-ED-main,42,long_tail,17815,11261,0.011672435837465307,0.021986777684223656,0.005569544187346307,0.008217829057884957
SGL-ED|arts-crafts-and-sewing|SGL-ED-main|seed42,SGL-ED,arts-crafts-and-sewing,SGL-ED-main,42,overall,,,0.14780845791892672,0.18907828193372445,0.10901510111375849,0.1205066805788589
SGL-ED|arts-crafts-and-sewing|SGL-ED-main|seed42,SGL-ED,arts-crafts-and-sewing,SGL-ED-main,42,warm,35000,6516,0.2009632672786431,0.25441572538528245,0.14617957406007356,0.16088461065599727
XSimGCL|arts-crafts-and-sewing|XSimGCL-main|seed0,XSimGCL,arts-crafts-and-sewing,XSimGCL-main,0,near_cold,9765,6233,0.0028417818740399388,0.006605222734254993,0.0014129207392769019,0.0023588697725321055
XSimGCL|arts-crafts-and-sewing|XSimGCL-main|seed0,XSimGCL,arts-crafts-and-sewing,XSimGCL-main,0,long_tail,17815,11261,0.007348676209187014,0.01523738244479193,0.003533950042459006,0.005569026984660696
XSimGCL|arts-crafts-and-sewing|XSimGCL-main|seed0,XSimGCL,arts-crafts-and-sewing,XSimGCL-main,0,overall,,,0.14497239629388767,0.18508914891959685,0.10679051307908134,0.11795650770267807
XSimGCL|arts-crafts-and-sewing|XSimGCL-main|seed0,XSimGCL,arts-crafts-and-sewing,XSimGCL-main,0,warm,35000,6516,0.19854309558525737,0.25164033980511463,0.1440167738449669,0.15859646010036696
XSimGCL|arts-crafts-and-sewing|XSimGCL-main|seed1,XSimGCL,arts-crafts-and-sewing,XSimGCL-main,1,near_cold,9765,6233,0.0029953917050691246,0.006554019457245264,0.001181690234246103,0.0020803746653554004
XSimGCL|arts-crafts-and-sewing|XSimGCL-main|seed1,XSimGCL,arts-crafts-and-sewing,XSimGCL-main,1,long_tail,17815,11261,0.007694826457105436,0.01569994074905666,0.003499739315214566,0.005556209984534001
XSimGCL|arts-crafts-and-sewing|XSimGCL-main|seed1,XSimGCL,arts-crafts-and-sewing,XSimGCL-main,1,overall,,,0.14589645439599136,0.18439138532345115,0.10765797302060486,0.11842956442034996
XSimGCL|arts-crafts-and-sewing|XSimGCL-main|seed1,XSimGCL,arts-crafts-and-sewing,XSimGCL-main,1,warm,35000,6516,0.199785866840318,0.2513666333912281,0.14523238211950967,0.1594111197134804
XSimGCL|arts-crafts-and-sewing|XSimGCL-main|seed42,XSimGCL,arts-crafts-and-sewing,XSimGCL-main,42,near_cold,9765,6233,0.0027820447175285886,0.005888376856118792,0.0013069968064830396,0.0020820355520318463
XSimGCL|arts-crafts-and-sewing|XSimGCL-main|seed42,XSimGCL,arts-crafts-and-sewing,XSimGCL-main,42,long_tail,17815,11261,0.007652727102628871,0.014575732060997288,0.003536954914905993,0.005318754518949236
XSimGCL|arts-crafts-and-sewing|XSimGCL-main|seed42,XSimGCL,arts-crafts-and-sewing,XSimGCL-main,42,overall,,,0.14512407017155277,0.18506416643075216,0.10731960555019171,0.11843988666055495
XSimGCL|arts-crafts-and-sewing|XSimGCL-main|seed42,XSimGCL,arts-crafts-and-sewing,XSimGCL-main,42,warm,35000,6516,0.1988321507047409,0.2524456994638108,0.14482595482423463,0.1595152776520843
NCL|arts-crafts-and-sewing|NCL-main|seed0,NCL,arts-crafts-and-sewing,NCL-main,0,near_cold,9765,6233,0.00391705069124424,0.008320532514080901,0.0017786991681942462,0.0028953347040541616
NCL|arts-crafts-and-sewing|NCL-main|seed0,NCL,arts-crafts-and-sewing,NCL-main,0,long_tail,17815,11261,0.009224436336420618,0.017092337917485264,0.004401995428160113,0.006450564718079601
NCL|arts-crafts-and-sewing|NCL-main|seed0,NCL,arts-crafts-and-sewing,NCL-main,0,overall,,,0.13293126412115291,0.17460648536332407,0.09145204104128665,0.10308448925214686
NCL|arts-crafts-and-sewing|NCL-main|seed0,NCL,arts-crafts-and-sewing,NCL-main,0,warm,35000,6516,0.18030959790334855,0.23593788593403042,0.12240223452169355,0.13765375141310457
NCL|arts-crafts-and-sewing|NCL-main|seed1,NCL,arts-crafts-and-sewing,NCL-main,1,near_cold,9765,6233,0.003524492234169654,0.008610684417136031,0.0015827885090490242,0.0028780766708493316
NCL|arts-crafts-and-sewing|NCL-main|seed1,NCL,arts-crafts-and-sewing,NCL-main,1,long_tail,17815,11261,0.009436492344154428,0.018047681417033085,0.004443235289908678,0.006669226444010964
NCL|arts-crafts-and-sewing|NCL-main|seed1,NCL,arts-crafts-and-sewing,NCL-main,1,overall,,,0.13251108523032026,0.17231151500415762,0.09139079756085063,0.10249221542756824
NCL|arts-crafts-and-sewing|NCL-main|seed1,NCL,arts-crafts-and-sewing,NCL-main,1,warm,35000,6516,0.1797734215425331,0.23226615420747912,0.12229555365434948,0.1367033330669183
NCL|arts-crafts-and-sewing|NCL-main|seed42,NCL,arts-crafts-and-sewing,NCL-main,42,near_cold,9765,6233,0.004070660522273425,0.007782898105478751,0.0019163835603048251,0.0028565261367538364
NCL|arts-crafts-and-sewing|NCL-main|seed42,NCL,arts-crafts-and-sewing,NCL-main,42,long_tail,17815,11261,0.008087753765553374,0.01593413789877444,0.0038869214433442517,0.005919907469730443
NCL|arts-crafts-and-sewing|NCL-main|seed42,NCL,arts-crafts-and-sewing,NCL-main,42,overall,,,0.13242432754442915,0.17418563034639017,0.09178203891771305,0.10343588055795828
NCL|arts-crafts-and-sewing|NCL-main|seed42,NCL,arts-crafts-and-sewing,NCL-main,42,warm,35000,6516,0.18047544688769762,0.23614506520961756,0.12317047298101907,0.13845437856701898
LightGCN|cds-and-vinyl|LightGCN-cdvinyl-validation|seed0,LightGCN,cds-and-vinyl,LightGCN-cdvinyl-validation,0,overall,,,0.09725326190784944,0.1370809080139159,0.0576948675017222,0.06840413952139476
LightGCN|cds-and-vinyl|LightGCN-cdvinyl-validation|seed0,LightGCN,cds-and-vinyl,LightGCN-cdvinyl-validation,0,near_cold,15823,15181,0.002118879291349746,0.004264223811406127,0.0008796314840188539,0.0014432437268815373
LightGCN|cds-and-vinyl|LightGCN-cdvinyl-validation|seed0,LightGCN,cds-and-vinyl,LightGCN-cdvinyl-validation,0,long_tail,28419,27363,0.006485411757397999,0.012388588234480639,0.0030716093813078827,0.0046142395199614715
LightGCN|cds-and-vinyl|LightGCN-cdvinyl-validation|seed0,LightGCN,cds-and-vinyl,LightGCN-cdvinyl-validation,0,warm,61400,20109,0.13063619930285053,0.183209964535635,0.0767422572298162,0.09081983052652451
LightGCN|cds-and-vinyl|LightGCN-cdvinyl-test|seed0,LightGCN,cds-and-vinyl,LightGCN-cdvinyl-test,0,overall,,,0.10479612762661407,0.1440029041589321,0.0701646314891817,0.0813502699390437
LightGCN|cds-and-vinyl|LightGCN-cdvinyl-test|seed0,LightGCN,cds-and-vinyl,LightGCN-cdvinyl-test,0,near_cold,25704,22419,0.002396561104750263,0.0046317749775248345,0.0011520790363113264,0.0017460356908637082
LightGCN|cds-and-vinyl|LightGCN-cdvinyl-test|seed0,LightGCN,cds-and-vinyl,LightGCN-cdvinyl-test,0,long_tail,43892,39228,0.007996977942080132,0.013982913950014813,0.0039505165983507425,0.005599896691022526
LightGCN|cds-and-vinyl|LightGCN-cdvinyl-test|seed0,LightGCN,cds-and-vinyl,LightGCN-cdvinyl-test,0,warm,86232,21980,0.13757172571630058,0.18904578310787895,0.09027006514678385,0.1048486454129058
LightGCN|cds-and-vinyl|LightGCN-cdvinyl-validation|seed1,LightGCN,cds-and-vinyl,LightGCN-cdvinyl-validation,1,overall,,,0.09566766207479865,0.13608612279996024,0.056917486671648414,0.06777589068784101
LightGCN|cds-and-vinyl|LightGCN-cdvinyl-validation|seed1,LightGCN,cds-and-vinyl,LightGCN-cdvinyl-validation,1,near_cold,15823,15181,0.002279886625459526,0.00433841383416785,0.0009686542637580254,0.0014956118952417546
LightGCN|cds-and-vinyl|LightGCN-cdvinyl-validation|seed1,LightGCN,cds-and-vinyl,LightGCN-cdvinyl-validation,1,long_tail,28419,27363,0.007075590185403837,0.013381582227119486,0.0033156819190153473,0.004943852507119884
LightGCN|cds-and-vinyl|LightGCN-cdvinyl-validation|seed1,LightGCN,cds-and-vinyl,LightGCN-cdvinyl-validation,1,warm,61400,20109,0.12800118586149623,0.18143984914261752,0.07557094556519856,0.0898650022552949
LightGCN|cds-and-vinyl|LightGCN-cdvinyl-test|seed1,LightGCN,cds-and-vinyl,LightGCN-cdvinyl-test,1,overall,,,0.10387027540499046,0.14279042668457337,0.06960830535437249,0.08067449355520752
LightGCN|cds-and-vinyl|LightGCN-cdvinyl-test|seed1,LightGCN,cds-and-vinyl,LightGCN-cdvinyl-test,1,near_cold,25704,22419,0.002304237850662303,0.004573217309649888,0.001167821484469018,0.0017537069494430032
LightGCN|cds-and-vinyl|LightGCN-cdvinyl-test|seed1,LightGCN,cds-and-vinyl,LightGCN-cdvinyl-test,1,long_tail,43892,39228,0.007431063308834768,0.013253203992274218,0.0038155428248048333,0.005385882005030468
LightGCN|cds-and-vinyl|LightGCN-cdvinyl-test|seed1,LightGCN,cds-and-vinyl,LightGCN-cdvinyl-test,1,warm,86232,21980,0.1367058914285007,0.18786571134497618,0.08967578498717611,0.10413340024830911
LightGCN|cds-and-vinyl|LightGCN-cdvinyl-validation|seed42,LightGCN,cds-and-vinyl,LightGCN-cdvinyl-validation,42,overall,,,0.09521296778326857,0.1360732378291545,0.056317072660809604,0.06731817723116333
LightGCN|cds-and-vinyl|LightGCN-cdvinyl-validation|seed42,LightGCN,cds-and-vinyl,LightGCN-cdvinyl-validation,42,near_cold,15823,15181,0.002426316776866609,0.004814717627948368,0.0009526892009972696,0.00155149709687602
LightGCN|cds-and-vinyl|LightGCN-cdvinyl-validation|seed42,LightGCN,cds-and-vinyl,LightGCN-cdvinyl-validation,42,long_tail,28419,27363,0.00739052392553886,0.01321291066329582,0.0034289571823623755,0.004937959196131231
LightGCN|cds-and-vinyl|LightGCN-cdvinyl-validation|seed42,LightGCN,cds-and-vinyl,LightGCN-cdvinyl-validation,42,warm,61400,20109,0.12738805709315634,0.1816905012435577,0.07474853309856476,0.08929067040238983
LightGCN|cds-and-vinyl|LightGCN-cdvinyl-test|seed42,LightGCN,cds-and-vinyl,LightGCN-cdvinyl-test,42,overall,,,0.10413111774185586,0.14377327644054297,0.06941780870094186,0.08064678204545604
LightGCN|cds-and-vinyl|LightGCN-cdvinyl-test|seed42,LightGCN,cds-and-vinyl,LightGCN-cdvinyl-test,42,near_cold,25704,22419,0.002357501642632361,0.004718249835257193,0.0010957534667591347,0.0017287645925717235
LightGCN|cds-and-vinyl|LightGCN-cdvinyl-test|seed42,LightGCN,cds-and-vinyl,LightGCN-cdvinyl-test,42,long_tail,43892,39228,0.007884624533155337,0.014099740535467016,0.0038874390139159343,0.005571141776078529
LightGCN|cds-and-vinyl|LightGCN-cdvinyl-test|seed42,LightGCN,cds-and-vinyl,LightGCN-cdvinyl-test,42,warm,86232,21980,0.1366386309386927,0.1885794860796895,0.08933095217631527,0.10394743204717057
SGL-ED|cds-and-vinyl|SGL-ED-cdvinyl-validation|seed0,SGL-ED,cds-and-vinyl,SGL-ED-cdvinyl-validation,0,overall,,,0.10818503701000659,0.1489920866182455,0.06694520383083753,0.07794479403004924
SGL-ED|cds-and-vinyl|SGL-ED-cdvinyl-validation|seed0,SGL-ED,cds-and-vinyl,SGL-ED-cdvinyl-validation,0,near_cold,15823,15181,0.0018011755040131454,0.005030388253386421,0.0007457426182488112,0.001571054090831967
SGL-ED|cds-and-vinyl|SGL-ED-cdvinyl-validation|seed0,SGL-ED,cds-and-vinyl,SGL-ED-cdvinyl-validation,0,long_tail,28419,27363,0.0066236770028497045,0.013363994160225559,0.002991211184656749,0.004723027516817097
SGL-ED|cds-and-vinyl|SGL-ED-cdvinyl-validation|seed0,SGL-ED,cds-and-vinyl,SGL-ED-cdvinyl-validation,0,warm,61400,20109,0.14536558615503972,0.1992026078232025,0.08922141216994323,0.10366234381372985
SGL-ED|cds-and-vinyl|SGL-ED-cdvinyl-test|seed0,SGL-ED,cds-and-vinyl,SGL-ED-cdvinyl-test,0,overall,,,0.11620384650778086,0.1556148768243932,0.08049504949862935,0.0916364458279472
SGL-ED|cds-and-vinyl|SGL-ED-cdvinyl-test|seed0,SGL-ED,cds-and-vinyl,SGL-ED-cdvinyl-test,0,near_cold,25704,22419,0.001869105129974695,0.004133327533085988,0.0009093107311249293,0.0014959677989707645
SGL-ED|cds-and-vinyl|SGL-ED-cdvinyl-test|seed0,SGL-ED,cds-and-vinyl,SGL-ED-cdvinyl-test,0,long_tail,43892,39228,0.007049428415334648,0.01311283410988065,0.003430073419024968,0.005064865625458683
SGL-ED|cds-and-vinyl|SGL-ED-cdvinyl-test|seed0,SGL-ED,cds-and-vinyl,SGL-ED-cdvinyl-test,0,warm,86232,21980,0.1533916189888983,0.20502750295866973,0.10410456520868619,0.11864179658893462
SGL-ED|cds-and-vinyl|SGL-ED-cdvinyl-validation|seed1,SGL-ED,cds-and-vinyl,SGL-ED-cdvinyl-validation,1,overall,,,0.10782508565059946,0.14767283598867886,0.0665075056729477,0.07722210646161005
SGL-ED|cds-and-vinyl|SGL-ED-cdvinyl-validation|seed1,SGL-ED,cds-and-vinyl,SGL-ED-cdvinyl-validation,1,near_cold,15823,15181,0.0015829879951727896,0.004413256170192276,0.0006388295022635815,0.0013715476768481809
SGL-ED|cds-and-vinyl|SGL-ED-cdvinyl-validation|seed1,SGL-ED,cds-and-vinyl,SGL-ED-cdvinyl-validation,1,long_tail,28419,27363,0.006159978129558448,0.012568657553611615,0.0027063166500546653,0.004373479060274353
SGL-ED|cds-and-vinyl|SGL-ED-cdvinyl-validation|seed1,SGL-ED,cds-and-vinyl,SGL-ED-cdvinyl-validation,1,warm,61400,20109,0.14503227531324078,0.1976404520114998,0.08872429097019371,0.10279764987179846
SGL-ED|cds-and-vinyl|SGL-ED-cdvinyl-test|seed1,SGL-ED,cds-and-vinyl,SGL-ED-cdvinyl-test,1,overall,,,0.1163438694647729,0.15621909530679617,0.08066004843487198,0.09191860060417363
SGL-ED|cds-and-vinyl|SGL-ED-cdvinyl-test|seed1,SGL-ED,cds-and-vinyl,SGL-ED-cdvinyl-test,1,near_cold,25704,22419,0.001906519660253278,0.003966793556136419,0.0008761605266485675,0.0014324439800918677
SGL-ED|cds-and-vinyl|SGL-ED-cdvinyl-test|seed1,SGL-ED,cds-and-vinyl,SGL-ED-cdvinyl-test,1,long_tail,43892,39228,0.006473895649463297,0.012095710709277558,0.003130088152245181,0.004653733139998362
SGL-ED|cds-and-vinyl|SGL-ED-cdvinyl-test|seed1,SGL-ED,cds-and-vinyl,SGL-ED-cdvinyl-test,1,warm,86232,21980,0.15367163447102658,0.206075575624673,0.10439748001137181,0.11911943937851971
SGL-ED|cds-and-vinyl|SGL-ED-cdvinyl-validation|seed42,SGL-ED,cds-and-vinyl,SGL-ED-cdvinyl-validation,42,overall,,,0.10826430259286918,0.14816010299310592,0.0670622470485105,0.07782163040213404
SGL-ED|cds-and-vinyl|SGL-ED-cdvinyl-validation|seed42,SGL-ED,cds-and-vinyl,SGL-ED-cdvinyl-validation,42,near_cold,15823,15181,0.0013617910034518768,0.004063554259471595,0.0006606666253936077,0.0013400737510522365
SGL-ED|cds-and-vinyl|SGL-ED-cdvinyl-validation|seed42,SGL-ED,cds-and-vinyl,SGL-ED-cdvinyl-validation,42,long_tail,28419,27363,0.005287680726331034,0.011446488121719278,0.0024880010816373723,0.004070770922560771
SGL-ED|cds-and-vinyl|SGL-ED-cdvinyl-validation|seed42,SGL-ED,cds-and-vinyl,SGL-ED-cdvinyl-validation,42,warm,61400,20109,0.14586100321316323,0.19869872157493967,0.08953999165377236,0.1037257413827485
SGL-ED|cds-and-vinyl|SGL-ED-cdvinyl-test|seed42,SGL-ED,cds-and-vinyl,SGL-ED-cdvinyl-test,42,overall,,,0.11636400012149871,0.1554057683710498,0.08077959370430302,0.09180702755604815
SGL-ED|cds-and-vinyl|SGL-ED-cdvinyl-test|seed42,SGL-ED,cds-and-vinyl,SGL-ED-cdvinyl-test,42,near_cold,25704,22419,0.001919286233011723,0.003451951768361666,0.0008998380584665629,0.0013046695425021901
SGL-ED|cds-and-vinyl|SGL-ED-cdvinyl-test|seed42,SGL-ED,cds-and-vinyl,SGL-ED-cdvinyl-test,42,long_tail,43892,39228,0.00615032413333727,0.011006696893189257,0.0030205066054984336,0.004335497130483668
SGL-ED|cds-and-vinyl|SGL-ED-cdvinyl-test|seed42,SGL-ED,cds-and-vinyl,SGL-ED-cdvinyl-test,42,warm,86232,21980,0.1538572522016284,0.20556081781836233,0.10465904034786237,0.11918670253105329
SimGCL|cds-and-vinyl|SimGCL-cdvinyl-validation|seed0,SimGCL,cds-and-vinyl,SimGCL-cdvinyl-validation,0,overall,,,0.10124655531996495,0.1400228697211393,0.06338204734559134,0.0738581683540906
SimGCL|cds-and-vinyl|SimGCL-cdvinyl-validation|seed0,SimGCL,cds-and-vinyl,SimGCL-cdvinyl-validation,0,near_cold,15823,15181,0.0008974277949819882,0.002177210389938697,0.0004087135990108412,0.0007342436338148637
SimGCL|cds-and-vinyl|SimGCL-cdvinyl-validation|seed0,SimGCL,cds-and-vinyl,SimGCL-cdvinyl-validation,0,long_tail,28419,27363,0.003901873124473788,0.00799992499382303,0.0017552534695970548,0.002823828418132184
SimGCL|cds-and-vinyl|SimGCL-cdvinyl-validation|seed0,SimGCL,cds-and-vinyl,SimGCL-cdvinyl-validation,0,warm,61400,20109,0.13662542946639541,0.1888639834857559,0.08480502249932363,0.09883682082313612
SimGCL|cds-and-vinyl|SimGCL-cdvinyl-test|seed0,SimGCL,cds-and-vinyl,SimGCL-cdvinyl-test,0,overall,,,0.10912986917316375,0.14667812655588494,0.07639915811122758,0.08701189697571927
SimGCL|cds-and-vinyl|SimGCL-cdvinyl-test|seed0,SimGCL,cds-and-vinyl,SimGCL-cdvinyl-test,0,near_cold,25704,22419,0.001056904243178753,0.0026052473458519207,0.0004832795927539427,0.0008890567772598998
SimGCL|cds-and-vinyl|SimGCL-cdvinyl-test|seed0,SimGCL,cds-and-vinyl,SimGCL-cdvinyl-test,0,long_tail,43892,39228,0.0041044316006233,0.008577615532534617,0.0018889072782599264,0.003088079098242335
SimGCL|cds-and-vinyl|SimGCL-cdvinyl-test|seed0,SimGCL,cds-and-vinyl,SimGCL-cdvinyl-test,0,warm,86232,21980,0.14443372437974009,0.19408300045786464,0.0991673545552889,0.1131467839881209
SimGCL|cds-and-vinyl|SimGCL-cdvinyl-validation|seed1,SimGCL,cds-and-vinyl,SimGCL-cdvinyl-validation,1,overall,,,0.10194869331804349,0.14080894887764286,0.0636817771896911,0.07418192042084812
SimGCL|cds-and-vinyl|SimGCL-cdvinyl-validation|seed1,SimGCL,cds-and-vinyl,SimGCL-cdvinyl-validation,1,near_cold,15823,15181,0.0010080262908424445,0.002035012323832396,0.0003862024105655163,0.0006393817259377069
SimGCL|cds-and-vinyl|SimGCL-cdvinyl-validation|seed1,SimGCL,cds-and-vinyl,SimGCL-cdvinyl-validation,1,long_tail,28419,27363,0.003897523530501055,0.00833316685430019,0.0017453593350628363,0.0028883165695900367
SimGCL|cds-and-vinyl|SimGCL-cdvinyl-validation|seed1,SimGCL,cds-and-vinyl,SimGCL-cdvinyl-validation,1,warm,61400,20109,0.13782491581445702,0.189867538990002,0.08529359909891078,0.0992785981544714
SimGCL|cds-and-vinyl|SimGCL-cdvinyl-test|seed1,SimGCL,cds-and-vinyl,SimGCL-cdvinyl-test,1,overall,,,0.10982077636764871,0.14711011487430847,0.07681026322186928,0.0873548902345229
SimGCL|cds-and-vinyl|SimGCL-cdvinyl-test|seed1,SimGCL,cds-and-vinyl,SimGCL-cdvinyl-test,1,near_cold,25704,22419,0.0010122873234439105,0.0025053536857913197,0.0004411056128078858,0.0008338874675367715
SimGCL|cds-and-vinyl|SimGCL-cdvinyl-test|seed1,SimGCL,cds-and-vinyl,SimGCL-cdvinyl-test,1,long_tail,43892,39228,0.004090016197572563,0.008591418668737529,0.0018349274541786368,0.003052616653856125
SimGCL|cds-and-vinyl|SimGCL-cdvinyl-test|seed1,SimGCL,cds-and-vinyl,SimGCL-cdvinyl-test,1,warm,86232,21980,0.14541439464551717,0.19473092463829358,0.09977051021481984,0.11364537694557718
SimGCL|cds-and-vinyl|SimGCL-cdvinyl-validation|seed42,SimGCL,cds-and-vinyl,SimGCL-cdvinyl-validation,42,overall,,,0.10147565604547744,0.1400583739205219,0.0631168876705427,0.07350575932326464
SimGCL|cds-and-vinyl|SimGCL-cdvinyl-validation|seed42,SimGCL,cds-and-vinyl,SimGCL-cdvinyl-validation,42,near_cold,15823,15181,0.0010343592660473151,0.0019398084903994024,0.0004840505700445162,0.0007159991017922734
SimGCL|cds-and-vinyl|SimGCL-cdvinyl-validation|seed42,SimGCL,cds-and-vinyl,SimGCL-cdvinyl-validation,42,long_tail,28419,27363,0.004070236621508245,0.00790319507021672,0.0018015773064772836,0.002791168384289817
SimGCL|cds-and-vinyl|SimGCL-cdvinyl-validation|seed42,SimGCL,cds-and-vinyl,SimGCL-cdvinyl-validation,42,warm,61400,20109,0.13731257500040342,0.18915213111632237,0.08454665340845298,0.09843660883354366
SimGCL|cds-and-vinyl|SimGCL-cdvinyl-test|seed42,SimGCL,cds-and-vinyl,SimGCL-cdvinyl-test,42,overall,,,0.10815538451258212,0.14607518546207074,0.0758825907380515,0.08657721821017303
SimGCL|cds-and-vinyl|SimGCL-cdvinyl-test|seed42,SimGCL,cds-and-vinyl,SimGCL-cdvinyl-test,42,near_cold,25704,22419,0.0012870889096379293,0.0027955374068819447,0.0005744579125658953,0.0009690588323059797
SimGCL|cds-and-vinyl|SimGCL-cdvinyl-test|seed42,SimGCL,cds-and-vinyl,SimGCL-cdvinyl-test,42,long_tail,43892,39228,0.004317324621788343,0.008302528036915226,0.002011640598449875,0.003103246444160067
SimGCL|cds-and-vinyl|SimGCL-cdvinyl-test|seed42,SimGCL,cds-and-vinyl,SimGCL-cdvinyl-test,42,warm,86232,21980,0.14325060321082725,0.19368786711390468,0.09853649816142555,0.11267816068230768
XSimGCL|cds-and-vinyl|XSimGCL-cdvinyl-validation|seed0,XSimGCL,cds-and-vinyl,XSimGCL-cdvinyl-validation,0,overall,,,0.10573178845544705,0.14522229884268792,0.06628181000908619,0.07695748904915818
XSimGCL|cds-and-vinyl|XSimGCL-cdvinyl-validation|seed0,XSimGCL,cds-and-vinyl,XSimGCL-cdvinyl-validation,0,near_cold,15823,15181,0.0005055931239335145,0.0017348164064968717,0.00019640781079274482,0.0005139479823272024
XSimGCL|cds-and-vinyl|XSimGCL-cdvinyl-validation|seed0,XSimGCL,cds-and-vinyl,XSimGCL-cdvinyl-validation,0,long_tail,28419,27363,0.0031418730035852383,0.007279942660761831,0.0013030868257515183,0.002377956643421807
XSimGCL|cds-and-vinyl|XSimGCL-cdvinyl-validation|seed0,XSimGCL,cds-and-vinyl,XSimGCL-cdvinyl-validation,0,warm,61400,20109,0.14347865289839107,0.1965778443281432,0.08906319859707727,0.10334512114750918
XSimGCL|cds-and-vinyl|XSimGCL-cdvinyl-test|seed0,XSimGCL,cds-and-vinyl,XSimGCL-cdvinyl-test,0,overall,,,0.11242658008218873,0.15158301017172618,0.07905966629569766,0.09011263453120133
XSimGCL|cds-and-vinyl|XSimGCL-cdvinyl-test|seed0,XSimGCL,cds-and-vinyl,XSimGCL-cdvinyl-test,0,near_cold,25704,22419,0.0008623819898329703,0.0020878721859114015,0.0003662300014796461,0.0006776020603359817
XSimGCL|cds-and-vinyl|XSimGCL-cdvinyl-test|seed0,XSimGCL,cds-and-vinyl,XSimGCL-cdvinyl-test,0,long_tail,43892,39228,0.003755244188124719,0.007833541115643413,0.0016614257519121586,0.002766112596532104
XSimGCL|cds-and-vinyl|XSimGCL-cdvinyl-test|seed0,XSimGCL,cds-and-vinyl,XSimGCL-cdvinyl-test,0,warm,86232,21980,0.1493545844645964,0.20164151072340442,0.10293619325578977,0.11760892567890067
XSimGCL|cds-and-vinyl|XSimGCL-cdvinyl-validation|seed1,XSimGCL,cds-and-vinyl,XSimGCL-cdvinyl-validation,1,overall,,,0.105479250919035,0.14538195760988656,0.06573440130193901,0.07646069623142501
XSimGCL|cds-and-vinyl|XSimGCL-cdvinyl-validation|seed1,XSimGCL,cds-and-vinyl,XSimGCL-cdvinyl-validation,1,near_cold,15823,15181,0.0005055931239335145,0.0017694254596232729,0.00019668908030043674,0.0005252325439787695
XSimGCL|cds-and-vinyl|XSimGCL-cdvinyl-validation|seed1,XSimGCL,cds-and-vinyl,XSimGCL-cdvinyl-validation,1,long_tail,28419,27363,0.0034495142697401754,0.007667422778123474,0.0015673027716258323,0.00266236147939448
XSimGCL|cds-and-vinyl|XSimGCL-cdvinyl-validation|seed1,XSimGCL,cds-and-vinyl,XSimGCL-cdvinyl-validation,1,warm,61400,20109,0.14299287066714889,0.19652501894169333,0.08818792261206368,0.1025058409477228
XSimGCL|cds-and-vinyl|XSimGCL-cdvinyl-test|seed1,XSimGCL,cds-and-vinyl,XSimGCL-cdvinyl-test,1,overall,,,0.11331266670574036,0.15237354236945644,0.07977066207488244,0.09081448312795415
XSimGCL|cds-and-vinyl|XSimGCL-cdvinyl-test|seed1,XSimGCL,cds-and-vinyl,XSimGCL-cdvinyl-test,1,near_cold,25704,22419,0.000842929764498392,0.002088891112000356,0.00037022204650495345,0.0006904852721282376
XSimGCL|cds-and-vinyl|XSimGCL-cdvinyl-test|seed1,XSimGCL,cds-and-vinyl,XSimGCL-cdvinyl-test,1,long_tail,43892,39228,0.0038162434807607563,0.0080501588208436,0.001782523165657863,0.0029349706762739508
XSimGCL|cds-and-vinyl|XSimGCL-cdvinyl-test|seed1,XSimGCL,cds-and-vinyl,XSimGCL-cdvinyl-test,1,warm,86232,21980,0.15046550002895953,0.20251846923744082,0.10371357012420822,0.11834207505444645
XSimGCL|cds-and-vinyl|XSimGCL-cdvinyl-validation|seed42,XSimGCL,cds-and-vinyl,XSimGCL-cdvinyl-validation,42,overall,,,0.10545333341974615,0.14514893531589468,0.066117521769966,0.07684498988057763
XSimGCL|cds-and-vinyl|XSimGCL-cdvinyl-validation|seed42,XSimGCL,cds-and-vinyl,XSimGCL-cdvinyl-validation,42,near_cold,15823,15181,0.0008531883966378058,0.0017959089089721713,0.00034373160909994914,0.0005828753734238754
XSimGCL|cds-and-vinyl|XSimGCL-cdvinyl-validation|seed42,XSimGCL,cds-and-vinyl,XSimGCL-cdvinyl-validation,42,long_tail,28419,27363,0.0033861670530800337,0.007394963705442611,0.0015057757902750511,0.002556681052441563
XSimGCL|cds-and-vinyl|XSimGCL-cdvinyl-validation|seed42,XSimGCL,cds-and-vinyl,XSimGCL-cdvinyl-validation,42,warm,61400,20109,0.14287571714640054,0.19636521260999176,0.0886833306134841,0.10305057579565234
XSimGCL|cds-and-vinyl|XSimGCL-cdvinyl-test|seed42,XSimGCL,cds-and-vinyl,XSimGCL-cdvinyl-test,42,overall,,,0.11292340206938223,0.15269125922350207,0.07917008608364275,0.0903586787368889
XSimGCL|cds-and-vinyl|XSimGCL-cdvinyl-test|seed42,XSimGCL,cds-and-vinyl,XSimGCL-cdvinyl-test,42,near_cold,25704,22419,0.0009976212707305144,0.0024662642834911742,0.0004334771460844179,0.0008056443538184702
XSimGCL|cds-and-vinyl|XSimGCL-cdvinyl-test|seed42,XSimGCL,cds-and-vinyl,XSimGCL-cdvinyl-test,42,long_tail,43892,39228,0.003814612411110458,0.008374929278803695,0.0017005859953225211,0.002923381376594051
XSimGCL|cds-and-vinyl|XSimGCL-cdvinyl-test|seed42,XSimGCL,cds-and-vinyl,XSimGCL-cdvinyl-test,42,warm,86232,21980,0.15011964738275704,0.20263066232729232,0.10307751944490914,0.11780064387808
NCL|cds-and-vinyl|NCL-cdvinyl-validation|seed0,NCL,cds-and-vinyl,NCL-cdvinyl-validation,0,overall,,,0.09184442376497194,0.13062411131303095,0.054502763541400004,0.06492692626014736
NCL|cds-and-vinyl|NCL-cdvinyl-validation|seed0,NCL,cds-and-vinyl,NCL-cdvinyl-validation,0,near_cold,15823,15181,0.0022435694874549704,0.004360740693926563,0.0009416932302583257,0.0014699541319182603
NCL|cds-and-vinyl|NCL-cdvinyl-validation|seed0,NCL,cds-and-vinyl,NCL-cdvinyl-validation,0,long_tail,28419,27363,0.0056527127782274,0.010318312336283365,0.00270368087272008,0.003910908404212425
NCL|cds-and-vinyl|NCL-cdvinyl-validation|seed0,NCL,cds-and-vinyl,NCL-cdvinyl-validation,0,warm,61400,20109,0.1232989448731451,0.1749279098253067,0.07254699777559705,0.08636390136365306
NCL|cds-and-vinyl|NCL-cdvinyl-test|seed0,NCL,cds-and-vinyl,NCL-cdvinyl-test,0,overall,,,0.10107489941946064,0.13955966881230522,0.06737446509562256,0.07830461819206146
NCL|cds-and-vinyl|NCL-cdvinyl-test|seed0,NCL,cds-and-vinyl,NCL-cdvinyl-test,0,near_cold,25704,22419,0.00216012309157818,0.004553466295597904,0.0009987523541842899,0.0016183338363849086
NCL|cds-and-vinyl|NCL-cdvinyl-test|seed0,NCL,cds-and-vinyl,NCL-cdvinyl-test,0,long_tail,43892,39228,0.0071653067950412045,0.012734308517865701,0.0036293583120950426,0.00510169229126176
NCL|cds-and-vinyl|NCL-cdvinyl-test|seed0,NCL,cds-and-vinyl,NCL-cdvinyl-test,0,warm,86232,21980,0.13233506275511775,0.18283351895457015,0.0865603834494032,0.10081653587582358
NCL|cds-and-vinyl|NCL-cdvinyl-validation|seed1,NCL,cds-and-vinyl,NCL-cdvinyl-validation,1,overall,,,0.09148884687655005,0.130720550024048,0.053726391108861266,0.06431039645385292
NCL|cds-and-vinyl|NCL-cdvinyl-validation|seed1,NCL,cds-and-vinyl,NCL-cdvinyl-validation,1,near_cold,15823,15181,0.0018643746445048347,0.00412650209262996,0.0008299641946983292,0.0014045144513586498
NCL|cds-and-vinyl|NCL-cdvinyl-validation|seed1,NCL,cds-and-vinyl,NCL-cdvinyl-validation,1,long_tail,28419,27363,0.005579526957312738,0.010745961746365065,0.0027267812590266198,0.004059527230440211
NCL|cds-and-vinyl|NCL-cdvinyl-validation|seed1,NCL,cds-and-vinyl,NCL-cdvinyl-validation,1,warm,61400,20109,0.12282941432945353,0.1749964741068842,0.07144501897871383,0.08545160990525758
NCL|cds-and-vinyl|NCL-cdvinyl-test|seed1,NCL,cds-and-vinyl,NCL-cdvinyl-test,1,overall,,,0.10066246143913284,0.13869914758259355,0.06647495667181878,0.07726975477011616
NCL|cds-and-vinyl|NCL-cdvinyl-test|seed1,NCL,cds-and-vinyl,NCL-cdvinyl-test,1,near_cold,25704,22419,0.0026756930703580608,0.004337670992840185,0.0012584775936232064,0.0017098275071458786
NCL|cds-and-vinyl|NCL-cdvinyl-test|seed1,NCL,cds-and-vinyl,NCL-cdvinyl-test,1,long_tail,43892,39228,0.006846669688469452,0.011832233955785473,0.003481407243544227,0.00482338600642807
NCL|cds-and-vinyl|NCL-cdvinyl-test|seed1,NCL,cds-and-vinyl,NCL-cdvinyl-test,1,warm,86232,21980,0.13203658226251713,0.1821479455468834,0.08551384288611659,0.09963260323755148
NCL|cds-and-vinyl|NCL-cdvinyl-validation|seed42,NCL,cds-and-vinyl,NCL-cdvinyl-validation,42,overall,,,0.09257971556399047,0.13182499936742556,0.05458496132521689,0.06514150727630419
NCL|cds-and-vinyl|NCL-cdvinyl-validation|seed42,NCL,cds-and-vinyl,NCL-cdvinyl-validation,42,near_cold,15823,15181,0.0019907729254882134,0.004579831047631086,0.0009524324858268238,0.0016175865937771003
NCL|cds-and-vinyl|NCL-cdvinyl-validation|seed42,NCL,cds-and-vinyl,NCL-cdvinyl-validation,42,long_tail,28419,27363,0.006302615030899998,0.011152925187280345,0.002922968188713779,0.0041826847465812785
NCL|cds-and-vinyl|NCL-cdvinyl-validation|seed42,NCL,cds-and-vinyl,NCL-cdvinyl-validation,42,warm,61400,20109,0.12389891004047564,0.1763339666661285,0.07254560572449167,0.08657195503258296
NCL|cds-and-vinyl|NCL-cdvinyl-test|seed42,NCL,cds-and-vinyl,NCL-cdvinyl-test,42,overall,,,0.10152556507240874,0.1395980276202482,0.0669029271470598,0.0777192736907624
NCL|cds-and-vinyl|NCL-cdvinyl-test|seed42,NCL,cds-and-vinyl,NCL-cdvinyl-test,42,near_cold,25704,22419,0.0028553019509473332,0.004875825394426752,0.0013437612615063881,0.0018497064905082996
NCL|cds-and-vinyl|NCL-cdvinyl-test|seed42,NCL,cds-and-vinyl,NCL-cdvinyl-test,42,long_tail,43892,39228,0.007436833230868515,0.012588662156702235,0.0036735400728029137,0.0050245463569304535
NCL|cds-and-vinyl|NCL-cdvinyl-test|seed42,NCL,cds-and-vinyl,NCL-cdvinyl-test,42,warm,86232,21980,0.1326733576499363,0.18270414863668955,0.08585532944650055,0.09997959555555601
TaxPro-CL|cds-and-vinyl|TaxPro-CL-cdvinyl-validation|seed0,TaxPro-CL,cds-and-vinyl,TaxPro-CL-cdvinyl-validation,0,overall,,,0.09412903146101911,0.13057817960333595,0.058042834837841076,0.06784383316244576
TaxPro-CL|cds-and-vinyl|TaxPro-CL-cdvinyl-validation|seed0,TaxPro-CL,cds-and-vinyl,TaxPro-CL-cdvinyl-validation,0,near_cold,15823,15181,0.001680043818070741,0.003676083338599928,0.000708317878334127,0.0012157466279050435
TaxPro-CL|cds-and-vinyl|TaxPro-CL-cdvinyl-validation|seed0,TaxPro-CL,cds-and-vinyl,TaxPro-CL-cdvinyl-validation,0,long_tail,28419,27363,0.005499242792803754,0.011146896024551822,0.0025341475530417583,0.003993115383085543
TaxPro-CL|cds-and-vinyl|TaxPro-CL-cdvinyl-validation|seed0,TaxPro-CL,cds-and-vinyl,TaxPro-CL-cdvinyl-validation,0,warm,61400,20109,0.1261277513453206,0.17422903521115357,0.07722176194431873,0.09009149692909307
TaxPro-CL|cds-and-vinyl|TaxPro-CL-cdvinyl-test|seed0,TaxPro-CL,cds-and-vinyl,TaxPro-CL-cdvinyl-test,0,overall,,,0.10211450609901214,0.13857370745265202,0.07071219248544264,0.08104259484915721
TaxPro-CL|cds-and-vinyl|TaxPro-CL-cdvinyl-test|seed0,TaxPro-CL,cds-and-vinyl,TaxPro-CL-cdvinyl-test,0,near_cold,25704,22419,0.0018623079897589704,0.003557815252493124,0.0009357234288787672,0.0013790864016112545
TaxPro-CL|cds-and-vinyl|TaxPro-CL-cdvinyl-test|seed0,TaxPro-CL,cds-and-vinyl,TaxPro-CL-cdvinyl-test,0,long_tail,43892,39228,0.006020017909260757,0.0113124418583336,0.0029721590817855118,0.004402875210331795
TaxPro-CL|cds-and-vinyl|TaxPro-CL-cdvinyl-test|seed0,TaxPro-CL,cds-and-vinyl,TaxPro-CL-cdvinyl-test,0,warm,86232,21980,0.13409443270335494,0.18176381069367883,0.09110736715570211,0.10453420676518313
TaxPro-CL|cds-and-vinyl|TaxPro-CL-cdvinyl-validation|seed1,TaxPro-CL,cds-and-vinyl,TaxPro-CL-cdvinyl-validation,1,overall,,,0.09429663978210341,0.13059414625248592,0.058384281206995244,0.06816656669799281
TaxPro-CL|cds-and-vinyl|TaxPro-CL-cdvinyl-validation|seed1,TaxPro-CL,cds-and-vinyl,TaxPro-CL-cdvinyl-validation,1,near_cold,15823,15181,0.0021329709915945145,0.0039183467104847375,0.0010491396711842563,0.0015030220018698954
TaxPro-CL|cds-and-vinyl|TaxPro-CL-cdvinyl-validation|seed1,TaxPro-CL,cds-and-vinyl,TaxPro-CL-cdvinyl-validation,1,long_tail,28419,27363,0.006180302023333104,0.011545634404922211,0.002995094513688567,0.004374112300969081
TaxPro-CL|cds-and-vinyl|TaxPro-CL-cdvinyl-validation|seed1,TaxPro-CL,cds-and-vinyl,TaxPro-CL-cdvinyl-validation,1,warm,61400,20109,0.12607479875160807,0.1740942245908498,0.07739737425201615,0.09027534080753429
TaxPro-CL|cds-and-vinyl|TaxPro-CL-cdvinyl-test|seed1,TaxPro-CL,cds-and-vinyl,TaxPro-CL-cdvinyl-test,1,overall,,,0.10210814175709396,0.13804443526630789,0.07075197534130061,0.0808856919853886
TaxPro-CL|cds-and-vinyl|TaxPro-CL-cdvinyl-test|seed1,TaxPro-CL,cds-and-vinyl,TaxPro-CL-cdvinyl-test,1,near_cold,25704,22419,0.002177751442457325,0.0038830631967886877,0.0011035432210094592,0.001545754432963692
TaxPro-CL|cds-and-vinyl|TaxPro-CL-cdvinyl-test|seed1,TaxPro-CL,cds-and-vinyl,TaxPro-CL-cdvinyl-test,1,long_tail,43892,39228,0.006273233069543459,0.011403290782294089,0.003244553294374201,0.004631514989199494
TaxPro-CL|cds-and-vinyl|TaxPro-CL-cdvinyl-test|seed1,TaxPro-CL,cds-and-vinyl,TaxPro-CL-cdvinyl-test,1,warm,86232,21980,0.13398214566822828,0.18074048442291452,0.09104951826112402,0.10417607503187305
TaxPro-CL|cds-and-vinyl|TaxPro-CL-cdvinyl-validation|seed42,TaxPro-CL,cds-and-vinyl,TaxPro-CL-cdvinyl-validation,42,overall,,,0.09395684633219538,0.13088551946553995,0.05795320022802096,0.06789448554554178
TaxPro-CL|cds-and-vinyl|TaxPro-CL-cdvinyl-validation|seed42,TaxPro-CL,cds-and-vinyl,TaxPro-CL-cdvinyl-validation,42,near_cold,15823,15181,0.0019718131833407065,0.0037887884724767747,0.0009576692906291803,0.0014291657750627657
TaxPro-CL|cds-and-vinyl|TaxPro-CL-cdvinyl-validation|seed42,TaxPro-CL,cds-and-vinyl,TaxPro-CL-cdvinyl-validation,42,long_tail,28419,27363,0.0061202984090446486,0.011140009121249812,0.0027968423080680324,0.0040878662278333285
TaxPro-CL|cds-and-vinyl|TaxPro-CL-cdvinyl-validation|seed42,TaxPro-CL,cds-and-vinyl,TaxPro-CL-cdvinyl-validation,42,warm,61400,20109,0.1255289408696958,0.17454937449093016,0.07689680697234227,0.09002572239286534
TaxPro-CL|cds-and-vinyl|TaxPro-CL-cdvinyl-test|seed42,TaxPro-CL,cds-and-vinyl,TaxPro-CL-cdvinyl-test,42,overall,,,0.10202655261243708,0.13789436541642858,0.07082858802377733,0.08096635679821171
TaxPro-CL|cds-and-vinyl|TaxPro-CL-cdvinyl-test|seed42,TaxPro-CL,cds-and-vinyl,TaxPro-CL-cdvinyl-test,42,near_cold,25704,22419,0.0019000335176805768,0.003632011597697873,0.0009168627149521889,0.0013743933111651932
TaxPro-CL|cds-and-vinyl|TaxPro-CL-cdvinyl-test|seed42,TaxPro-CL,cds-and-vinyl,TaxPro-CL-cdvinyl-test,42,long_tail,43892,39228,0.006058244030924793,0.011583194879154575,0.003055759872201341,0.004549221577617645
TaxPro-CL|cds-and-vinyl|TaxPro-CL-cdvinyl-test|seed42,TaxPro-CL,cds-and-vinyl,TaxPro-CL-cdvinyl-test,42,warm,86232,21980,0.1336473836672688,0.18054686314844118,0.09119069053486187,0.10435735718712495
TaxPro-CL|cds-and-vinyl|TaxPro-CL-cdvinyl-merge_t5-validation|seed0,TaxPro-CL,cds-and-vinyl,TaxPro-CL-cdvinyl-merge_t5-validation,0,overall,,,0.0940231994864489,0.13060056422887256,0.058018690876298955,0.06785622616337923
TaxPro-CL|cds-and-vinyl|TaxPro-CL-cdvinyl-merge_t5-validation|seed0,TaxPro-CL,cds-and-vinyl,TaxPro-CL-cdvinyl-merge_t5-validation,0,near_cold,15823,15181,0.001680043818070741,0.003676083338599928,0.0007160027686508053,0.0012247389605868698
TaxPro-CL|cds-and-vinyl|TaxPro-CL-cdvinyl-merge_t5-validation|seed0,TaxPro-CL,cds-and-vinyl,TaxPro-CL-cdvinyl-merge_t5-validation,0,long_tail,28419,27363,0.005428867339761775,0.011170354508899149,0.002516884073372968,0.003999595288627763
TaxPro-CL|cds-and-vinyl|TaxPro-CL-cdvinyl-merge_t5-validation|seed0,TaxPro-CL,cds-and-vinyl,TaxPro-CL-cdvinyl-merge_t5-validation,0,warm,61400,20109,0.12600473053004552,0.1742276961221061,0.07719295330976067,0.09010034026516832
TaxPro-CL|cds-and-vinyl|TaxPro-CL-cdvinyl-merge_t5-test|seed0,TaxPro-CL,cds-and-vinyl,TaxPro-CL-cdvinyl-merge_t5-test,0,overall,,,0.10221688743615381,0.1386709105313502,0.07073533904664354,0.08105962223613762
TaxPro-CL|cds-and-vinyl|TaxPro-CL-cdvinyl-merge_t5-test|seed0,TaxPro-CL,cds-and-vinyl,TaxPro-CL-cdvinyl-merge_t5-test,0,near_cold,25704,22419,0.0018623079897589704,0.00359671970316228,0.0009316710453957534,0.0013845206342631442
TaxPro-CL|cds-and-vinyl|TaxPro-CL-cdvinyl-merge_t5-test|seed0,TaxPro-CL,cds-and-vinyl,TaxPro-CL-cdvinyl-merge_t5-test,0,long_tail,43892,39228,0.0060428011043760395,0.011316998497356658,0.0029790906012436536,0.004403080479809137
TaxPro-CL|cds-and-vinyl|TaxPro-CL-cdvinyl-merge_t5-test|seed0,TaxPro-CL,cds-and-vinyl,TaxPro-CL-cdvinyl-merge_t5-test,0,warm,86232,21980,0.13418702509621236,0.1818791102100577,0.09112945265468099,0.10455780720407681
TaxPro-CL|cds-and-vinyl|TaxPro-CL-cdvinyl-merge_t5-validation|seed1,TaxPro-CL,cds-and-vinyl,TaxPro-CL-cdvinyl-merge_t5-validation,1,overall,,,0.09430363737527168,0.13055683706234295,0.05837706422347572,0.06814679340127294
TaxPro-CL|cds-and-vinyl|TaxPro-CL-cdvinyl-merge_t5-validation|seed1,TaxPro-CL,cds-and-vinyl,TaxPro-CL-cdvinyl-merge_t5-validation,1,near_cold,15823,15181,0.0021329709915945145,0.003855147569993048,0.0010491396711842563,0.0014882819621911338
TaxPro-CL|cds-and-vinyl|TaxPro-CL-cdvinyl-merge_t5-validation|seed1,TaxPro-CL,cds-and-vinyl,TaxPro-CL-cdvinyl-merge_t5-validation,1,long_tail,28419,27363,0.006144366345137272,0.01136951924526114,0.002965404285500523,0.004314677788937986
TaxPro-CL|cds-and-vinyl|TaxPro-CL-cdvinyl-merge_t5-validation|seed1,TaxPro-CL,cds-and-vinyl,TaxPro-CL-cdvinyl-merge_t5-validation,1,warm,61400,20109,0.12611256949439126,0.1740898633342535,0.07740240620259647,0.09026806701813728
TaxPro-CL|cds-and-vinyl|TaxPro-CL-cdvinyl-merge_t5-test|seed1,TaxPro-CL,cds-and-vinyl,TaxPro-CL-cdvinyl-merge_t5-test,1,overall,,,0.10214759850834108,0.13806766076480959,0.07074765209333532,0.08087806867112092
TaxPro-CL|cds-and-vinyl|TaxPro-CL-cdvinyl-merge_t5-test|seed1,TaxPro-CL,cds-and-vinyl,TaxPro-CL-cdvinyl-merge_t5-test,1,near_cold,25704,22419,0.002177751442457325,0.0038830631967886877,0.0011071987010588345,0.0015497243602101828
TaxPro-CL|cds-and-vinyl|TaxPro-CL-cdvinyl-merge_t5-test|seed1,TaxPro-CL,cds-and-vinyl,TaxPro-CL-cdvinyl-merge_t5-test,1,long_tail,43892,39228,0.006284976933401881,0.011423542511285452,0.003264949951822614,0.004651114283561379
TaxPro-CL|cds-and-vinyl|TaxPro-CL-cdvinyl-merge_t5-test|seed1,TaxPro-CL,cds-and-vinyl,TaxPro-CL-cdvinyl-merge_t5-test,1,warm,86232,21980,0.13403050498338157,0.18076488333501825,0.09103450380430833,0.10415718595012886
TaxPro-CL|cds-and-vinyl|TaxPro-CL-cdvinyl-merge_t5-validation|seed42,TaxPro-CL,cds-and-vinyl,TaxPro-CL-cdvinyl-merge_t5-validation,42,overall,,,0.09388919500802194,0.13089289370039733,0.057778744735761896,0.0677324290797429
TaxPro-CL|cds-and-vinyl|TaxPro-CL-cdvinyl-merge_t5-validation|seed42,TaxPro-CL,cds-and-vinyl,TaxPro-CL-cdvinyl-merge_t5-validation,42,near_cold,15823,15181,0.0020855716362257475,0.003712949503886747,0.0010126112931460069,0.001426516037131432
TaxPro-CL|cds-and-vinyl|TaxPro-CL-cdvinyl-merge_t5-validation|seed42,TaxPro-CL,cds-and-vinyl,TaxPro-CL-cdvinyl-merge_t5-validation,42,long_tail,28419,27363,0.0061401906410489164,0.011053569706100426,0.0027943762312187376,0.004054070178559892
TaxPro-CL|cds-and-vinyl|TaxPro-CL-cdvinyl-merge_t5-validation|seed42,TaxPro-CL,cds-and-vinyl,TaxPro-CL-cdvinyl-merge_t5-validation,42,warm,61400,20109,0.12545365948375414,0.17462836147753547,0.07667633538581958,0.0898351951249019
TaxPro-CL|cds-and-vinyl|TaxPro-CL-cdvinyl-merge_t5-test|seed42,TaxPro-CL,cds-and-vinyl,TaxPro-CL-cdvinyl-merge_t5-test,42,overall,,,0.10183728538985895,0.13799182817462696,0.07050209429832369,0.08070790377254558
TaxPro-CL|cds-and-vinyl|TaxPro-CL-cdvinyl-merge_t5-test|seed42,TaxPro-CL,cds-and-vinyl,TaxPro-CL-cdvinyl-merge_t5-test,42,near_cold,25704,22419,0.0019102901455842632,0.0034400829743967006,0.000919617850256218,0.0013252676788521507
TaxPro-CL|cds-and-vinyl|TaxPro-CL-cdvinyl-merge_t5-test|seed42,TaxPro-CL,cds-and-vinyl,TaxPro-CL-cdvinyl-merge_t5-test,42,long_tail,43892,39228,0.00597384061843265,0.011264600004604174,0.0030050350236292644,0.004429812555107372
TaxPro-CL|cds-and-vinyl|TaxPro-CL-cdvinyl-merge_t5-test|seed42,TaxPro-CL,cds-and-vinyl,TaxPro-CL-cdvinyl-merge_t5-test,42,warm,86232,21980,0.13351286974110396,0.18090594089903872,0.09081272686027338,0.10410248213379845
TaxPro-CL|cds-and-vinyl|TaxPro-CL-cdvinyl-merge_t10-validation|seed0,TaxPro-CL,cds-and-vinyl,TaxPro-CL-cdvinyl-merge_t10-validation,0,overall,,,0.09402394471274217,0.13051397492760963,0.058015797971450636,0.06783497684226295
TaxPro-CL|cds-and-vinyl|TaxPro-CL-cdvinyl-merge_t10-validation|seed0,TaxPro-CL,cds-and-vinyl,TaxPro-CL-cdvinyl-merge_t10-validation,0,near_cold,15823,15181,0.0016484442478248962,0.003676083338599928,0.00070539115563852,0.0012245315410360953
TaxPro-CL|cds-and-vinyl|TaxPro-CL-cdvinyl-merge_t10-validation|seed0,TaxPro-CL,cds-and-vinyl,TaxPro-CL-cdvinyl-merge_t10-validation,0,long_tail,28419,27363,0.005481648929543259,0.011170354508899149,0.0025261505207640443,0.003994995716830611
TaxPro-CL|cds-and-vinyl|TaxPro-CL-cdvinyl-merge_t10-validation|seed0,TaxPro-CL,cds-and-vinyl,TaxPro-CL-cdvinyl-merge_t10-validation,0,warm,61400,20109,0.1259725564226175,0.17412198704652737,0.07718407891203352,0.09007720736738618
TaxPro-CL|cds-and-vinyl|TaxPro-CL-cdvinyl-merge_t10-test|seed0,TaxPro-CL,cds-and-vinyl,TaxPro-CL-cdvinyl-merge_t10-test,0,overall,,,0.10228011252095656,0.13864058131245569,0.0707597690722802,0.08105471828903506
TaxPro-CL|cds-and-vinyl|TaxPro-CL-cdvinyl-merge_t10-test|seed0,TaxPro-CL,cds-and-vinyl,TaxPro-CL-cdvinyl-merge_t10-test,0,near_cold,25704,22419,0.0018623079897589704,0.00359671970316228,0.0009309758829094632,0.0013837777580298933
TaxPro-CL|cds-and-vinyl|TaxPro-CL-cdvinyl-merge_t10-test|seed0,TaxPro-CL,cds-and-vinyl,TaxPro-CL-cdvinyl-merge_t10-test,0,long_tail,43892,39228,0.006065584299491323,0.011321555136379715,0.0029882093005437356,0.004407880116449439
TaxPro-CL|cds-and-vinyl|TaxPro-CL-cdvinyl-merge_t10-test|seed0,TaxPro-CL,cds-and-vinyl,TaxPro-CL-cdvinyl-merge_t10-test,0,warm,86232,21980,0.13428321590261275,0.18183389564094252,0.09115945812100537,0.10454621680563407
TaxPro-CL|cds-and-vinyl|TaxPro-CL-cdvinyl-merge_t10-validation|seed1,TaxPro-CL,cds-and-vinyl,TaxPro-CL-cdvinyl-merge_t10-validation,1,overall,,,0.0943224431994107,0.1306108311177197,0.058367980370040366,0.0681505338288951
TaxPro-CL|cds-and-vinyl|TaxPro-CL-cdvinyl-merge_t10-validation|seed1,TaxPro-CL,cds-and-vinyl,TaxPro-CL-cdvinyl-merge_t10-validation,1,near_cold,15823,15181,0.0021329709915945145,0.003855147569993048,0.0010491396711842563,0.001487728601805158
TaxPro-CL|cds-and-vinyl|TaxPro-CL-cdvinyl-merge_t10-validation|seed1,TaxPro-CL,cds-and-vinyl,TaxPro-CL-cdvinyl-merge_t10-validation,1,long_tail,28419,27363,0.006075520793248379,0.011369695772317263,0.002957084504126902,0.00432272577247852
TaxPro-CL|cds-and-vinyl|TaxPro-CL-cdvinyl-merge_t10-validation|seed1,TaxPro-CL,cds-and-vinyl,TaxPro-CL-cdvinyl-merge_t10-validation,1,warm,61400,20109,0.1261685805565452,0.17417069736646223,0.07739637915218683,0.09027354407881918
TaxPro-CL|cds-and-vinyl|TaxPro-CL-cdvinyl-merge_t10-test|seed1,TaxPro-CL,cds-and-vinyl,TaxPro-CL-cdvinyl-merge_t10-test,1,overall,,,0.10219477775616509,0.13801808950476793,0.07077998286145976,0.0808841047192208
TaxPro-CL|cds-and-vinyl|TaxPro-CL-cdvinyl-merge_t10-test|seed1,TaxPro-CL,cds-and-vinyl,TaxPro-CL-cdvinyl-merge_t10-test,1,near_cold,25704,22419,0.002255560343795638,0.0039219676474578444,0.0011276491213081182,0.0015571711101041838
TaxPro-CL|cds-and-vinyl|TaxPro-CL-cdvinyl-merge_t10-test|seed1,TaxPro-CL,cds-and-vinyl,TaxPro-CL-cdvinyl-merge_t10-test,1,long_tail,43892,39228,0.006322406468234133,0.011410885180665851,0.003297164788891186,0.004668572041325422
TaxPro-CL|cds-and-vinyl|TaxPro-CL-cdvinyl-merge_t10-test|seed1,TaxPro-CL,cds-and-vinyl,TaxPro-CL-cdvinyl-merge_t10-test,1,warm,86232,21980,0.134080367691242,0.1807027664667915,0.09106010301721781,0.10415386412886157
TaxPro-CL|cds-and-vinyl|TaxPro-CL-cdvinyl-merge_t10-validation|seed42,TaxPro-CL,cds-and-vinyl,TaxPro-CL-cdvinyl-merge_t10-validation,42,overall,,,0.0938966844537442,0.1309357224235531,0.05775280349126719,0.06771546586993935
TaxPro-CL|cds-and-vinyl|TaxPro-CL-cdvinyl-merge_t10-validation|seed42,TaxPro-CL,cds-and-vinyl,TaxPro-CL-cdvinyl-merge_t10-validation,42,near_cold,15823,15181,0.002148770776717437,0.0036497503633950578,0.0010281103183295394,0.0014100415631591579
TaxPro-CL|cds-and-vinyl|TaxPro-CL-cdvinyl-merge_t10-validation|seed42,TaxPro-CL,cds-and-vinyl,TaxPro-CL-cdvinyl-merge_t10-validation,42,long_tail,28419,27363,0.006191442329677314,0.011018381979579436,0.002801076798677793,0.004040198296684562
TaxPro-CL|cds-and-vinyl|TaxPro-CL-cdvinyl-merge_t10-validation|seed42,TaxPro-CL,cds-and-vinyl,TaxPro-CL-cdvinyl-merge_t10-validation,42,warm,61400,20109,0.12546561183526067,0.1746969688103013,0.07664664384179394,0.08982034807474935
TaxPro-CL|cds-and-vinyl|TaxPro-CL-cdvinyl-merge_t10-test|seed42,TaxPro-CL,cds-and-vinyl,TaxPro-CL-cdvinyl-merge_t10-test,42,overall,,,0.10184781491029747,0.13796954588355353,0.07050717244233273,0.08070694124127276
TaxPro-CL|cds-and-vinyl|TaxPro-CL-cdvinyl-merge_t10-test|seed42,TaxPro-CL,cds-and-vinyl,TaxPro-CL-cdvinyl-merge_t10-test,42,near_cold,25704,22419,0.0019102901455842632,0.0034400829743967006,0.0009339763254518508,0.0013393309229790733
TaxPro-CL|cds-and-vinyl|TaxPro-CL-cdvinyl-merge_t10-test|seed42,TaxPro-CL,cds-and-vinyl,TaxPro-CL-cdvinyl-merge_t10-test,42,long_tail,43892,39228,0.006019407008663216,0.0112678547467635,0.003027107985067056,0.004440112277044068
TaxPro-CL|cds-and-vinyl|TaxPro-CL-cdvinyl-merge_t10-test|seed42,TaxPro-CL,cds-and-vinyl,TaxPro-CL-cdvinyl-merge_t10-test,42,warm,86232,21980,0.13349240196089207,0.18087313471016517,0.09080258805404223,0.10409188371128111
TaxPro-CL|cds-and-vinyl|TaxPro-CL-cdvinyl-merge_t15-validation|seed0,TaxPro-CL,cds-and-vinyl,TaxPro-CL-cdvinyl-merge_t15-validation,0,overall,,,0.09411718425532448,0.1305897306137678,0.05805476944808476,0.06786823123705465
TaxPro-CL|cds-and-vinyl|TaxPro-CL-cdvinyl-merge_t15-validation|seed0,TaxPro-CL,cds-and-vinyl,TaxPro-CL-cdvinyl-merge_t15-validation,0,near_cold,15823,15181,0.0017116433883165856,0.003676083338599928,0.0007279603276554279,0.0012259440722107824
TaxPro-CL|cds-and-vinyl|TaxPro-CL-cdvinyl-merge_t15-validation|seed0,TaxPro-CL,cds-and-vinyl,TaxPro-CL-cdvinyl-merge_t15-validation,0,long_tail,28419,27363,0.005516836656064249,0.011170354508899149,0.0025433085280051424,0.00399817110211696
TaxPro-CL|cds-and-vinyl|TaxPro-CL-cdvinyl-merge_t15-validation|seed0,TaxPro-CL,cds-and-vinyl,TaxPro-CL-cdvinyl-merge_t15-validation,0,warm,61400,20109,0.1260673261192251,0.17422661962999206,0.07722533569363546,0.09012135909920581
TaxPro-CL|cds-and-vinyl|TaxPro-CL-cdvinyl-merge_t15-test|seed0,TaxPro-CL,cds-and-vinyl,TaxPro-CL-cdvinyl-merge_t15-test,0,overall,,,0.10224819328000939,0.13867612841290333,0.07074696179813458,0.08105995588609778
TaxPro-CL|cds-and-vinyl|TaxPro-CL-cdvinyl-merge_t15-test|seed0,TaxPro-CL,cds-and-vinyl,TaxPro-CL-cdvinyl-merge_t15-test,0,near_cold,25704,22419,0.0018623079897589704,0.003557815252493124,0.0009316710453957534,0.001376273760924326
TaxPro-CL|cds-and-vinyl|TaxPro-CL-cdvinyl-merge_t15-test|seed0,TaxPro-CL,cds-and-vinyl,TaxPro-CL-cdvinyl-merge_t15-test,0,long_tail,43892,39228,0.006054192701933681,0.011269262279019875,0.0029823726197996296,0.004394162416504
TaxPro-CL|cds-and-vinyl|TaxPro-CL-cdvinyl-merge_t15-test|seed0,TaxPro-CL,cds-and-vinyl,TaxPro-CL-cdvinyl-merge_t15-test,0,warm,86232,21980,0.13425891789303843,0.18190698027848867,0.09115063900987967,0.10456278129269729
TaxPro-CL|cds-and-vinyl|TaxPro-CL-cdvinyl-merge_t15-validation|seed1,TaxPro-CL,cds-and-vinyl,TaxPro-CL-cdvinyl-merge_t15-validation,1,overall,,,0.09430094724850421,0.1306189321430103,0.05834324814968113,0.06813491415323149
TaxPro-CL|cds-and-vinyl|TaxPro-CL-cdvinyl-merge_t15-validation|seed1,TaxPro-CL,cds-and-vinyl,TaxPro-CL-cdvinyl-merge_t15-validation,1,near_cold,15823,15181,0.0021329709915945145,0.003855147569993048,0.0010491396711842563,0.0014876775763774126
TaxPro-CL|cds-and-vinyl|TaxPro-CL-cdvinyl-merge_t15-validation|seed1,TaxPro-CL,cds-and-vinyl,TaxPro-CL-cdvinyl-merge_t15-validation,1,long_tail,28419,27363,0.006213959848701007,0.011438541324206157,0.0029859979110856945,0.004333973501041444
TaxPro-CL|cds-and-vinyl|TaxPro-CL-cdvinyl-merge_t15-validation|seed1,TaxPro-CL,cds-and-vinyl,TaxPro-CL-cdvinyl-merge_t15-validation,1,warm,61400,20109,0.12605286370222465,0.17417481485592176,0.07734432917655999,0.09025211436232781
TaxPro-CL|cds-and-vinyl|TaxPro-CL-cdvinyl-merge_t15-test|seed1,TaxPro-CL,cds-and-vinyl,TaxPro-CL-cdvinyl-merge_t15-test,1,overall,,,0.10216976534501197,0.13810692887756917,0.07076467308378741,0.08089921645950256
TaxPro-CL|cds-and-vinyl|TaxPro-CL-cdvinyl-merge_t15-test|seed1,TaxPro-CL,cds-and-vinyl,TaxPro-CL-cdvinyl-merge_t15-test,1,near_cold,25704,22419,0.0022166558931264813,0.003931693760125133,0.001116868711373019,0.001560182745499213
TaxPro-CL|cds-and-vinyl|TaxPro-CL-cdvinyl-merge_t15-test|seed1,TaxPro-CL,cds-and-vinyl,TaxPro-CL-cdvinyl-merge_t15-test,1,long_tail,43892,39228,0.0062950666340957934,0.011438731308028974,0.003290357609635258,0.0046773535904734605
TaxPro-CL|cds-and-vinyl|TaxPro-CL-cdvinyl-merge_t15-test|seed1,TaxPro-CL,cds-and-vinyl,TaxPro-CL-cdvinyl-merge_t15-test,1,warm,86232,21980,0.13404731235786452,0.18082243226195377,0.09103821253321073,0.10417032340398669
TaxPro-CL|cds-and-vinyl|TaxPro-CL-cdvinyl-merge_t15-validation|seed42,TaxPro-CL,cds-and-vinyl,TaxPro-CL-cdvinyl-merge_t15-validation,42,overall,,,0.0939531025758132,0.13097079532295294,0.058020391414276534,0.06797509889640331
TaxPro-CL|cds-and-vinyl|TaxPro-CL-cdvinyl-merge_t15-validation|seed42,TaxPro-CL,cds-and-vinyl,TaxPro-CL-cdvinyl-merge_t15-validation,42,near_cold,15823,15181,0.002035012323832396,0.0037887884724767747,0.0009781964813902937,0.0014310229988167646
TaxPro-CL|cds-and-vinyl|TaxPro-CL-cdvinyl-merge_t15-validation|seed42,TaxPro-CL,cds-and-vinyl,TaxPro-CL-cdvinyl-merge_t15-validation,42,long_tail,28419,27363,0.006173079998826133,0.011122415257989317,0.0028144590118691034,0.004086944473270217
TaxPro-CL|cds-and-vinyl|TaxPro-CL-cdvinyl-merge_t15-validation|seed42,TaxPro-CL,cds-and-vinyl,TaxPro-CL-cdvinyl-merge_t15-validation,42,warm,61400,20109,0.12550411159646507,0.17468964955762442,0.07698505410768751,0.09014207030889988
TaxPro-CL|cds-and-vinyl|TaxPro-CL-cdvinyl-merge_t15-test|seed42,TaxPro-CL,cds-and-vinyl,TaxPro-CL-cdvinyl-merge_t15-test,42,overall,,,0.1021689684008564,0.13787378074349227,0.07086415478978356,0.08095627684898633
TaxPro-CL|cds-and-vinyl|TaxPro-CL-cdvinyl-merge_t15-test|seed42,TaxPro-CL,cds-and-vinyl,TaxPro-CL-cdvinyl-merge_t15-test,42,near_cold,25704,22419,0.0019000335176805768,0.0036903682737016072,0.0009042851412865247,0.0013747123643147049
TaxPro-CL|cds-and-vinyl|TaxPro-CL-cdvinyl-merge_t15-test|seed42,TaxPro-CL,cds-and-vinyl,TaxPro-CL-cdvinyl-merge_t15-test,42,long_tail,43892,39228,0.006052277003632696,0.011551081423182558,0.003052133301742747,0.004534424411307632
TaxPro-CL|cds-and-vinyl|TaxPro-CL-cdvinyl-merge_t15-test|seed42,TaxPro-CL,cds-and-vinyl,TaxPro-CL-cdvinyl-merge_t15-test,42,warm,86232,21980,0.13384332949921057,0.1805731940182105,0.09123846396847772,0.10435769769362394
TaxPro-CL|office-products|HO-TaxPro-CL-selected|seed42,TaxPro-CL,office-products,HO-TaxPro-CL-selected,42,near_cold,11203,6546,0.0005136095915351472,0.002398025472202032,0.00022661541984773866,0.0007211309980784574
TaxPro-CL|office-products|HO-TaxPro-CL-selected|seed42,TaxPro-CL,office-products,HO-TaxPro-CL-selected,42,long_tail,22202,12240,0.00618555192917863,0.010108333198595339,0.0030334500015130844,0.004062139160136618
TaxPro-CL|office-products|HO-TaxPro-CL-selected|seed42,TaxPro-CL,office-products,HO-TaxPro-CL-selected,42,warm,72631,9966,0.16457276033095497,0.1958025013527621,0.12529798741600648,0.1338114608981364
TaxPro-CL|office-products|HO-TaxPro-CL-selected|seed42,TaxPro-CL,office-products,HO-TaxPro-CL-selected,42,overall,,,0.1345318506668425,0.1603249158474943,0.10307221430986527,0.11017081554865857
TaxPro-CL|office-products|HO-TaxPro-CL-selected|seed0,TaxPro-CL,office-products,HO-TaxPro-CL-selected,0,near_cold,11203,6546,0.0005901197099983139,0.0030575710304354417,0.00021098844832675908,0.0008443938927034876
TaxPro-CL|office-products|HO-TaxPro-CL-selected|seed0,TaxPro-CL,office-products,HO-TaxPro-CL-selected,0,long_tail,22202,12240,0.006028447425618853,0.01066788084849521,0.002858837874911355,0.004041094660642215
TaxPro-CL|office-products|HO-TaxPro-CL-selected|seed0,TaxPro-CL,office-products,HO-TaxPro-CL-selected,0,warm,72631,9966,0.16712035127502095,0.1970523014469864,0.1271058079431788,0.135283239750549
TaxPro-CL|office-products|HO-TaxPro-CL-selected|seed0,TaxPro-CL,office-products,HO-TaxPro-CL-selected,0,overall,,,0.13658735852094078,0.16150564378630808,0.10453756920331814,0.11139672846216855
TaxPro-CL|office-products|HO-TaxPro-CL-selected|seed1,TaxPro-CL,office-products,HO-TaxPro-CL-selected,1,near_cold,11203,6546,0.000647502298845689,0.002522000201193274,0.0002319542408453411,0.0007025001584397606
TaxPro-CL|office-products|HO-TaxPro-CL-selected|seed1,TaxPro-CL,office-products,HO-TaxPro-CL-selected,1,long_tail,22202,12240,0.006286932647170463,0.010296793158697493,0.0029837715135473844,0.004022054995118177
TaxPro-CL|office-products|HO-TaxPro-CL-selected|seed1,TaxPro-CL,office-products,HO-TaxPro-CL-selected,1,warm,72631,9966,0.16734089464436025,0.19748831564704344,0.12871428862350331,0.13695265615131555
TaxPro-CL|office-products|HO-TaxPro-CL-selected|seed1,TaxPro-CL,office-products,HO-TaxPro-CL-selected,1,overall,,,0.13679252698983144,0.1617995719512977,0.10590149089681737,0.11278876611733656
TaxPro-CL|office-products|HO-V0|seed42,TaxPro-CL,office-products,HO-V0,42,near_cold,11203,6546,0.0005136095915351472,0.002398025472202032,0.0002175599279325328,0.0007124686581465202
TaxPro-CL|office-products|HO-V0|seed42,TaxPro-CL,office-products,HO-V0,42,long_tail,22202,12240,0.006214077887800976,0.010123346861028153,0.0030436824452331228,0.004068240958949897
TaxPro-CL|office-products|HO-V0|seed42,TaxPro-CL,office-products,HO-V0,42,warm,72631,9966,0.16487224606090434,0.19592592625303698,0.1254174251600971,0.13388804757729766
TaxPro-CL|office-products|HO-V0|seed42,TaxPro-CL,office-products,HO-V0,42,overall,,,0.1347690265662606,0.16042709260196078,0.10316880958761994,0.11023380028351092
TaxPro-CL|office-products|HO-V0|seed0,TaxPro-CL,office-products,HO-V0,0,near_cold,11203,6546,0.0005802017316790146,0.002968309225561747,0.00020492369773153537,0.0008230972347505576
TaxPro-CL|office-products|HO-V0|seed0,TaxPro-CL,office-products,HO-V0,0,long_tail,22202,12240,0.0060550100591538316,0.010592812536331141,0.002901675031731234,0.0040609807470861825
TaxPro-CL|office-products|HO-V0|seed0,TaxPro-CL,office-products,HO-V0,0,warm,72631,9966,0.16727432593230687,0.19732875212358272,0.12718377330814593,0.13538409691178552
TaxPro-CL|office-products|HO-V0|seed0,TaxPro-CL,office-products,HO-V0,0,overall,,,0.1367133900436487,0.16170719507164125,0.10461264125195888,0.11148561663715406
TaxPro-CL|office-products|HO-V0|seed1,TaxPro-CL,office-products,HO-V0,1,near_cold,11203,6546,0.000647502298845689,0.002522000201193274,0.0002319542408453411,0.0007035094847533898
TaxPro-CL|office-products|HO-V0|seed1,TaxPro-CL,office-products,HO-V0,1,long_tail,22202,12240,0.006331973634468905,0.010319313652346713,0.002991574902405475,0.004021658040341873
TaxPro-CL|office-products|HO-V0|seed1,TaxPro-CL,office-products,HO-V0,1,warm,72631,9966,0.1672847985356326,0.19757988680995617,0.1287415671223189,0.13702131899581185
TaxPro-CL|office-products|HO-V0|seed1,TaxPro-CL,office-products,HO-V0,1,overall,,,0.1367568847289901,0.16188202121584766,0.10592390479017642,0.11284378249994803
TaxPro-CL|office-products|HO-V1|seed42,TaxPro-CL,office-products,HO-V1,42,near_cold,11203,6546,0.0005136095915351472,0.002398025472202032,0.00022661541984773866,0.0007211309980784574
TaxPro-CL|office-products|HO-V1|seed42,TaxPro-CL,office-products,HO-V1,42,long_tail,22202,12240,0.00618555192917863,0.010108333198595339,0.0030342963340935338,0.004063443802502337
TaxPro-CL|office-products|HO-V1|seed42,TaxPro-CL,office-products,HO-V1,42,warm,72631,9966,0.16458308650022158,0.19580754970218128,0.12530381140959196,0.13381625545115997
TaxPro-CL|office-products|HO-V1|seed42,TaxPro-CL,office-products,HO-V1,42,overall,,,0.1345418453235453,0.1603272223067334,0.1030774496597661,0.11017467959211737
TaxPro-CL|office-products|HO-V1|seed0,TaxPro-CL,office-products,HO-V1,0,near_cold,11203,6546,0.0005901197099983139,0.0030575710304354417,0.00021098844832675908,0.0008450712665667499
TaxPro-CL|office-products|HO-V1|seed0,TaxPro-CL,office-products,HO-V1,0,long_tail,22202,12240,0.0060584747504844804,0.010682894510928024,0.0028964402459862844,0.004074558033180686
TaxPro-CL|office-products|HO-V1|seed0,TaxPro-CL,office-products,HO-V1,0,warm,72631,9966,0.16712953009214682,0.19704266368900425,0.12714225091507378,0.135314199404136
TaxPro-CL|office-products|HO-V1|seed0,TaxPro-CL,office-products,HO-V1,0,overall,,,0.13660850106396585,0.1614956491296053,0.10457894680643783,0.11143015202048953
TaxPro-CL|office-products|HO-V1|seed1,TaxPro-CL,office-products,HO-V1,1,near_cold,11203,6546,0.000647502298845689,0.002522000201193274,0.0002319542408453411,0.0007025001584397606
TaxPro-CL|office-products|HO-V1|seed1,TaxPro-CL,office-products,HO-V1,1,long_tail,22202,12240,0.006286932647170463,0.01025175217139905,0.0029837715135473844,0.0040119675127186566
TaxPro-CL|office-products|HO-V1|seed1,TaxPro-CL,office-products,HO-V1,1,warm,72631,9966,0.16737531520858215,0.19751585209842096,0.12873460275393642,0.13696995782254814
TaxPro-CL|office-products|HO-V1|seed1,TaxPro-CL,office-products,HO-V1,1,overall,,,0.13681943568095428,0.1618111042474932,0.10591804059850497,0.11280073948280965
TaxPro-CL|office-products|HO-V2|seed42,TaxPro-CL,office-products,HO-V2,42,near_cold,11203,6546,0.0005136095915351472,0.002398025472202032,0.0002175599279325328,0.0007124686581465202
TaxPro-CL|office-products|HO-V2|seed42,TaxPro-CL,office-products,HO-V2,42,long_tail,22202,12240,0.006214077887800976,0.010123346861028153,0.0030407747337448388,0.004065333247461612
TaxPro-CL|office-products|HO-V2|seed42,TaxPro-CL,office-products,HO-V2,42,warm,72631,9966,0.16488224441527355,0.19597460676529363,0.1254311393566586,0.13391170776427497
TaxPro-CL|office-products|HO-V2|seed42,TaxPro-CL,office-products,HO-V2,42,overall,,,0.13477797782473616,0.16046757872555026,0.10317970345009715,0.11025271054052077
TaxPro-CL|office-products|HO-V2|seed0,TaxPro-CL,office-products,HO-V2,0,near_cold,11203,6546,0.0005802017316790146,0.002968309225561747,0.00020492369773153537,0.0008230972347505576
TaxPro-CL|office-products|HO-V2|seed0,TaxPro-CL,office-products,HO-V2,0,long_tail,22202,12240,0.0060550100591538316,0.010592812536331141,0.0028957778263636333,0.004055083541718583
TaxPro-CL|office-products|HO-V2|seed0,TaxPro-CL,office-products,HO-V2,0,warm,72631,9966,0.16725367359377372,0.19734527399440924,0.1271775674972958,0.13538697593304738
TaxPro-CL|office-products|HO-V2|seed0,TaxPro-CL,office-products,HO-V2,0,overall,,,0.13669609159935547,0.16172103382707584,0.10460551751269122,0.11148614830075572
TaxPro-CL|office-products|HO-V2|seed1,TaxPro-CL,office-products,HO-V2,1,near_cold,11203,6546,0.000647502298845689,0.002522000201193274,0.0002319542408453411,0.0007035094847533898
TaxPro-CL|office-products|HO-V2|seed1,TaxPro-CL,office-products,HO-V2,1,long_tail,22202,12240,0.006331973634468905,0.010319313652346713,0.002992225063702734,0.004022308201639132
TaxPro-CL|office-products|HO-V2|seed1,TaxPro-CL,office-products,HO-V2,1,warm,72631,9966,0.16734446084695054,0.1975821815142376,0.1287783012927236,0.13703982748162327
TaxPro-CL|office-products|HO-V2|seed1,TaxPro-CL,office-products,HO-V2,1,overall,,,0.1368126241606017,0.1618858653145795,0.10595612948487414,0.11285985706232263
SimGCL|office-products|HO-SimGCL-tuned-R|seed42,SimGCL,office-products,HO-SimGCL-tuned-R,42,near_cold,11203,6546,0.00041442980834215326,0.0011582781822896077,0.00016262099711879613,0.00034846299061233897
SimGCL|office-products|HO-SimGCL-tuned-R|seed42,SimGCL,office-products,HO-SimGCL-tuned-R,42,long_tail,22202,12240,0.003555947450641623,0.00584227801145196,0.001618867091613532,0.0021988123506076424
SimGCL|office-products|HO-SimGCL-tuned-R|seed42,SimGCL,office-products,HO-SimGCL-tuned-R,42,warm,72631,9966,0.17436576157180292,0.2029398548138998,0.13718503203242682,0.1449708447205466
SimGCL|office-products|HO-SimGCL-tuned-R|seed42,SimGCL,office-products,HO-SimGCL-tuned-R,42,overall,,,0.14160142243752785,0.1649541105499269,0.11238919624704864,0.1188046799508435
SimGCL|office-products|HO-SimGCL-tuned-R|seed0,SimGCL,office-products,HO-SimGCL-tuned-R,0,near_cold,11203,6546,0.0003251680034684587,0.001069016377415913,0.0001364754786294795,0.00031957483657572356
SimGCL|office-products|HO-SimGCL-tuned-R|seed0,SimGCL,office-products,HO-SimGCL-tuned-R,0,long_tail,22202,12240,0.003614500734129597,0.005753697403098358,0.0018016385120102668,0.002350206670468849
SimGCL|office-products|HO-SimGCL-tuned-R|seed0,SimGCL,office-products,HO-SimGCL-tuned-R,0,warm,72631,9966,0.17482927230153916,0.2035562223395042,0.1379351570266852,0.14577034620491658
SimGCL|office-products|HO-SimGCL-tuned-R|seed0,SimGCL,office-products,HO-SimGCL-tuned-R,0,overall,,,0.14208055983478027,0.16544907757351757,0.11309464788333612,0.11952502627901034
SimGCL|office-products|HO-SimGCL-tuned-R|seed1,SimGCL,office-products,HO-SimGCL-tuned-R,1,near_cold,11203,6546,0.000682215222963237,0.001381432694473844,0.0002720863931415154,0.0004510140078301015
SimGCL|office-products|HO-SimGCL-tuned-R|seed1,SimGCL,office-products,HO-SimGCL-tuned-R,1,long_tail,22202,12240,0.0037834044364987527,0.006306700636040337,0.0017793319274933778,0.0024286427322459136
SimGCL|office-products|HO-SimGCL-tuned-R|seed1,SimGCL,office-products,HO-SimGCL-tuned-R,1,warm,72631,9966,0.17509872042366179,0.20446698464827284,0.13879972300374166,0.14677420050923798
SimGCL|office-products|HO-SimGCL-tuned-R|seed1,SimGCL,office-products,HO-SimGCL-tuned-R,1,overall,,,0.14241983347426224,0.16638770875725167,0.11377626516764211,0.12034490975260721
SimGCL|office-products|HO-SimGCL-tuned-Ov|seed42,SimGCL,office-products,HO-SimGCL-tuned-Ov,42,near_cold,11203,6546,0.00035492193842635687,0.0011582781822896077,0.00015503877216454772,0.0003535099698751848
SimGCL|office-products|HO-SimGCL-tuned-Ov|seed42,SimGCL,office-products,HO-SimGCL-tuned-Ov,42,long_tail,22202,12240,0.0030905239152243928,0.0055059719729569296,0.0013862877511080026,0.0020090798020493805
SimGCL|office-products|HO-SimGCL-tuned-Ov|seed42,SimGCL,office-products,HO-SimGCL-tuned-Ov,42,warm,72631,9966,0.17468537419148664,0.20510769033409817,0.13726313120438283,0.1455297680592688
SimGCL|office-products|HO-SimGCL-tuned-Ov|seed42,SimGCL,office-products,HO-SimGCL-tuned-Ov,42,overall,,,0.14181841111427607,0.16655557415200473,0.11240474801157549,0.11919391008866195
SimGCL|office-products|HO-SimGCL-tuned-Ov|seed0,SimGCL,office-products,HO-SimGCL-tuned-Ov,0,near_cold,11203,6546,0.0003251680034684587,0.0006227073530474406,0.00011930810501892805,0.0001919893308244743
SimGCL|office-products|HO-SimGCL-tuned-Ov|seed0,SimGCL,office-products,HO-SimGCL-tuned-Ov,0,long_tail,22202,12240,0.003197871601619012,0.004941458265483129,0.0014265519919794743,0.0018808849921856756
SimGCL|office-products|HO-SimGCL-tuned-Ov|seed0,SimGCL,office-products,HO-SimGCL-tuned-Ov,0,warm,72631,9966,0.17576608343095498,0.20561821016040976,0.13709000419468337,0.14526901305362236
SimGCL|office-products|HO-SimGCL-tuned-Ov|seed0,SimGCL,office-products,HO-SimGCL-tuned-Ov,0,overall,,,0.14276845315744474,0.16698930146744723,0.11233632058244515,0.11903164820124028
SimGCL|office-products|HO-SimGCL-tuned-Ov|seed1,SimGCL,office-products,HO-SimGCL-tuned-Ov,1,near_cold,11203,6546,0.0005036916132158478,0.001069016377415913,0.00021787409258636813,0.0003609588936242672
SimGCL|office-products|HO-SimGCL-tuned-Ov|seed1,SimGCL,office-products,HO-SimGCL-tuned-Ov,1,long_tail,22202,12240,0.003355515057163558,0.005931359075219988,0.0015152238401650168,0.002174603543836417
SimGCL|office-products|HO-SimGCL-tuned-Ov|seed1,SimGCL,office-products,HO-SimGCL-tuned-Ov,1,warm,72631,9966,0.1756602109402042,0.20603475334302512,0.13778138149152724,0.14604360247872364
SimGCL|office-products|HO-SimGCL-tuned-Ov|seed1,SimGCL,office-products,HO-SimGCL-tuned-Ov,1,overall,,,0.14270258426939703,0.16752313099558577,0.11288420631056008,0.1196943884845739
SimGCL|office-products|HO-SimGCL-default|seed42,SimGCL,office-products,HO-SimGCL-default,42,near_cold,11203,6546,0.00035492193842635687,0.001069016377415913,0.00015007865191452073,0.00033192033141695647
SimGCL|office-products|HO-SimGCL-default|seed42,SimGCL,office-products,HO-SimGCL-default,42,long_tail,22202,12240,0.0032496687370122197,0.006022441960645727,0.0016503854427939676,0.0023541632995194447
SimGCL|office-products|HO-SimGCL-default|seed42,SimGCL,office-products,HO-SimGCL-default,42,warm,72631,9966,0.1728359162315218,0.20100904395836475,0.13712000530356716,0.14476402570748448
SimGCL|office-products|HO-SimGCL-default|seed42,SimGCL,office-products,HO-SimGCL-default,42,overall,,,0.14035856729927304,0.1634429293979675,0.11234261851352313,0.11865954600680663
SimGCL|office-products|HO-SimGCL-default|seed0,SimGCL,office-products,HO-SimGCL-default,0,near_cold,11203,6546,0.00035492193842635687,0.001528077088194914,0.00014648423046257042,0.0004355786892611807
SimGCL|office-products|HO-SimGCL-default|seed0,SimGCL,office-products,HO-SimGCL-default,0,long_tail,22202,12240,0.0034523531798552067,0.00618905511707962,0.0018327124395707002,0.002541448055551578
SimGCL|office-products|HO-SimGCL-default|seed0,SimGCL,office-products,HO-SimGCL-default,0,warm,72631,9966,0.17280289381522318,0.2012203632821061,0.13746272660272868,0.14522017589769368
SimGCL|office-products|HO-SimGCL-default|seed0,SimGCL,office-products,HO-SimGCL-default,0,overall,,,0.14044672975867128,0.16368705292531854,0.11271703005020008,0.11911781343511807
SimGCL|office-products|HO-SimGCL-default|seed1,SimGCL,office-products,HO-SimGCL-default,1,near_cold,11203,6546,0.000533445548173746,0.0013368017920369968,0.00021422647843675493,0.0004134309263247599
SimGCL|office-products|HO-SimGCL-default|seed1,SimGCL,office-products,HO-SimGCL-default,1,long_tail,22202,12240,0.0038289458792116213,0.006317960882864947,0.0018131506311705786,0.002453416263568706
SimGCL|office-products|HO-SimGCL-default|seed1,SimGCL,office-products,HO-SimGCL-default,1,warm,72631,9966,0.173080615742629,0.2017715626061471,0.13833515368907157,0.14612028638613891
SimGCL|office-products|HO-SimGCL-default|seed1,SimGCL,office-products,HO-SimGCL-default,1,overall,,,0.14075796909122107,0.16416494360408224,0.11336386607315203,0.1197744650395398
LightGCN|office-products|HO-LightGCN-default|seed42,LightGCN,office-products,HO-LightGCN-default,42,near_cold,11203,6546,0.0017087259790107242,0.00408408178648293,0.0008946931686601288,0.0014939286628945865
LightGCN|office-products|HO-LightGCN-default|seed42,LightGCN,office-products,HO-LightGCN-default,42,long_tail,22202,12240,0.00698731999966123,0.011510859497527367,0.003766960230470559,0.004927988432437166
LightGCN|office-products|HO-LightGCN-default|seed42,LightGCN,office-products,HO-LightGCN-default,42,warm,72631,9966,0.16401853839304717,0.19709317102324886,0.11691230225817276,0.1259776409600988
LightGCN|office-products|HO-LightGCN-default|seed42,LightGCN,office-products,HO-LightGCN-default,42,overall,,,0.13448316757621195,0.16165535669061745,0.09655325831018335,0.10408235833054458
LightGCN|office-products|HO-LightGCN-default|seed0,LightGCN,office-products,HO-LightGCN-default,0,near_cold,11203,6546,0.0017852360974738909,0.003605893546088137,0.0008530898855898482,0.0013156489153185215
LightGCN|office-products|HO-LightGCN-default|seed0,LightGCN,office-products,HO-LightGCN-default,0,long_tail,22202,12240,0.007738003121301923,0.011829649596517451,0.003813741856390151,0.004876970498238404
LightGCN|office-products|HO-LightGCN-default|seed0,LightGCN,office-products,HO-LightGCN-default,0,warm,72631,9966,0.1663001948542723,0.19875935396793068,0.11922972372781399,0.12814714098816277
LightGCN|office-products|HO-LightGCN-default|seed0,LightGCN,office-products,HO-LightGCN-default,0,overall,,,0.13642914044717092,0.16317434912149742,0.09849130507827356,0.10590972578317905
LightGCN|office-products|HO-LightGCN-default|seed1,LightGCN,office-products,HO-LightGCN-default,1,near_cold,11203,6546,0.0018872495887581131,0.00404228459213731,0.0009314950488223924,0.0014723906436539945
LightGCN|office-products|HO-LightGCN-default|seed1,LightGCN,office-products,HO-LightGCN-default,1,long_tail,22202,12240,0.007067392865969571,0.012212786712831757,0.0035272605855863138,0.004868227206935687
LightGCN|office-products|HO-LightGCN-default|seed1,LightGCN,office-products,HO-LightGCN-default,1,warm,72631,9966,0.1665967020208342,0.19872610628405407,0.11989314774363458,0.12869615602247012
LightGCN|office-products|HO-LightGCN-default|seed1,LightGCN,office-products,HO-LightGCN-default,1,overall,,,0.13658552081098038,0.16309001038318718,0.09902622469830816,0.10637369557206353
SGL-ED|office-products|HO-SGL-ED-default|seed42,SGL-ED,office-products,HO-SGL-ED-default,42,near_cold,11203,6546,0.0013070478570790986,0.0026438496491160957,0.0005232779963570882,0.0008735029396340234
SGL-ED|office-products|HO-SGL-ED-default|seed42,SGL-ED,office-products,HO-SGL-ED-default,42,long_tail,22202,12240,0.005625580817005013,0.009106998907467335,0.0030315222639142455,0.003927674316469699
SGL-ED|office-products|HO-SGL-ED-default|seed42,SGL-ED,office-products,HO-SGL-ED-default,42,warm,72631,9966,0.18323107382031212,0.21372851647276297,0.14417664323701518,0.15248392278267228
SGL-ED|office-products|HO-SGL-ED-default|seed42,SGL-ED,office-products,HO-SGL-ED-default,42,overall,,,0.14931502499954413,0.1744213970781965,0.11838229850212739,0.12527874056008692
SGL-ED|office-products|HO-SGL-ED-default|seed0,SGL-ED,office-products,HO-SGL-ED-default,0,near_cold,11203,6546,0.001217786052205404,0.003120762720869835,0.00048014017855972397,0.0009800982290761033
SGL-ED|office-products|HO-SGL-ED-default|seed0,SGL-ED,office-products,HO-SGL-ED-default,0,long_tail,22202,12240,0.005865799415930036,0.009298673331192926,0.003254992070196072,0.004144518423620333
SGL-ED|office-products|HO-SGL-ED-default|seed0,SGL-ED,office-products,HO-SGL-ED-default,0,warm,72631,9966,0.18274233798232475,0.21273257246402982,0.1434106830427001,0.15159749326008132
SGL-ED|office-products|HO-SGL-ED-default|seed0,SGL-ED,office-products,HO-SGL-ED-default,0,overall,,,0.14897282846145182,0.17369342742321936,0.11784016613813922,0.12464347572699612
SGL-ED|office-products|HO-SGL-ED-default|seed1,SGL-ED,office-products,HO-SGL-ED-default,1,near_cold,11203,6546,0.0013963096619527932,0.002750963814964529,0.0006885917947137971,0.001038654479379557
SGL-ED|office-products|HO-SGL-ED-default|seed1,SGL-ED,office-products,HO-SGL-ED-default,1,long_tail,22202,12240,0.005803242489126644,0.009166803329491378,0.0030604101896465883,0.00393176319986473
SGL-ED|office-products|HO-SGL-ED-default|seed1,SGL-ED,office-products,HO-SGL-ED-default,1,warm,72631,9966,0.18213773585573168,0.2132393112523405,0.14330190582486035,0.1517704400685902
SGL-ED|office-products|HO-SGL-ED-default|seed1,SGL-ED,office-products,HO-SGL-ED-default,1,overall,,,0.14853066893510017,0.17401538154307244,0.11771437953288615,0.1247211095066989
XSimGCL|office-products|HO-XSimGCL-default|seed42,XSimGCL,office-products,HO-XSimGCL-default,42,near_cold,11203,6546,0.00023590619859476414,0.0008012309627948296,0.00011206111540853227,0.00024842413616356764
XSimGCL|office-products|HO-XSimGCL-default|seed42,XSimGCL,office-products,HO-XSimGCL-default,42,long_tail,22202,12240,0.0027437083130263927,0.004548850992865046,0.0011387819573680865,0.0016001972202183976
XSimGCL|office-products|HO-XSimGCL-default|seed42,XSimGCL,office-products,HO-XSimGCL-default,42,warm,72631,9966,0.18022212163720475,0.21182958904481794,0.140100763349172,0.14869481968121429
XSimGCL|office-products|HO-XSimGCL-default|seed42,XSimGCL,office-products,HO-XSimGCL-default,42,overall,,,0.146179078197085,0.17172860088401706,0.11463081704816216,0.12164920747217174
XSimGCL|office-products|HO-XSimGCL-default|seed0,XSimGCL,office-products,HO-XSimGCL-default,0,near_cold,11203,6546,0.0003251680034684587,0.0007714770278369313,0.00011352691859499747,0.00022769960189680506
XSimGCL|office-products|HO-XSimGCL-default|seed0,XSimGCL,office-products,HO-XSimGCL-default,0,long_tail,22202,12240,0.0026235990135638817,0.004698737389485971,0.001198544015300525,0.001731943577479604
XSimGCL|office-products|HO-XSimGCL-default|seed0,XSimGCL,office-products,HO-XSimGCL-default,0,warm,72631,9966,0.17913494342927333,0.21091676556612599,0.1394759988735648,0.1481693495995552
XSimGCL|office-products|HO-XSimGCL-default|seed0,XSimGCL,office-products,HO-XSimGCL-default,0,overall,,,0.14535395103156057,0.1711301262014498,0.11418363364176413,0.12130107351361376
XSimGCL|office-products|HO-XSimGCL-default|seed1,XSimGCL,office-products,HO-XSimGCL-default,1,near_cold,11203,6546,0.00019127529615791688,0.0003251680034684587,6.373503561153126e-05,9.843226615568563e-05
XSimGCL|office-products|HO-XSimGCL-default|seed1,XSimGCL,office-products,HO-XSimGCL-default,1,long_tail,22202,12240,0.0027174344037689683,0.004324396739494479,0.0011504959425041796,0.0015641101587505672
XSimGCL|office-products|HO-XSimGCL-default|seed1,XSimGCL,office-products,HO-XSimGCL-default,1,warm,72631,9966,0.17892840034268448,0.21086482767535378,0.1396035848935463,0.14831225049227661
XSimGCL|office-products|HO-XSimGCL-default|seed1,XSimGCL,office-products,HO-XSimGCL-default,1,overall,,,0.1451291371126038,0.17092207846109198,0.11422185073730184,0.12132130529825666
NCL|office-products|HO-NCL-default|seed42,NCL,office-products,HO-NCL-default,42,near_cold,11203,6546,0.0014409405643896404,0.0032539470011575707,0.00074981239065146,0.0012214932161203284
NCL|office-products|HO-NCL-default|seed42,NCL,office-products,HO-NCL-default,42,long_tail,22202,12240,0.0051471454408126786,0.008674778663968829,0.002688589357162973,0.0036071196274997633
NCL|office-products|HO-NCL-default|seed42,NCL,office-products,HO-NCL-default,42,warm,72631,9966,0.15072603236683768,0.1873735741548688,0.10453875647447732,0.1144623464498456
NCL|office-products|HO-NCL-default|seed42,NCL,office-products,HO-NCL-default,42,overall,,,0.12362368729853737,0.15372152883901086,0.08628886580525137,0.09451508437971888
NCL|office-products|HO-NCL-default|seed0,NCL,office-products,HO-NCL-default,0,near_cold,11203,6546,0.001530202369263335,0.0029096514680733193,0.0006838322405633525,0.0010417005015962127
NCL|office-products|HO-NCL-default|seed0,NCL,office-products,HO-NCL-default,0,long_tail,22202,12240,0.004867390864147914,0.008403531829349326,0.0026093943206087146,0.0035198561215648255
NCL|office-products|HO-NCL-default|seed0,NCL,office-products,HO-NCL-default,0,warm,72631,9966,0.15118443582569843,0.18707846612623474,0.10510761622169573,0.11480378579317764
NCL|office-products|HO-NCL-default|seed0,NCL,office-products,HO-NCL-default,0,overall,,,0.12387825247739205,0.1533314707411251,0.08677189043612533,0.09480399763220645
NCL|office-products|HO-NCL-default|seed1,NCL,office-products,HO-NCL-default,1,near_cold,11203,6546,0.0017087259790107242,0.0028331413496101524,0.0008112901554697586,0.0010962009506610703
NCL|office-products|HO-NCL-default|seed1,NCL,office-products,HO-NCL-default,1,long_tail,22202,12240,0.005166412974268122,0.008058256089964945,0.002672691369357774,0.003417000197293188
NCL|office-products|HO-NCL-default|seed1,NCL,office-products,HO-NCL-default,1,warm,72631,9966,0.15109752339615548,0.18685701678152075,0.1046647273853171,0.1143509845814536
NCL|office-products|HO-NCL-default|seed1,NCL,office-products,HO-NCL-default,1,overall,,,0.12389177467806782,0.15303981025095284,0.08640394706410359,0.09437742537401862
