run_id,model,dataset,variant,seed,status,run_dir,git_commit,config_sha256,train_split_sha256,validation_split_sha256,test_split_sha256,split_hash_source,taxonomy_hash,evaluation_protocol_hash,checkpoint_sha256_best_validation_model,v3_is_same_checkpoint_as_taxprocl_main,selection_metric,test_policy,completed_epochs,duration_seconds,temperature,temperature_user,epsilon_max,warm_start_epochs,augmentation_direction,use_adaptive_epsilon,taxonomy_policy,used_in_tables
TaxPro-CL|amazon-book|TaxPro-CL-main|seed42,TaxPro-CL,amazon-book,TaxPro-CL-main,42,completed,log\p0\taxprocl\amazon-book\taxpro-cl-v15-prototype-leaf-lambda0.5-same_leaf_weight0-user_ssl-warmstart20-noblend-temp0.1-DONE-overall-2.30pct-BEST-overall-nearcold-longtail-positive\seed42,9ec5e0280718bb06154d7fc2a54c5b9a2c12412c,dce76d6072668c6e4e4e1d77698205e89eeb5e3b7252fb8a4d6f2507ef16b211,644a62e3afb91bb6780efc1d50853361ca3cf5627993e2737580a83a0793cf06,3b29ba64d32db26ba4376391b5cbf43a42311c0da08c9cba0cb7baddb0351899,6250754994dd953b91b48dccdd77a73f318e0634b4757c2abfcc9d33a54ab0f5,model_metadata,4ce25eb44bf912d88483b6de68bbeb62f3fb8b2a3a77f525a084f452b21e4b5f,ca1faa2483cf1419bc7a05747487d7ac19eb27e381dbaf3183c7410de1e20417,77f236b89b376f851db1ebfa4d5421aaa62ba2189aa77628beeb4c5ae1b6613f,,validation Recall@20 Overall,once after loading best validation checkpoint,54,21566.06455,0.1,0.2,0.2,20,taxonomy,true,merge_t10,Table S1; Table 7 (deltas); Table 11 (bootstrap)
TaxPro-CL|amazon-book|TaxPro-CL-main|seed0,TaxPro-CL,amazon-book,TaxPro-CL-main,0,completed,log\p0\taxprocl\amazon-book\taxpro-cl-v15-prototype-leaf-lambda0.5-same_leaf_weight0-user_ssl-warmstart20-noblend-temp0.1-DONE-overall-2.30pct-BEST-overall-nearcold-longtail-positive\seed0,9ec5e0280718bb06154d7fc2a54c5b9a2c12412c,dce76d6072668c6e4e4e1d77698205e89eeb5e3b7252fb8a4d6f2507ef16b211,644a62e3afb91bb6780efc1d50853361ca3cf5627993e2737580a83a0793cf06,3b29ba64d32db26ba4376391b5cbf43a42311c0da08c9cba0cb7baddb0351899,6250754994dd953b91b48dccdd77a73f318e0634b4757c2abfcc9d33a54ab0f5,model_metadata,4ce25eb44bf912d88483b6de68bbeb62f3fb8b2a3a77f525a084f452b21e4b5f,ca1faa2483cf1419bc7a05747487d7ac19eb27e381dbaf3183c7410de1e20417,9f2c0ffae8e021ad524f0351490f989cd7c76c746d35884846541d0f7dce1560,,validation Recall@20 Overall,once after loading best validation checkpoint,55,25397.734396,0.1,0.2,0.2,20,taxonomy,true,merge_t10,Table S1; Table 7 (deltas); Table 11 (bootstrap)
TaxPro-CL|amazon-book|TaxPro-CL-main|seed1,TaxPro-CL,amazon-book,TaxPro-CL-main,1,completed,log\p0\taxprocl\amazon-book\taxpro-cl-v15-prototype-leaf-lambda0.5-same_leaf_weight0-user_ssl-warmstart20-noblend-temp0.1-DONE-overall-2.30pct-BEST-overall-nearcold-longtail-positive\seed1,9ec5e0280718bb06154d7fc2a54c5b9a2c12412c,dce76d6072668c6e4e4e1d77698205e89eeb5e3b7252fb8a4d6f2507ef16b211,644a62e3afb91bb6780efc1d50853361ca3cf5627993e2737580a83a0793cf06,3b29ba64d32db26ba4376391b5cbf43a42311c0da08c9cba0cb7baddb0351899,6250754994dd953b91b48dccdd77a73f318e0634b4757c2abfcc9d33a54ab0f5,model_metadata,4ce25eb44bf912d88483b6de68bbeb62f3fb8b2a3a77f525a084f452b21e4b5f,ca1faa2483cf1419bc7a05747487d7ac19eb27e381dbaf3183c7410de1e20417,11fe0a284a92cfa361008b2e2c959f34b753cab0075cb7ceefafcf5f0afeb115,,validation Recall@20 Overall,once after loading best validation checkpoint,55,13001.145537,0.1,0.2,0.2,20,taxonomy,true,merge_t10,Table S1; Table 7 (deltas); Table 11 (bootstrap)
TaxPro-CL|yelp2018|TaxPro-CL-main|seed42,TaxPro-CL,yelp2018,TaxPro-CL-main,42,completed,log\p0\taxprocl\yelp2018\taxpro-cl-FINAL-no_merge-temp0.125-tempuser0.15-gammacold1.5\seed42,9ec5e0280718bb06154d7fc2a54c5b9a2c12412c,320c16909d7739fa58443898372ea4be07627151f2379027846074502509bd40,0ab254dd0bec5914efc4a4a6d7f6bb318d234b5f9c64b0aa9449925d0ba81bf8,a0950d1880a909c41424b903945bcd1cf32b23181e076be92428a2a241b81c41,9cd9b37926cd1447a06625ffa7914527573fb097c10cb0bbdb1d1b8ded3742fe,model_metadata,0fb6e8efcf33ab13b5b1caa7d03063e10c1bd0b37b3b568c6e7759133fe93d3b,674b88c2ff56b5c3ce3a13aa08971cbf1c16ffff5b683616207009f90cb81f5a,7779b2d43d4477dfdf119ca6e0601dc251e762b89ae87a6914dd18317d7351a5,,validation Recall@20 Overall,once after loading best validation checkpoint,53,17619.07909,0.125,0.15,0.2,20,taxonomy,true,no_merge,Table S1; Table 7 (deltas); Table 11 (bootstrap)
TaxPro-CL|yelp2018|TaxPro-CL-main|seed0,TaxPro-CL,yelp2018,TaxPro-CL-main,0,completed,log\p0\taxprocl\yelp2018\taxpro-cl-FINAL-no_merge-temp0.125-tempuser0.15-gammacold1.5\seed0,9ec5e0280718bb06154d7fc2a54c5b9a2c12412c,320c16909d7739fa58443898372ea4be07627151f2379027846074502509bd40,0ab254dd0bec5914efc4a4a6d7f6bb318d234b5f9c64b0aa9449925d0ba81bf8,a0950d1880a909c41424b903945bcd1cf32b23181e076be92428a2a241b81c41,9cd9b37926cd1447a06625ffa7914527573fb097c10cb0bbdb1d1b8ded3742fe,model_metadata,0fb6e8efcf33ab13b5b1caa7d03063e10c1bd0b37b3b568c6e7759133fe93d3b,674b88c2ff56b5c3ce3a13aa08971cbf1c16ffff5b683616207009f90cb81f5a,129549a890f30195b73490e32390afc760ace9b7e2b1e9ea6954b768672e9ef7,,validation Recall@20 Overall,once after loading best validation checkpoint,53,5795.680794,0.125,0.15,0.2,20,taxonomy,true,no_merge,Table S1; Table 7 (deltas); Table 11 (bootstrap)
TaxPro-CL|yelp2018|TaxPro-CL-main|seed1,TaxPro-CL,yelp2018,TaxPro-CL-main,1,completed,log\p0\taxprocl\yelp2018\taxpro-cl-FINAL-no_merge-temp0.125-tempuser0.15-gammacold1.5\seed1,9ec5e0280718bb06154d7fc2a54c5b9a2c12412c,320c16909d7739fa58443898372ea4be07627151f2379027846074502509bd40,0ab254dd0bec5914efc4a4a6d7f6bb318d234b5f9c64b0aa9449925d0ba81bf8,a0950d1880a909c41424b903945bcd1cf32b23181e076be92428a2a241b81c41,9cd9b37926cd1447a06625ffa7914527573fb097c10cb0bbdb1d1b8ded3742fe,model_metadata,0fb6e8efcf33ab13b5b1caa7d03063e10c1bd0b37b3b568c6e7759133fe93d3b,674b88c2ff56b5c3ce3a13aa08971cbf1c16ffff5b683616207009f90cb81f5a,6a5038776131d80b2abe2e00fa17b43838d253a036d235a9b6365d444cbbefb6,,validation Recall@20 Overall,once after loading best validation checkpoint,51,5640.284802,0.125,0.15,0.2,20,taxonomy,true,no_merge,Table S1; Table 7 (deltas); Table 11 (bootstrap)
TaxPro-CL|musical-instruments|TaxPro-CL-main|seed42,TaxPro-CL,musical-instruments,TaxPro-CL-main,42,completed,log\p0\taxprocl\musical-instruments\taxpro-cl-FINAL-no_merge-temp0.15-gammacold5.0\seed42,9ec5e0280718bb06154d7fc2a54c5b9a2c12412c,62fba76315bebf141c19cb268dd56af7c5b8053b2efd208dedb1779d0078cc50,c1f899d2efe76bf8c03e2927ab5b19ef2cd95a28d2708f8cefa7c06b5c9c0747,99bab18a08c4f083a98addb3d6e6a689613dc4233e8a37e76dcbb3d779207686,40ef9b4a7f9c537ed7c525f4c5a54835f6a798db73b1e73681dabea54dc1c720,model_metadata,15a4967de380e1b39d32bf82a5f8304cfeb9d8832153033723700e99a9bfb71d,9232ad8c85f49189643052887b4d2b72e0d5ff9fe2bfa08a287ea902a1d0291c,ba99ba12ba32ff8a545882369320aa3985ada75b1ed0a0d9fb89dcf721930c82,,validation Recall@20 Overall,once after loading best validation checkpoint,61,307.589943,0.15,0.2,0.2,20,taxonomy,true,no_merge,Table S1; Table 7 (deltas); Table 11 (bootstrap)
TaxPro-CL|musical-instruments|TaxPro-CL-main|seed0,TaxPro-CL,musical-instruments,TaxPro-CL-main,0,completed,log\p0\taxprocl\musical-instruments\taxpro-cl-FINAL-no_merge-temp0.15-gammacold5.0\seed0,9ec5e0280718bb06154d7fc2a54c5b9a2c12412c,62fba76315bebf141c19cb268dd56af7c5b8053b2efd208dedb1779d0078cc50,c1f899d2efe76bf8c03e2927ab5b19ef2cd95a28d2708f8cefa7c06b5c9c0747,99bab18a08c4f083a98addb3d6e6a689613dc4233e8a37e76dcbb3d779207686,40ef9b4a7f9c537ed7c525f4c5a54835f6a798db73b1e73681dabea54dc1c720,model_metadata,15a4967de380e1b39d32bf82a5f8304cfeb9d8832153033723700e99a9bfb71d,9232ad8c85f49189643052887b4d2b72e0d5ff9fe2bfa08a287ea902a1d0291c,a26611e3cefacebccc6a11bdb4cc4c52cd1becf60399e936193ad9892864dd7a,,validation Recall@20 Overall,once after loading best validation checkpoint,58,294.097442,0.15,0.2,0.2,20,taxonomy,true,no_merge,Table S1; Table 7 (deltas); Table 11 (bootstrap)
TaxPro-CL|musical-instruments|TaxPro-CL-main|seed1,TaxPro-CL,musical-instruments,TaxPro-CL-main,1,completed,log\p0\taxprocl\musical-instruments\taxpro-cl-FINAL-no_merge-temp0.15-gammacold5.0\seed1,9ec5e0280718bb06154d7fc2a54c5b9a2c12412c,62fba76315bebf141c19cb268dd56af7c5b8053b2efd208dedb1779d0078cc50,c1f899d2efe76bf8c03e2927ab5b19ef2cd95a28d2708f8cefa7c06b5c9c0747,99bab18a08c4f083a98addb3d6e6a689613dc4233e8a37e76dcbb3d779207686,40ef9b4a7f9c537ed7c525f4c5a54835f6a798db73b1e73681dabea54dc1c720,model_metadata,15a4967de380e1b39d32bf82a5f8304cfeb9d8832153033723700e99a9bfb71d,9232ad8c85f49189643052887b4d2b72e0d5ff9fe2bfa08a287ea902a1d0291c,35263df633506e62e7ec20dbea0c47eb32e475f79fd8153c7d2ff23ba3b8925d,,validation Recall@20 Overall,once after loading best validation checkpoint,59,301.167469,0.15,0.2,0.2,20,taxonomy,true,no_merge,Table S1; Table 7 (deltas); Table 11 (bootstrap)
TaxPro-CL|arts-crafts-and-sewing|TaxPro-CL-main|seed42,TaxPro-CL,arts-crafts-and-sewing,TaxPro-CL-main,42,completed,log\p0\taxprocl\arts-crafts-and-sewing\taxpro-cl-FINAL-no_merge-temp0.125-gammacold1.5-sameleaf0\seed42,9ec5e0280718bb06154d7fc2a54c5b9a2c12412c,f9fd9308ab216916d0c0fb325790df3e624102134224a0bdd8b179239495fc51,3f756d2abf4688854d99a163541a9e6bcb2e1004b3354a7e85bc03e2ef4a9d11,88cccde67633b5cb6f8f4ef35c12c9704c8c4fb84e6aba96c5f8bb142c4fa3e3,bb0984471d2186fb62c2f79a339420f2cadd1e99d4b3477bddfbf4156689dfff,model_metadata,5229744cfc9168fd61271c4cc17c8fa5ba95e090716cbacf9b5549ffb33cf1ca,09518954f2e1ac330d640e733ce81b806570bfb3a93a84dc4105e90983b9dc59,c491872468ff04dd04728f41490699e193b75d6caae758ca2dd1d0a7c7291bd0,,validation Recall@20 Overall,once after loading best validation checkpoint,54,466.341056,0.125,0.2,0.2,20,taxonomy,true,no_merge,Table S1; Table 7 (deltas); Table 11 (bootstrap)
TaxPro-CL|arts-crafts-and-sewing|TaxPro-CL-main|seed0,TaxPro-CL,arts-crafts-and-sewing,TaxPro-CL-main,0,completed,log\p0\taxprocl\arts-crafts-and-sewing\taxpro-cl-FINAL-no_merge-temp0.125-gammacold1.5-sameleaf0\seed0,9ec5e0280718bb06154d7fc2a54c5b9a2c12412c,311a9358d26e4e664d99a6a72b5d7f0a89634a296c1900f34c1c4457c5eb0d38,3f756d2abf4688854d99a163541a9e6bcb2e1004b3354a7e85bc03e2ef4a9d11,88cccde67633b5cb6f8f4ef35c12c9704c8c4fb84e6aba96c5f8bb142c4fa3e3,bb0984471d2186fb62c2f79a339420f2cadd1e99d4b3477bddfbf4156689dfff,model_metadata,5229744cfc9168fd61271c4cc17c8fa5ba95e090716cbacf9b5549ffb33cf1ca,09518954f2e1ac330d640e733ce81b806570bfb3a93a84dc4105e90983b9dc59,b6e4419a2c9f68094b02eefb9a327e104fbd7ebc4054100b4117d2ef24845219,,validation Recall@20 Overall,once after loading best validation checkpoint,54,2210.426881,0.125,0.2,0.2,20,taxonomy,true,no_merge,Table S1; Table 7 (deltas); Table 11 (bootstrap)
TaxPro-CL|arts-crafts-and-sewing|TaxPro-CL-main|seed1,TaxPro-CL,arts-crafts-and-sewing,TaxPro-CL-main,1,completed,log\p0\taxprocl\arts-crafts-and-sewing\taxpro-cl-FINAL-no_merge-temp0.125-gammacold1.5-sameleaf0\seed1,9ec5e0280718bb06154d7fc2a54c5b9a2c12412c,311a9358d26e4e664d99a6a72b5d7f0a89634a296c1900f34c1c4457c5eb0d38,3f756d2abf4688854d99a163541a9e6bcb2e1004b3354a7e85bc03e2ef4a9d11,88cccde67633b5cb6f8f4ef35c12c9704c8c4fb84e6aba96c5f8bb142c4fa3e3,bb0984471d2186fb62c2f79a339420f2cadd1e99d4b3477bddfbf4156689dfff,model_metadata,5229744cfc9168fd61271c4cc17c8fa5ba95e090716cbacf9b5549ffb33cf1ca,09518954f2e1ac330d640e733ce81b806570bfb3a93a84dc4105e90983b9dc59,873d107887aac8fc7e29c84fc1548468df2a8cabcf7d34dda042dd2b7eec3f09,,validation Recall@20 Overall,once after loading best validation checkpoint,54,1602.47463,0.125,0.2,0.2,20,taxonomy,true,no_merge,Table S1; Table 7 (deltas); Table 11 (bootstrap)
SimGCL|amazon-book|SimGCL-main|seed42,SimGCL,amazon-book,SimGCL-main,42,completed,log\p0\baseline\SimGCL\amazon-book\simgcl-69bb0902f42f\seed42,9ec5e0280718bb06154d7fc2a54c5b9a2c12412c,1274df3b1138f800b809e59a910dc878b4917d4eba45388448f4ac8ad35fb02a,644a62e3afb91bb6780efc1d50853361ca3cf5627993e2737580a83a0793cf06,3b29ba64d32db26ba4376391b5cbf43a42311c0da08c9cba0cb7baddb0351899,6250754994dd953b91b48dccdd77a73f318e0634b4757c2abfcc9d33a54ab0f5,dataset split_manifest.json (shared; model's own manifest had none),,,9cdf75be7536befcdfed8e4199c60bb87d1d2ae90e46e632e53c6baf6eb0d656,,validation Recall@20 Overall,once after loading best validation checkpoint,52,18013.212116,0.2,,,,,,,Table S1; Table 7 (deltas); Table 11 (bootstrap)
SimGCL|amazon-book|SimGCL-main|seed0,SimGCL,amazon-book,SimGCL-main,0,completed,log\p0\baseline\SimGCL\amazon-book\simgcl-69bb0902f42f\seed0,9ec5e0280718bb06154d7fc2a54c5b9a2c12412c,1274df3b1138f800b809e59a910dc878b4917d4eba45388448f4ac8ad35fb02a,644a62e3afb91bb6780efc1d50853361ca3cf5627993e2737580a83a0793cf06,3b29ba64d32db26ba4376391b5cbf43a42311c0da08c9cba0cb7baddb0351899,6250754994dd953b91b48dccdd77a73f318e0634b4757c2abfcc9d33a54ab0f5,dataset split_manifest.json (shared; model's own manifest had none),,,a63102c805b04bece8853d6f4c1621b3f82e1e681bb314de277136a2a4b1b62a,,validation Recall@20 Overall,once after loading best validation checkpoint,50,15178.184479,0.2,,,,,,,Table S1; Table 7 (deltas); Table 11 (bootstrap)
SimGCL|amazon-book|SimGCL-main|seed1,SimGCL,amazon-book,SimGCL-main,1,completed,log\p0\baseline\SimGCL\amazon-book\simgcl-69bb0902f42f\seed1,9ec5e0280718bb06154d7fc2a54c5b9a2c12412c,1274df3b1138f800b809e59a910dc878b4917d4eba45388448f4ac8ad35fb02a,644a62e3afb91bb6780efc1d50853361ca3cf5627993e2737580a83a0793cf06,3b29ba64d32db26ba4376391b5cbf43a42311c0da08c9cba0cb7baddb0351899,6250754994dd953b91b48dccdd77a73f318e0634b4757c2abfcc9d33a54ab0f5,dataset split_manifest.json (shared; model's own manifest had none),,,e11106232ae29304bf0896e5057dd5151dc2ce7a8535845e88e7ec03a7493a87,,validation Recall@20 Overall,once after loading best validation checkpoint,48,14315.771973,0.2,,,,,,,Table S1; Table 7 (deltas); Table 11 (bootstrap)
SimGCL|yelp2018|SimGCL-main|seed42,SimGCL,yelp2018,SimGCL-main,42,completed,log\p0\baseline\SimGCL\yelp2018\simgcl-20c63ca8d16c\seed42,9ec5e0280718bb06154d7fc2a54c5b9a2c12412c,5e31c3d1fd80567178a8ff85eee3644803d5fd7db3ae366ef660f0bef1d72483,0ab254dd0bec5914efc4a4a6d7f6bb318d234b5f9c64b0aa9449925d0ba81bf8,a0950d1880a909c41424b903945bcd1cf32b23181e076be92428a2a241b81c41,9cd9b37926cd1447a06625ffa7914527573fb097c10cb0bbdb1d1b8ded3742fe,dataset split_manifest.json (shared; model's own manifest had none),,,cb9629996997e6e38d0b7ac06556b69245e8d18dd7d733ceba7fd1d6481b9e9b,,validation Recall@20 Overall,once after loading best validation checkpoint,48,3665.4221,0.2,,,,,,,Table S1; Table 7 (deltas); Table 11 (bootstrap)
SimGCL|yelp2018|SimGCL-main|seed0,SimGCL,yelp2018,SimGCL-main,0,completed,log\p0\baseline\SimGCL\yelp2018\simgcl-20c63ca8d16c\seed0,9ec5e0280718bb06154d7fc2a54c5b9a2c12412c,5e31c3d1fd80567178a8ff85eee3644803d5fd7db3ae366ef660f0bef1d72483,0ab254dd0bec5914efc4a4a6d7f6bb318d234b5f9c64b0aa9449925d0ba81bf8,a0950d1880a909c41424b903945bcd1cf32b23181e076be92428a2a241b81c41,9cd9b37926cd1447a06625ffa7914527573fb097c10cb0bbdb1d1b8ded3742fe,dataset split_manifest.json (shared; model's own manifest had none),,,e49a649f09f881d0f04272a362cdd6c0a90e4fa17cc6d821f46ea5df12073784,,validation Recall@20 Overall,once after loading best validation checkpoint,47,3618.519452,0.2,,,,,,,Table S1; Table 7 (deltas); Table 11 (bootstrap)
SimGCL|yelp2018|SimGCL-main|seed1,SimGCL,yelp2018,SimGCL-main,1,completed,log\p0\baseline\SimGCL\yelp2018\simgcl-20c63ca8d16c\seed1,9ec5e0280718bb06154d7fc2a54c5b9a2c12412c,5e31c3d1fd80567178a8ff85eee3644803d5fd7db3ae366ef660f0bef1d72483,0ab254dd0bec5914efc4a4a6d7f6bb318d234b5f9c64b0aa9449925d0ba81bf8,a0950d1880a909c41424b903945bcd1cf32b23181e076be92428a2a241b81c41,9cd9b37926cd1447a06625ffa7914527573fb097c10cb0bbdb1d1b8ded3742fe,dataset split_manifest.json (shared; model's own manifest had none),,,18fada30ca4e86b1cd245e5cca93f3b1e55f10e8297df0222fabad596d9102b8,,validation Recall@20 Overall,once after loading best validation checkpoint,48,3644.642916,0.2,,,,,,,Table S1; Table 7 (deltas); Table 11 (bootstrap)
SimGCL|musical-instruments|SimGCL-main|seed42,SimGCL,musical-instruments,SimGCL-main,42,completed,log\p0\baseline\SimGCL\musical-instruments\simgcl-f263d2bff497\seed42,9ec5e0280718bb06154d7fc2a54c5b9a2c12412c,b92a113d8476075b0403806282f7b5b739e93468f9383f2214e3308531c203f0,c1f899d2efe76bf8c03e2927ab5b19ef2cd95a28d2708f8cefa7c06b5c9c0747,99bab18a08c4f083a98addb3d6e6a689613dc4233e8a37e76dcbb3d779207686,40ef9b4a7f9c537ed7c525f4c5a54835f6a798db73b1e73681dabea54dc1c720,dataset split_manifest.json (shared; model's own manifest had none),,,df8d51f853679724a1e31a3fec1bd68776934f2e7d547c2d8d31819e93527267,,validation Recall@20 Overall,once after loading best validation checkpoint,78,261.049883,0.2,,,,,,,Table S1; Table 7 (deltas); Table 11 (bootstrap)
SimGCL|musical-instruments|SimGCL-main|seed0,SimGCL,musical-instruments,SimGCL-main,0,completed,log\p0\baseline\SimGCL\musical-instruments\simgcl-f263d2bff497\seed0,9ec5e0280718bb06154d7fc2a54c5b9a2c12412c,b92a113d8476075b0403806282f7b5b739e93468f9383f2214e3308531c203f0,c1f899d2efe76bf8c03e2927ab5b19ef2cd95a28d2708f8cefa7c06b5c9c0747,99bab18a08c4f083a98addb3d6e6a689613dc4233e8a37e76dcbb3d779207686,40ef9b4a7f9c537ed7c525f4c5a54835f6a798db73b1e73681dabea54dc1c720,dataset split_manifest.json (shared; model's own manifest had none),,,2593b4265f873cfead820bd57c8052447469bcee0a6e6d07f2e61f2a31d489be,,validation Recall@20 Overall,once after loading best validation checkpoint,82,272.559237,0.2,,,,,,,Table S1; Table 7 (deltas); Table 11 (bootstrap)
SimGCL|musical-instruments|SimGCL-main|seed1,SimGCL,musical-instruments,SimGCL-main,1,completed,log\p0\baseline\SimGCL\musical-instruments\simgcl-f263d2bff497\seed1,9ec5e0280718bb06154d7fc2a54c5b9a2c12412c,b92a113d8476075b0403806282f7b5b739e93468f9383f2214e3308531c203f0,c1f899d2efe76bf8c03e2927ab5b19ef2cd95a28d2708f8cefa7c06b5c9c0747,99bab18a08c4f083a98addb3d6e6a689613dc4233e8a37e76dcbb3d779207686,40ef9b4a7f9c537ed7c525f4c5a54835f6a798db73b1e73681dabea54dc1c720,dataset split_manifest.json (shared; model's own manifest had none),,,8bcd7fa1a06ef0325e0df36d2f4363393b17ec3661aa83c28bf0516aaaa6797c,,validation Recall@20 Overall,once after loading best validation checkpoint,78,259.432122,0.2,,,,,,,Table S1; Table 7 (deltas); Table 11 (bootstrap)
SimGCL|arts-crafts-and-sewing|SimGCL-main|seed42,SimGCL,arts-crafts-and-sewing,SimGCL-main,42,completed,log\p0\baseline\SimGCL\arts-crafts-and-sewing\simgcl-c8b32441f415\seed42,9ec5e0280718bb06154d7fc2a54c5b9a2c12412c,508f2729239e534f81ef4eed9ae7eef872b9400cdfae7811acdb5d69f95c9b1e,3f756d2abf4688854d99a163541a9e6bcb2e1004b3354a7e85bc03e2ef4a9d11,88cccde67633b5cb6f8f4ef35c12c9704c8c4fb84e6aba96c5f8bb142c4fa3e3,bb0984471d2186fb62c2f79a339420f2cadd1e99d4b3477bddfbf4156689dfff,dataset split_manifest.json (shared; model's own manifest had none),,,b171a277b9f6cc9ee24c7286a4190ee76d68d54851f3f2ade0e5dfbd90797087,,validation Recall@20 Overall,once after loading best validation checkpoint,56,2407.560082,0.2,,,,,,,Table S1; Table 7 (deltas); Table 11 (bootstrap)
SimGCL|arts-crafts-and-sewing|SimGCL-main|seed0,SimGCL,arts-crafts-and-sewing,SimGCL-main,0,completed,log\p0\baseline\SimGCL\arts-crafts-and-sewing\simgcl-c8b32441f415\seed0,9ec5e0280718bb06154d7fc2a54c5b9a2c12412c,508f2729239e534f81ef4eed9ae7eef872b9400cdfae7811acdb5d69f95c9b1e,3f756d2abf4688854d99a163541a9e6bcb2e1004b3354a7e85bc03e2ef4a9d11,88cccde67633b5cb6f8f4ef35c12c9704c8c4fb84e6aba96c5f8bb142c4fa3e3,bb0984471d2186fb62c2f79a339420f2cadd1e99d4b3477bddfbf4156689dfff,dataset split_manifest.json (shared; model's own manifest had none),,,22bf5a594ea303dc7e627055bffe34f65bbfd5a44d7e72c92319583912c1ce8a,,validation Recall@20 Overall,once after loading best validation checkpoint,56,3213.962076,0.2,,,,,,,Table S1; Table 7 (deltas); Table 11 (bootstrap)
SimGCL|arts-crafts-and-sewing|SimGCL-main|seed1,SimGCL,arts-crafts-and-sewing,SimGCL-main,1,completed,log\p0\baseline\SimGCL\arts-crafts-and-sewing\simgcl-c8b32441f415\seed1,9ec5e0280718bb06154d7fc2a54c5b9a2c12412c,508f2729239e534f81ef4eed9ae7eef872b9400cdfae7811acdb5d69f95c9b1e,3f756d2abf4688854d99a163541a9e6bcb2e1004b3354a7e85bc03e2ef4a9d11,88cccde67633b5cb6f8f4ef35c12c9704c8c4fb84e6aba96c5f8bb142c4fa3e3,bb0984471d2186fb62c2f79a339420f2cadd1e99d4b3477bddfbf4156689dfff,dataset split_manifest.json (shared; model's own manifest had none),,,7a54f7a40df6dd10d96be0c4d1b3320b6d9e9ff97884004943576f9443a18890,,validation Recall@20 Overall,once after loading best validation checkpoint,54,3135.13298,0.2,,,,,,,Table S1; Table 7 (deltas); Table 11 (bootstrap)
TaxPro-CL|amazon-book|V0|seed42,TaxPro-CL,amazon-book,V0,42,completed,log\p0\taxprocl\amazon-book\A2-V0\seed42,9ec5e0280718bb06154d7fc2a54c5b9a2c12412c,11d3ccde5d7be7b31581177354d1544336953d9ab81c64417ee761885ac92504,644a62e3afb91bb6780efc1d50853361ca3cf5627993e2737580a83a0793cf06,3b29ba64d32db26ba4376391b5cbf43a42311c0da08c9cba0cb7baddb0351899,6250754994dd953b91b48dccdd77a73f318e0634b4757c2abfcc9d33a54ab0f5,model_metadata,8d9708a8dcce1d19e483e46d2e636e2443779397e7ebe192c9448f2c9cb28a3f,ca1faa2483cf1419bc7a05747487d7ac19eb27e381dbaf3183c7410de1e20417,9c6d6dfd64cb1a615e3b1d7fab8026b4a678148c39797dbedb4b604cbe65a577,,validation Recall@20 Overall,once after loading best validation checkpoint,56,13161.393431,0.1,0.2,0.2,20,random,false,no_merge,"Online Resource 1 Tables S13c/S13d (Amazon-Book, no_merge policy-sensitivity check for the direction/epsilon-adaptivity factorial); Table S13e (Holm-Bonferroni correction references the merge_t10 family, not these no_merge rows directly)"
TaxPro-CL|amazon-book|V0|seed0,TaxPro-CL,amazon-book,V0,0,completed,log\p0\taxprocl\amazon-book\A2-V0\seed0,9ec5e0280718bb06154d7fc2a54c5b9a2c12412c,11d3ccde5d7be7b31581177354d1544336953d9ab81c64417ee761885ac92504,644a62e3afb91bb6780efc1d50853361ca3cf5627993e2737580a83a0793cf06,3b29ba64d32db26ba4376391b5cbf43a42311c0da08c9cba0cb7baddb0351899,6250754994dd953b91b48dccdd77a73f318e0634b4757c2abfcc9d33a54ab0f5,model_metadata,8d9708a8dcce1d19e483e46d2e636e2443779397e7ebe192c9448f2c9cb28a3f,ca1faa2483cf1419bc7a05747487d7ac19eb27e381dbaf3183c7410de1e20417,580ea8a623594d024be9c3dc8f050bb1d4a682013666bc4e808fd0a94824ec7e,,validation Recall@20 Overall,once after loading best validation checkpoint,55,12853.31448,0.1,0.2,0.2,20,random,false,no_merge,"Online Resource 1 Tables S13c/S13d (Amazon-Book, no_merge policy-sensitivity check for the direction/epsilon-adaptivity factorial); Table S13e (Holm-Bonferroni correction references the merge_t10 family, not these no_merge rows directly)"
TaxPro-CL|amazon-book|V0|seed1,TaxPro-CL,amazon-book,V0,1,completed,log\p0\taxprocl\amazon-book\A2-V0\seed1,9ec5e0280718bb06154d7fc2a54c5b9a2c12412c,11d3ccde5d7be7b31581177354d1544336953d9ab81c64417ee761885ac92504,644a62e3afb91bb6780efc1d50853361ca3cf5627993e2737580a83a0793cf06,3b29ba64d32db26ba4376391b5cbf43a42311c0da08c9cba0cb7baddb0351899,6250754994dd953b91b48dccdd77a73f318e0634b4757c2abfcc9d33a54ab0f5,model_metadata,8d9708a8dcce1d19e483e46d2e636e2443779397e7ebe192c9448f2c9cb28a3f,ca1faa2483cf1419bc7a05747487d7ac19eb27e381dbaf3183c7410de1e20417,55f715a98077d5e05326f1d6d721c9df6704bea49fa2ac8cee095cf1136697ed,,validation Recall@20 Overall,once after loading best validation checkpoint,55,12747.029461,0.1,0.2,0.2,20,random,false,no_merge,"Online Resource 1 Tables S13c/S13d (Amazon-Book, no_merge policy-sensitivity check for the direction/epsilon-adaptivity factorial); Table S13e (Holm-Bonferroni correction references the merge_t10 family, not these no_merge rows directly)"
TaxPro-CL|amazon-book|V1|seed42,TaxPro-CL,amazon-book,V1,42,completed,log\p0\taxprocl\amazon-book\A2-V1\seed42,9ec5e0280718bb06154d7fc2a54c5b9a2c12412c,0187062ea42de162d6b9f3e20e580cafed8dda3df1e5850df3697b326f3fb144,644a62e3afb91bb6780efc1d50853361ca3cf5627993e2737580a83a0793cf06,3b29ba64d32db26ba4376391b5cbf43a42311c0da08c9cba0cb7baddb0351899,6250754994dd953b91b48dccdd77a73f318e0634b4757c2abfcc9d33a54ab0f5,model_metadata,8d9708a8dcce1d19e483e46d2e636e2443779397e7ebe192c9448f2c9cb28a3f,ca1faa2483cf1419bc7a05747487d7ac19eb27e381dbaf3183c7410de1e20417,17baa00d26e5a58401cb06eabe8bd232cc448c80e2dc6db8bcaf16c81049426c,,validation Recall@20 Overall,once after loading best validation checkpoint,56,13234.968647,0.1,0.2,0.2,20,taxonomy,false,no_merge,"Online Resource 1 Tables S13c/S13d (Amazon-Book, no_merge policy-sensitivity check for the direction/epsilon-adaptivity factorial); Table S13e (Holm-Bonferroni correction references the merge_t10 family, not these no_merge rows directly)"
TaxPro-CL|amazon-book|V1|seed0,TaxPro-CL,amazon-book,V1,0,completed,log\p0\taxprocl\amazon-book\A2-V1\seed0,9ec5e0280718bb06154d7fc2a54c5b9a2c12412c,0187062ea42de162d6b9f3e20e580cafed8dda3df1e5850df3697b326f3fb144,644a62e3afb91bb6780efc1d50853361ca3cf5627993e2737580a83a0793cf06,3b29ba64d32db26ba4376391b5cbf43a42311c0da08c9cba0cb7baddb0351899,6250754994dd953b91b48dccdd77a73f318e0634b4757c2abfcc9d33a54ab0f5,model_metadata,8d9708a8dcce1d19e483e46d2e636e2443779397e7ebe192c9448f2c9cb28a3f,ca1faa2483cf1419bc7a05747487d7ac19eb27e381dbaf3183c7410de1e20417,1b795e01dd5c8bdeb5a3b83c2c458e316ed2a629498316fc08f80c6840f2597e,,validation Recall@20 Overall,once after loading best validation checkpoint,56,13245.811675,0.1,0.2,0.2,20,taxonomy,false,no_merge,"Online Resource 1 Tables S13c/S13d (Amazon-Book, no_merge policy-sensitivity check for the direction/epsilon-adaptivity factorial); Table S13e (Holm-Bonferroni correction references the merge_t10 family, not these no_merge rows directly)"
TaxPro-CL|amazon-book|V1|seed1,TaxPro-CL,amazon-book,V1,1,completed,log\p0\taxprocl\amazon-book\A2-V1\seed1,9ec5e0280718bb06154d7fc2a54c5b9a2c12412c,0187062ea42de162d6b9f3e20e580cafed8dda3df1e5850df3697b326f3fb144,644a62e3afb91bb6780efc1d50853361ca3cf5627993e2737580a83a0793cf06,3b29ba64d32db26ba4376391b5cbf43a42311c0da08c9cba0cb7baddb0351899,6250754994dd953b91b48dccdd77a73f318e0634b4757c2abfcc9d33a54ab0f5,model_metadata,8d9708a8dcce1d19e483e46d2e636e2443779397e7ebe192c9448f2c9cb28a3f,ca1faa2483cf1419bc7a05747487d7ac19eb27e381dbaf3183c7410de1e20417,77974425a550b9bb24498a1040f04b6982e563ce7671190450a02adf4ece9bec,,validation Recall@20 Overall,once after loading best validation checkpoint,55,13113.787477,0.1,0.2,0.2,20,taxonomy,false,no_merge,"Online Resource 1 Tables S13c/S13d (Amazon-Book, no_merge policy-sensitivity check for the direction/epsilon-adaptivity factorial); Table S13e (Holm-Bonferroni correction references the merge_t10 family, not these no_merge rows directly)"
TaxPro-CL|amazon-book|V2|seed42,TaxPro-CL,amazon-book,V2,42,completed,log\p0\taxprocl\amazon-book\A2-V2\seed42,9ec5e0280718bb06154d7fc2a54c5b9a2c12412c,627e7742925542f7d806f20d627fa66ddf6db798d8da59c7e1a749accd666d56,644a62e3afb91bb6780efc1d50853361ca3cf5627993e2737580a83a0793cf06,3b29ba64d32db26ba4376391b5cbf43a42311c0da08c9cba0cb7baddb0351899,6250754994dd953b91b48dccdd77a73f318e0634b4757c2abfcc9d33a54ab0f5,model_metadata,8d9708a8dcce1d19e483e46d2e636e2443779397e7ebe192c9448f2c9cb28a3f,ca1faa2483cf1419bc7a05747487d7ac19eb27e381dbaf3183c7410de1e20417,430a4281d5db63ba5e32b9ee1c11be8e6336215d5cc35dcbf277d09731610241,,validation Recall@20 Overall,once after loading best validation checkpoint,56,13230.7937,0.1,0.2,0.2,20,random,true,no_merge,"Online Resource 1 Tables S13c/S13d (Amazon-Book, no_merge policy-sensitivity check for the direction/epsilon-adaptivity factorial); Table S13e (Holm-Bonferroni correction references the merge_t10 family, not these no_merge rows directly)"
TaxPro-CL|amazon-book|V2|seed0,TaxPro-CL,amazon-book,V2,0,completed,log\p0\taxprocl\amazon-book\A2-V2\seed0,a20d2e60df7dfa151afff315f2ed839f1e337a21,627e7742925542f7d806f20d627fa66ddf6db798d8da59c7e1a749accd666d56,644a62e3afb91bb6780efc1d50853361ca3cf5627993e2737580a83a0793cf06,3b29ba64d32db26ba4376391b5cbf43a42311c0da08c9cba0cb7baddb0351899,6250754994dd953b91b48dccdd77a73f318e0634b4757c2abfcc9d33a54ab0f5,model_metadata,8d9708a8dcce1d19e483e46d2e636e2443779397e7ebe192c9448f2c9cb28a3f,ca1faa2483cf1419bc7a05747487d7ac19eb27e381dbaf3183c7410de1e20417,7e446c7473b466accde88cfaaada5b99b7e942042736c4d06c462b3a5c38b2c1,,validation Recall@20 Overall,once after loading best validation checkpoint,55,12865.390438,0.1,0.2,0.2,20,random,true,no_merge,"Online Resource 1 Tables S13c/S13d (Amazon-Book, no_merge policy-sensitivity check for the direction/epsilon-adaptivity factorial); Table S13e (Holm-Bonferroni correction references the merge_t10 family, not these no_merge rows directly)"
TaxPro-CL|amazon-book|V2|seed1,TaxPro-CL,amazon-book,V2,1,completed,log\p0\taxprocl\amazon-book\A2-V2\seed1,a20d2e60df7dfa151afff315f2ed839f1e337a21,627e7742925542f7d806f20d627fa66ddf6db798d8da59c7e1a749accd666d56,644a62e3afb91bb6780efc1d50853361ca3cf5627993e2737580a83a0793cf06,3b29ba64d32db26ba4376391b5cbf43a42311c0da08c9cba0cb7baddb0351899,6250754994dd953b91b48dccdd77a73f318e0634b4757c2abfcc9d33a54ab0f5,model_metadata,8d9708a8dcce1d19e483e46d2e636e2443779397e7ebe192c9448f2c9cb28a3f,ca1faa2483cf1419bc7a05747487d7ac19eb27e381dbaf3183c7410de1e20417,e382a2f9b6f015100d7a7db4dc1867ea47a7b1a52703e1869d6627b2cbfdd900,,validation Recall@20 Overall,once after loading best validation checkpoint,55,12877.943602,0.1,0.2,0.2,20,random,true,no_merge,"Online Resource 1 Tables S13c/S13d (Amazon-Book, no_merge policy-sensitivity check for the direction/epsilon-adaptivity factorial); Table S13e (Holm-Bonferroni correction references the merge_t10 family, not these no_merge rows directly)"
TaxPro-CL|amazon-book|V3|seed42,TaxPro-CL,amazon-book,V3,42,completed,log\p0\taxprocl\amazon-book\A2-V3\seed42,a20d2e60df7dfa151afff315f2ed839f1e337a21,95b491b8ea33e62a15bde581f53b8f1de2c637d920b59f9b9728627ccda1aa7e,644a62e3afb91bb6780efc1d50853361ca3cf5627993e2737580a83a0793cf06,3b29ba64d32db26ba4376391b5cbf43a42311c0da08c9cba0cb7baddb0351899,6250754994dd953b91b48dccdd77a73f318e0634b4757c2abfcc9d33a54ab0f5,model_metadata,8d9708a8dcce1d19e483e46d2e636e2443779397e7ebe192c9448f2c9cb28a3f,ca1faa2483cf1419bc7a05747487d7ac19eb27e381dbaf3183c7410de1e20417,cfb61deccd65d55ed69ae46b5bc1fd66dd4304abc285817a7d24b605569aeca8,NO (separately trained),validation Recall@20 Overall,once after loading best validation checkpoint,56,13454.107413,0.1,0.2,0.2,20,taxonomy,true,no_merge,"Online Resource 1 Tables S13c/S13d (Amazon-Book, no_merge policy-sensitivity check for the direction/epsilon-adaptivity factorial); Table S13e (Holm-Bonferroni correction references the merge_t10 family, not these no_merge rows directly)"
TaxPro-CL|amazon-book|V3|seed0,TaxPro-CL,amazon-book,V3,0,completed,log\p0\taxprocl\amazon-book\A2-V3\seed0,a20d2e60df7dfa151afff315f2ed839f1e337a21,95b491b8ea33e62a15bde581f53b8f1de2c637d920b59f9b9728627ccda1aa7e,644a62e3afb91bb6780efc1d50853361ca3cf5627993e2737580a83a0793cf06,3b29ba64d32db26ba4376391b5cbf43a42311c0da08c9cba0cb7baddb0351899,6250754994dd953b91b48dccdd77a73f318e0634b4757c2abfcc9d33a54ab0f5,model_metadata,8d9708a8dcce1d19e483e46d2e636e2443779397e7ebe192c9448f2c9cb28a3f,ca1faa2483cf1419bc7a05747487d7ac19eb27e381dbaf3183c7410de1e20417,db5221a50ad1f8a679dabbe094b6a7eb8296d87cb7cf5b5b0a4a33aaf2b6710b,NO (separately trained),validation Recall@20 Overall,once after loading best validation checkpoint,56,13457.530132,0.1,0.2,0.2,20,taxonomy,true,no_merge,"Online Resource 1 Tables S13c/S13d (Amazon-Book, no_merge policy-sensitivity check for the direction/epsilon-adaptivity factorial); Table S13e (Holm-Bonferroni correction references the merge_t10 family, not these no_merge rows directly)"
TaxPro-CL|amazon-book|V3|seed1,TaxPro-CL,amazon-book,V3,1,completed,log\p0\taxprocl\amazon-book\A2-V3\seed1,a20d2e60df7dfa151afff315f2ed839f1e337a21,95b491b8ea33e62a15bde581f53b8f1de2c637d920b59f9b9728627ccda1aa7e,644a62e3afb91bb6780efc1d50853361ca3cf5627993e2737580a83a0793cf06,3b29ba64d32db26ba4376391b5cbf43a42311c0da08c9cba0cb7baddb0351899,6250754994dd953b91b48dccdd77a73f318e0634b4757c2abfcc9d33a54ab0f5,model_metadata,8d9708a8dcce1d19e483e46d2e636e2443779397e7ebe192c9448f2c9cb28a3f,ca1faa2483cf1419bc7a05747487d7ac19eb27e381dbaf3183c7410de1e20417,425b3fb0b2710329a78c0224b7f8cb1658f97bfac885b7eb6900725433388539,NO (separately trained),validation Recall@20 Overall,once after loading best validation checkpoint,55,13137.832984,0.1,0.2,0.2,20,taxonomy,true,no_merge,"Online Resource 1 Tables S13c/S13d (Amazon-Book, no_merge policy-sensitivity check for the direction/epsilon-adaptivity factorial); Table S13e (Holm-Bonferroni correction references the merge_t10 family, not these no_merge rows directly)"
TaxPro-CL|yelp2018|V0|seed42,TaxPro-CL,yelp2018,V0,42,completed,log\p0\taxprocl\yelp2018\A2-V0\seed42,a20d2e60df7dfa151afff315f2ed839f1e337a21,c2d490941bc10a8daa5a1b728f8a597e552c171c95b6ce5fd2a47cb5e01a2ff6,0ab254dd0bec5914efc4a4a6d7f6bb318d234b5f9c64b0aa9449925d0ba81bf8,a0950d1880a909c41424b903945bcd1cf32b23181e076be92428a2a241b81c41,9cd9b37926cd1447a06625ffa7914527573fb097c10cb0bbdb1d1b8ded3742fe,model_metadata,0fb6e8efcf33ab13b5b1caa7d03063e10c1bd0b37b3b568c6e7759133fe93d3b,674b88c2ff56b5c3ce3a13aa08971cbf1c16ffff5b683616207009f90cb81f5a,3e0b97a0012bf4a10578978db0b9d77d62336ebb7320d8307bc1cfc5f5fdffad,,validation Recall@20 Overall,once after loading best validation checkpoint,56,1665.132832,0.125,0.2,0.2,20,random,false,no_merge,"SUPERSEDED by V{0-3}-tempuser0.15 (trained with temperature_user=0.2, not the main configuration's 0.15); not used in the paper"
TaxPro-CL|yelp2018|V0|seed0,TaxPro-CL,yelp2018,V0,0,completed,log\p0\taxprocl\yelp2018\A2-V0\seed0,a20d2e60df7dfa151afff315f2ed839f1e337a21,c2d490941bc10a8daa5a1b728f8a597e552c171c95b6ce5fd2a47cb5e01a2ff6,0ab254dd0bec5914efc4a4a6d7f6bb318d234b5f9c64b0aa9449925d0ba81bf8,a0950d1880a909c41424b903945bcd1cf32b23181e076be92428a2a241b81c41,9cd9b37926cd1447a06625ffa7914527573fb097c10cb0bbdb1d1b8ded3742fe,model_metadata,0fb6e8efcf33ab13b5b1caa7d03063e10c1bd0b37b3b568c6e7759133fe93d3b,674b88c2ff56b5c3ce3a13aa08971cbf1c16ffff5b683616207009f90cb81f5a,3f38392f4a7bac582ab8fb93182e87cbc8ff527b4aa1c07d76277051a2ee81e6,,validation Recall@20 Overall,once after loading best validation checkpoint,52,2956.783403,0.125,0.2,0.2,20,random,false,no_merge,"SUPERSEDED by V{0-3}-tempuser0.15 (trained with temperature_user=0.2, not the main configuration's 0.15); not used in the paper"
TaxPro-CL|yelp2018|V0|seed1,TaxPro-CL,yelp2018,V0,1,completed,log\p0\taxprocl\yelp2018\A2-V0\seed1,a20d2e60df7dfa151afff315f2ed839f1e337a21,c2d490941bc10a8daa5a1b728f8a597e552c171c95b6ce5fd2a47cb5e01a2ff6,0ab254dd0bec5914efc4a4a6d7f6bb318d234b5f9c64b0aa9449925d0ba81bf8,a0950d1880a909c41424b903945bcd1cf32b23181e076be92428a2a241b81c41,9cd9b37926cd1447a06625ffa7914527573fb097c10cb0bbdb1d1b8ded3742fe,model_metadata,0fb6e8efcf33ab13b5b1caa7d03063e10c1bd0b37b3b568c6e7759133fe93d3b,674b88c2ff56b5c3ce3a13aa08971cbf1c16ffff5b683616207009f90cb81f5a,9eedfb9d9df739a42c1835ab9be6104ae05f7e906eaa1d762e9df367677816b2,,validation Recall@20 Overall,once after loading best validation checkpoint,53,3699.771091,0.125,0.2,0.2,20,random,false,no_merge,"SUPERSEDED by V{0-3}-tempuser0.15 (trained with temperature_user=0.2, not the main configuration's 0.15); not used in the paper"
TaxPro-CL|yelp2018|V1|seed42,TaxPro-CL,yelp2018,V1,42,completed,log\p0\taxprocl\yelp2018\A2-V1\seed42,a20d2e60df7dfa151afff315f2ed839f1e337a21,959b3564e6993a84bd3528e42ebc4d7129702555cb7f7f44907310afe3cd367d,0ab254dd0bec5914efc4a4a6d7f6bb318d234b5f9c64b0aa9449925d0ba81bf8,a0950d1880a909c41424b903945bcd1cf32b23181e076be92428a2a241b81c41,9cd9b37926cd1447a06625ffa7914527573fb097c10cb0bbdb1d1b8ded3742fe,model_metadata,0fb6e8efcf33ab13b5b1caa7d03063e10c1bd0b37b3b568c6e7759133fe93d3b,674b88c2ff56b5c3ce3a13aa08971cbf1c16ffff5b683616207009f90cb81f5a,f655f5b7d28e696b8ca96aed3976e6570ef10cb7489251cbd8e6e4255e218207,,validation Recall@20 Overall,once after loading best validation checkpoint,55,3923.587772,0.125,0.2,0.2,20,taxonomy,false,no_merge,"SUPERSEDED by V{0-3}-tempuser0.15 (trained with temperature_user=0.2, not the main configuration's 0.15); not used in the paper"
TaxPro-CL|yelp2018|V1|seed0,TaxPro-CL,yelp2018,V1,0,completed,log\p0\taxprocl\yelp2018\A2-V1\seed0,a20d2e60df7dfa151afff315f2ed839f1e337a21,959b3564e6993a84bd3528e42ebc4d7129702555cb7f7f44907310afe3cd367d,0ab254dd0bec5914efc4a4a6d7f6bb318d234b5f9c64b0aa9449925d0ba81bf8,a0950d1880a909c41424b903945bcd1cf32b23181e076be92428a2a241b81c41,9cd9b37926cd1447a06625ffa7914527573fb097c10cb0bbdb1d1b8ded3742fe,model_metadata,0fb6e8efcf33ab13b5b1caa7d03063e10c1bd0b37b3b568c6e7759133fe93d3b,674b88c2ff56b5c3ce3a13aa08971cbf1c16ffff5b683616207009f90cb81f5a,3a7da90659fa33bb366750102200b24dc409154e7920349e626ce8b77ff41fff,,validation Recall@20 Overall,once after loading best validation checkpoint,52,3637.614965,0.125,0.2,0.2,20,taxonomy,false,no_merge,"SUPERSEDED by V{0-3}-tempuser0.15 (trained with temperature_user=0.2, not the main configuration's 0.15); not used in the paper"
TaxPro-CL|yelp2018|V1|seed1,TaxPro-CL,yelp2018,V1,1,completed,log\p0\taxprocl\yelp2018\A2-V1\seed1,a20d2e60df7dfa151afff315f2ed839f1e337a21,959b3564e6993a84bd3528e42ebc4d7129702555cb7f7f44907310afe3cd367d,0ab254dd0bec5914efc4a4a6d7f6bb318d234b5f9c64b0aa9449925d0ba81bf8,a0950d1880a909c41424b903945bcd1cf32b23181e076be92428a2a241b81c41,9cd9b37926cd1447a06625ffa7914527573fb097c10cb0bbdb1d1b8ded3742fe,model_metadata,0fb6e8efcf33ab13b5b1caa7d03063e10c1bd0b37b3b568c6e7759133fe93d3b,674b88c2ff56b5c3ce3a13aa08971cbf1c16ffff5b683616207009f90cb81f5a,598a2afc605d638d913ecfffe2494c2f93bb0ce16a7888c18c42bdafa8b81f51,,validation Recall@20 Overall,once after loading best validation checkpoint,53,3722.119726,0.125,0.2,0.2,20,taxonomy,false,no_merge,"SUPERSEDED by V{0-3}-tempuser0.15 (trained with temperature_user=0.2, not the main configuration's 0.15); not used in the paper"
TaxPro-CL|yelp2018|V2|seed42,TaxPro-CL,yelp2018,V2,42,completed,log\p0\taxprocl\yelp2018\A2-V2\seed42,a20d2e60df7dfa151afff315f2ed839f1e337a21,db42158cbf62069b595eebe78f58fb30e36ce158ea613d50197f0e62bc3bddbf,0ab254dd0bec5914efc4a4a6d7f6bb318d234b5f9c64b0aa9449925d0ba81bf8,a0950d1880a909c41424b903945bcd1cf32b23181e076be92428a2a241b81c41,9cd9b37926cd1447a06625ffa7914527573fb097c10cb0bbdb1d1b8ded3742fe,model_metadata,0fb6e8efcf33ab13b5b1caa7d03063e10c1bd0b37b3b568c6e7759133fe93d3b,674b88c2ff56b5c3ce3a13aa08971cbf1c16ffff5b683616207009f90cb81f5a,5089e2e1654ea289e2a12e8a8b889d7440893c7874f76f246955b8fc7df95332,,validation Recall@20 Overall,once after loading best validation checkpoint,56,3986.141835,0.125,0.2,0.2,20,random,true,no_merge,"SUPERSEDED by V{0-3}-tempuser0.15 (trained with temperature_user=0.2, not the main configuration's 0.15); not used in the paper"
TaxPro-CL|yelp2018|V2|seed0,TaxPro-CL,yelp2018,V2,0,completed,log\p0\taxprocl\yelp2018\A2-V2\seed0,a20d2e60df7dfa151afff315f2ed839f1e337a21,db42158cbf62069b595eebe78f58fb30e36ce158ea613d50197f0e62bc3bddbf,0ab254dd0bec5914efc4a4a6d7f6bb318d234b5f9c64b0aa9449925d0ba81bf8,a0950d1880a909c41424b903945bcd1cf32b23181e076be92428a2a241b81c41,9cd9b37926cd1447a06625ffa7914527573fb097c10cb0bbdb1d1b8ded3742fe,model_metadata,0fb6e8efcf33ab13b5b1caa7d03063e10c1bd0b37b3b568c6e7759133fe93d3b,674b88c2ff56b5c3ce3a13aa08971cbf1c16ffff5b683616207009f90cb81f5a,6cb8d257abd1db3af6aa6aca1199d0ef4fabaa4a03bc4fc4c8e2bfeb216a7d6a,,validation Recall@20 Overall,once after loading best validation checkpoint,51,3515.358923,0.125,0.2,0.2,20,random,true,no_merge,"SUPERSEDED by V{0-3}-tempuser0.15 (trained with temperature_user=0.2, not the main configuration's 0.15); not used in the paper"
TaxPro-CL|yelp2018|V2|seed1,TaxPro-CL,yelp2018,V2,1,completed,log\p0\taxprocl\yelp2018\A2-V2\seed1,a20d2e60df7dfa151afff315f2ed839f1e337a21,db42158cbf62069b595eebe78f58fb30e36ce158ea613d50197f0e62bc3bddbf,0ab254dd0bec5914efc4a4a6d7f6bb318d234b5f9c64b0aa9449925d0ba81bf8,a0950d1880a909c41424b903945bcd1cf32b23181e076be92428a2a241b81c41,9cd9b37926cd1447a06625ffa7914527573fb097c10cb0bbdb1d1b8ded3742fe,model_metadata,0fb6e8efcf33ab13b5b1caa7d03063e10c1bd0b37b3b568c6e7759133fe93d3b,674b88c2ff56b5c3ce3a13aa08971cbf1c16ffff5b683616207009f90cb81f5a,0da3c590e42bf69b2f76d337c2f50608a845cfba3613619ea6da0f1df695ce49,,validation Recall@20 Overall,once after loading best validation checkpoint,53,3696.416453,0.125,0.2,0.2,20,random,true,no_merge,"SUPERSEDED by V{0-3}-tempuser0.15 (trained with temperature_user=0.2, not the main configuration's 0.15); not used in the paper"
TaxPro-CL|yelp2018|V3|seed42,TaxPro-CL,yelp2018,V3,42,completed,log\p0\taxprocl\yelp2018\A2-V3\seed42,a20d2e60df7dfa151afff315f2ed839f1e337a21,fd47c349bd3ad22a39f71dc5ca34f9b062a5a72faec79c025fb1936a91c93f22,0ab254dd0bec5914efc4a4a6d7f6bb318d234b5f9c64b0aa9449925d0ba81bf8,a0950d1880a909c41424b903945bcd1cf32b23181e076be92428a2a241b81c41,9cd9b37926cd1447a06625ffa7914527573fb097c10cb0bbdb1d1b8ded3742fe,model_metadata,0fb6e8efcf33ab13b5b1caa7d03063e10c1bd0b37b3b568c6e7759133fe93d3b,674b88c2ff56b5c3ce3a13aa08971cbf1c16ffff5b683616207009f90cb81f5a,c89a0b63e9b5bf525531a3892e2434f8bf941dee9623cab11ea2671c49226033,NO (separately trained),validation Recall@20 Overall,once after loading best validation checkpoint,55,3933.21974,0.125,0.2,0.2,20,taxonomy,true,no_merge,"SUPERSEDED by V{0-3}-tempuser0.15 (trained with temperature_user=0.2, not the main configuration's 0.15); not used in the paper"
TaxPro-CL|yelp2018|V3|seed0,TaxPro-CL,yelp2018,V3,0,completed,log\p0\taxprocl\yelp2018\A2-V3\seed0,a20d2e60df7dfa151afff315f2ed839f1e337a21,fd47c349bd3ad22a39f71dc5ca34f9b062a5a72faec79c025fb1936a91c93f22,0ab254dd0bec5914efc4a4a6d7f6bb318d234b5f9c64b0aa9449925d0ba81bf8,a0950d1880a909c41424b903945bcd1cf32b23181e076be92428a2a241b81c41,9cd9b37926cd1447a06625ffa7914527573fb097c10cb0bbdb1d1b8ded3742fe,model_metadata,0fb6e8efcf33ab13b5b1caa7d03063e10c1bd0b37b3b568c6e7759133fe93d3b,674b88c2ff56b5c3ce3a13aa08971cbf1c16ffff5b683616207009f90cb81f5a,c36e4190bf2c3e475bdd13d6306fce6b76527c19203f673a2761f639d12d3475,NO (separately trained),validation Recall@20 Overall,once after loading best validation checkpoint,52,3632.363796,0.125,0.2,0.2,20,taxonomy,true,no_merge,"SUPERSEDED by V{0-3}-tempuser0.15 (trained with temperature_user=0.2, not the main configuration's 0.15); not used in the paper"
TaxPro-CL|yelp2018|V3|seed1,TaxPro-CL,yelp2018,V3,1,completed,log\p0\taxprocl\yelp2018\A2-V3\seed1,a20d2e60df7dfa151afff315f2ed839f1e337a21,fd47c349bd3ad22a39f71dc5ca34f9b062a5a72faec79c025fb1936a91c93f22,0ab254dd0bec5914efc4a4a6d7f6bb318d234b5f9c64b0aa9449925d0ba81bf8,a0950d1880a909c41424b903945bcd1cf32b23181e076be92428a2a241b81c41,9cd9b37926cd1447a06625ffa7914527573fb097c10cb0bbdb1d1b8ded3742fe,model_metadata,0fb6e8efcf33ab13b5b1caa7d03063e10c1bd0b37b3b568c6e7759133fe93d3b,674b88c2ff56b5c3ce3a13aa08971cbf1c16ffff5b683616207009f90cb81f5a,7e55d8fee981dade591a9cb4cff3518f6152cb0982170bced4475193f2827050,NO (separately trained),validation Recall@20 Overall,once after loading best validation checkpoint,53,3976.009415,0.125,0.2,0.2,20,taxonomy,true,no_merge,"SUPERSEDED by V{0-3}-tempuser0.15 (trained with temperature_user=0.2, not the main configuration's 0.15); not used in the paper"
TaxPro-CL|musical-instruments|V0|seed42,TaxPro-CL,musical-instruments,V0,42,completed,log\p0\taxprocl\musical-instruments\A2-V0\seed42,a20d2e60df7dfa151afff315f2ed839f1e337a21,e1c2e19cfa48d3981d29623ff010a3deca395c0eba964e125bc8c31850d42339,c1f899d2efe76bf8c03e2927ab5b19ef2cd95a28d2708f8cefa7c06b5c9c0747,99bab18a08c4f083a98addb3d6e6a689613dc4233e8a37e76dcbb3d779207686,40ef9b4a7f9c537ed7c525f4c5a54835f6a798db73b1e73681dabea54dc1c720,model_metadata,15a4967de380e1b39d32bf82a5f8304cfeb9d8832153033723700e99a9bfb71d,9232ad8c85f49189643052887b4d2b72e0d5ff9fe2bfa08a287ea902a1d0291c,6c3d9c7be72b75e8e3e3fde5958daed24191c40f8f1c0cd05edd9436c1eaa280,,validation Recall@20 Overall,once after loading best validation checkpoint,62,323.946957,0.15,0.2,0.2,20,random,false,no_merge,Table 8; Table 9; Figure 2; Online Resource 1 Tables S13/S13b/S17/S17b/S19/S27
TaxPro-CL|musical-instruments|V0|seed0,TaxPro-CL,musical-instruments,V0,0,completed,log\p0\taxprocl\musical-instruments\A2-V0\seed0,a20d2e60df7dfa151afff315f2ed839f1e337a21,e1c2e19cfa48d3981d29623ff010a3deca395c0eba964e125bc8c31850d42339,c1f899d2efe76bf8c03e2927ab5b19ef2cd95a28d2708f8cefa7c06b5c9c0747,99bab18a08c4f083a98addb3d6e6a689613dc4233e8a37e76dcbb3d779207686,40ef9b4a7f9c537ed7c525f4c5a54835f6a798db73b1e73681dabea54dc1c720,model_metadata,15a4967de380e1b39d32bf82a5f8304cfeb9d8832153033723700e99a9bfb71d,9232ad8c85f49189643052887b4d2b72e0d5ff9fe2bfa08a287ea902a1d0291c,c4f86ff0ca43c5d313d39f7671b2f75a77355d866b743b1045dc168b1daca742,,validation Recall@20 Overall,once after loading best validation checkpoint,58,179.251687,0.15,0.2,0.2,20,random,false,no_merge,Table 8; Table 9; Figure 2; Online Resource 1 Tables S13/S13b/S17/S17b/S19/S27
TaxPro-CL|musical-instruments|V0|seed1,TaxPro-CL,musical-instruments,V0,1,completed,log\p0\taxprocl\musical-instruments\A2-V0\seed1,a20d2e60df7dfa151afff315f2ed839f1e337a21,e1c2e19cfa48d3981d29623ff010a3deca395c0eba964e125bc8c31850d42339,c1f899d2efe76bf8c03e2927ab5b19ef2cd95a28d2708f8cefa7c06b5c9c0747,99bab18a08c4f083a98addb3d6e6a689613dc4233e8a37e76dcbb3d779207686,40ef9b4a7f9c537ed7c525f4c5a54835f6a798db73b1e73681dabea54dc1c720,model_metadata,15a4967de380e1b39d32bf82a5f8304cfeb9d8832153033723700e99a9bfb71d,9232ad8c85f49189643052887b4d2b72e0d5ff9fe2bfa08a287ea902a1d0291c,68034d0c278286ae9cfefc5188db8484ec3684939f37f127caf06c965dea58f8,,validation Recall@20 Overall,once after loading best validation checkpoint,60,185.57656,0.15,0.2,0.2,20,random,false,no_merge,Table 8; Table 9; Figure 2; Online Resource 1 Tables S13/S13b/S17/S17b/S19/S27
TaxPro-CL|musical-instruments|V1|seed42,TaxPro-CL,musical-instruments,V1,42,completed,log\p0\taxprocl\musical-instruments\A2-V1\seed42,a20d2e60df7dfa151afff315f2ed839f1e337a21,d7b2ef6a8ec2d29eb1a201f6deb8c677181b2818b3e245b0fed0f94e978a342f,c1f899d2efe76bf8c03e2927ab5b19ef2cd95a28d2708f8cefa7c06b5c9c0747,99bab18a08c4f083a98addb3d6e6a689613dc4233e8a37e76dcbb3d779207686,40ef9b4a7f9c537ed7c525f4c5a54835f6a798db73b1e73681dabea54dc1c720,model_metadata,15a4967de380e1b39d32bf82a5f8304cfeb9d8832153033723700e99a9bfb71d,9232ad8c85f49189643052887b4d2b72e0d5ff9fe2bfa08a287ea902a1d0291c,d00299fee826a5fbf2e41f8c05d0f346ec577241dff4584a7e6aa0a323ca3241,,validation Recall@20 Overall,once after loading best validation checkpoint,62,195.148189,0.15,0.2,0.2,20,taxonomy,false,no_merge,Table 8; Table 9; Figure 2; Online Resource 1 Tables S13/S13b/S17/S17b/S19/S27
TaxPro-CL|musical-instruments|V1|seed0,TaxPro-CL,musical-instruments,V1,0,completed,log\p0\taxprocl\musical-instruments\A2-V1\seed0,a20d2e60df7dfa151afff315f2ed839f1e337a21,d7b2ef6a8ec2d29eb1a201f6deb8c677181b2818b3e245b0fed0f94e978a342f,c1f899d2efe76bf8c03e2927ab5b19ef2cd95a28d2708f8cefa7c06b5c9c0747,99bab18a08c4f083a98addb3d6e6a689613dc4233e8a37e76dcbb3d779207686,40ef9b4a7f9c537ed7c525f4c5a54835f6a798db73b1e73681dabea54dc1c720,model_metadata,15a4967de380e1b39d32bf82a5f8304cfeb9d8832153033723700e99a9bfb71d,9232ad8c85f49189643052887b4d2b72e0d5ff9fe2bfa08a287ea902a1d0291c,5daa115100dbf8e98b60520a790395288a06884bcf32cead29c7d52f0a29b2f1,,validation Recall@20 Overall,once after loading best validation checkpoint,59,184.847123,0.15,0.2,0.2,20,taxonomy,false,no_merge,Table 8; Table 9; Figure 2; Online Resource 1 Tables S13/S13b/S17/S17b/S19/S27
TaxPro-CL|musical-instruments|V1|seed1,TaxPro-CL,musical-instruments,V1,1,completed,log\p0\taxprocl\musical-instruments\A2-V1\seed1,a20d2e60df7dfa151afff315f2ed839f1e337a21,d7b2ef6a8ec2d29eb1a201f6deb8c677181b2818b3e245b0fed0f94e978a342f,c1f899d2efe76bf8c03e2927ab5b19ef2cd95a28d2708f8cefa7c06b5c9c0747,99bab18a08c4f083a98addb3d6e6a689613dc4233e8a37e76dcbb3d779207686,40ef9b4a7f9c537ed7c525f4c5a54835f6a798db73b1e73681dabea54dc1c720,model_metadata,15a4967de380e1b39d32bf82a5f8304cfeb9d8832153033723700e99a9bfb71d,9232ad8c85f49189643052887b4d2b72e0d5ff9fe2bfa08a287ea902a1d0291c,821443cf2aafc2294382e30cb9b498cb9680c3980f48a3e5b38eb5488e416dfe,,validation Recall@20 Overall,once after loading best validation checkpoint,60,187.334179,0.15,0.2,0.2,20,taxonomy,false,no_merge,Table 8; Table 9; Figure 2; Online Resource 1 Tables S13/S13b/S17/S17b/S19/S27
TaxPro-CL|musical-instruments|V2|seed42,TaxPro-CL,musical-instruments,V2,42,completed,log\p0\taxprocl\musical-instruments\A2-V2\seed42,a20d2e60df7dfa151afff315f2ed839f1e337a21,7bae67a0c8f1581e30b291a1223f825bab8f48b82519469128eb569f6c569b4d,c1f899d2efe76bf8c03e2927ab5b19ef2cd95a28d2708f8cefa7c06b5c9c0747,99bab18a08c4f083a98addb3d6e6a689613dc4233e8a37e76dcbb3d779207686,40ef9b4a7f9c537ed7c525f4c5a54835f6a798db73b1e73681dabea54dc1c720,model_metadata,15a4967de380e1b39d32bf82a5f8304cfeb9d8832153033723700e99a9bfb71d,9232ad8c85f49189643052887b4d2b72e0d5ff9fe2bfa08a287ea902a1d0291c,ae67fbe54a0827002f4221ad6d91779f7d92e4b83548e266eac2d77233436225,,validation Recall@20 Overall,once after loading best validation checkpoint,61,189.6137,0.15,0.2,0.2,20,random,true,no_merge,Table 8; Table 9; Figure 2; Online Resource 1 Tables S13/S13b/S17/S17b/S19/S27
TaxPro-CL|musical-instruments|V2|seed0,TaxPro-CL,musical-instruments,V2,0,completed,log\p0\taxprocl\musical-instruments\A2-V2\seed0,a20d2e60df7dfa151afff315f2ed839f1e337a21,7bae67a0c8f1581e30b291a1223f825bab8f48b82519469128eb569f6c569b4d,c1f899d2efe76bf8c03e2927ab5b19ef2cd95a28d2708f8cefa7c06b5c9c0747,99bab18a08c4f083a98addb3d6e6a689613dc4233e8a37e76dcbb3d779207686,40ef9b4a7f9c537ed7c525f4c5a54835f6a798db73b1e73681dabea54dc1c720,model_metadata,15a4967de380e1b39d32bf82a5f8304cfeb9d8832153033723700e99a9bfb71d,9232ad8c85f49189643052887b4d2b72e0d5ff9fe2bfa08a287ea902a1d0291c,9fc5e839a1a27113dd8f4a2947389ba2337dbebfc3d1bf445c9b87025ded11f3,,validation Recall@20 Overall,once after loading best validation checkpoint,57,175.42462,0.15,0.2,0.2,20,random,true,no_merge,Table 8; Table 9; Figure 2; Online Resource 1 Tables S13/S13b/S17/S17b/S19/S27
TaxPro-CL|musical-instruments|V2|seed1,TaxPro-CL,musical-instruments,V2,1,completed,log\p0\taxprocl\musical-instruments\A2-V2\seed1,a20d2e60df7dfa151afff315f2ed839f1e337a21,7bae67a0c8f1581e30b291a1223f825bab8f48b82519469128eb569f6c569b4d,c1f899d2efe76bf8c03e2927ab5b19ef2cd95a28d2708f8cefa7c06b5c9c0747,99bab18a08c4f083a98addb3d6e6a689613dc4233e8a37e76dcbb3d779207686,40ef9b4a7f9c537ed7c525f4c5a54835f6a798db73b1e73681dabea54dc1c720,model_metadata,15a4967de380e1b39d32bf82a5f8304cfeb9d8832153033723700e99a9bfb71d,9232ad8c85f49189643052887b4d2b72e0d5ff9fe2bfa08a287ea902a1d0291c,b47e83e04ea9ac7c8c6c2aa34f5150b5ee8f9e1bad570542ae00e727858dc838,,validation Recall@20 Overall,once after loading best validation checkpoint,62,193.064575,0.15,0.2,0.2,20,random,true,no_merge,Table 8; Table 9; Figure 2; Online Resource 1 Tables S13/S13b/S17/S17b/S19/S27
TaxPro-CL|musical-instruments|V3|seed42,TaxPro-CL,musical-instruments,V3,42,completed,log\p0\taxprocl\musical-instruments\taxpro-cl-FINAL-no_merge-temp0.15-gammacold5.0\seed42,9ec5e0280718bb06154d7fc2a54c5b9a2c12412c,62fba76315bebf141c19cb268dd56af7c5b8053b2efd208dedb1779d0078cc50,c1f899d2efe76bf8c03e2927ab5b19ef2cd95a28d2708f8cefa7c06b5c9c0747,99bab18a08c4f083a98addb3d6e6a689613dc4233e8a37e76dcbb3d779207686,40ef9b4a7f9c537ed7c525f4c5a54835f6a798db73b1e73681dabea54dc1c720,model_metadata,15a4967de380e1b39d32bf82a5f8304cfeb9d8832153033723700e99a9bfb71d,9232ad8c85f49189643052887b4d2b72e0d5ff9fe2bfa08a287ea902a1d0291c,ba99ba12ba32ff8a545882369320aa3985ada75b1ed0a0d9fb89dcf721930c82,YES,validation Recall@20 Overall,once after loading best validation checkpoint,61,307.589943,0.15,0.2,0.2,20,taxonomy,true,no_merge,Table 8; Table 9; Figure 2; Online Resource 1 Tables S13/S13b/S17/S17b/S19/S27 (V3 = the dataset's main checkpoint)
TaxPro-CL|musical-instruments|V3|seed0,TaxPro-CL,musical-instruments,V3,0,completed,log\p0\taxprocl\musical-instruments\taxpro-cl-FINAL-no_merge-temp0.15-gammacold5.0\seed0,9ec5e0280718bb06154d7fc2a54c5b9a2c12412c,62fba76315bebf141c19cb268dd56af7c5b8053b2efd208dedb1779d0078cc50,c1f899d2efe76bf8c03e2927ab5b19ef2cd95a28d2708f8cefa7c06b5c9c0747,99bab18a08c4f083a98addb3d6e6a689613dc4233e8a37e76dcbb3d779207686,40ef9b4a7f9c537ed7c525f4c5a54835f6a798db73b1e73681dabea54dc1c720,model_metadata,15a4967de380e1b39d32bf82a5f8304cfeb9d8832153033723700e99a9bfb71d,9232ad8c85f49189643052887b4d2b72e0d5ff9fe2bfa08a287ea902a1d0291c,a26611e3cefacebccc6a11bdb4cc4c52cd1becf60399e936193ad9892864dd7a,YES,validation Recall@20 Overall,once after loading best validation checkpoint,58,294.097442,0.15,0.2,0.2,20,taxonomy,true,no_merge,Table 8; Table 9; Figure 2; Online Resource 1 Tables S13/S13b/S17/S17b/S19/S27 (V3 = the dataset's main checkpoint)
TaxPro-CL|musical-instruments|V3|seed1,TaxPro-CL,musical-instruments,V3,1,completed,log\p0\taxprocl\musical-instruments\taxpro-cl-FINAL-no_merge-temp0.15-gammacold5.0\seed1,9ec5e0280718bb06154d7fc2a54c5b9a2c12412c,62fba76315bebf141c19cb268dd56af7c5b8053b2efd208dedb1779d0078cc50,c1f899d2efe76bf8c03e2927ab5b19ef2cd95a28d2708f8cefa7c06b5c9c0747,99bab18a08c4f083a98addb3d6e6a689613dc4233e8a37e76dcbb3d779207686,40ef9b4a7f9c537ed7c525f4c5a54835f6a798db73b1e73681dabea54dc1c720,model_metadata,15a4967de380e1b39d32bf82a5f8304cfeb9d8832153033723700e99a9bfb71d,9232ad8c85f49189643052887b4d2b72e0d5ff9fe2bfa08a287ea902a1d0291c,35263df633506e62e7ec20dbea0c47eb32e475f79fd8153c7d2ff23ba3b8925d,YES,validation Recall@20 Overall,once after loading best validation checkpoint,59,301.167469,0.15,0.2,0.2,20,taxonomy,true,no_merge,Table 8; Table 9; Figure 2; Online Resource 1 Tables S13/S13b/S17/S17b/S19/S27 (V3 = the dataset's main checkpoint)
TaxPro-CL|arts-crafts-and-sewing|V0|seed42,TaxPro-CL,arts-crafts-and-sewing,V0,42,completed,log\p0\taxprocl\arts-crafts-and-sewing\A2-V0\seed42,a20d2e60df7dfa151afff315f2ed839f1e337a21,cef858651ea0551c91cbda0bc512433cb525a5db2fdd0a9aa6e4fdb92104300a,3f756d2abf4688854d99a163541a9e6bcb2e1004b3354a7e85bc03e2ef4a9d11,88cccde67633b5cb6f8f4ef35c12c9704c8c4fb84e6aba96c5f8bb142c4fa3e3,bb0984471d2186fb62c2f79a339420f2cadd1e99d4b3477bddfbf4156689dfff,model_metadata,5229744cfc9168fd61271c4cc17c8fa5ba95e090716cbacf9b5549ffb33cf1ca,09518954f2e1ac330d640e733ce81b806570bfb3a93a84dc4105e90983b9dc59,764cb4bcaea5d8c3191ab680aec94352ab41a611e3d8903f0654e1b65cb693a3,,validation Recall@20 Overall,once after loading best validation checkpoint,53,451.451329,0.125,0.2,0.2,20,random,false,no_merge,Table 8; Table 9; Figure 2; Online Resource 1 Tables S13/S13b/S17/S17b/S19/S27
TaxPro-CL|arts-crafts-and-sewing|V0|seed0,TaxPro-CL,arts-crafts-and-sewing,V0,0,completed,log\p0\taxprocl\arts-crafts-and-sewing\A2-V0\seed0,a20d2e60df7dfa151afff315f2ed839f1e337a21,cef858651ea0551c91cbda0bc512433cb525a5db2fdd0a9aa6e4fdb92104300a,3f756d2abf4688854d99a163541a9e6bcb2e1004b3354a7e85bc03e2ef4a9d11,88cccde67633b5cb6f8f4ef35c12c9704c8c4fb84e6aba96c5f8bb142c4fa3e3,bb0984471d2186fb62c2f79a339420f2cadd1e99d4b3477bddfbf4156689dfff,model_metadata,5229744cfc9168fd61271c4cc17c8fa5ba95e090716cbacf9b5549ffb33cf1ca,09518954f2e1ac330d640e733ce81b806570bfb3a93a84dc4105e90983b9dc59,e85ce8a0d5354cc202f3f4dfb44ae48ab56383e022c834441c47ba72a4a89404,,validation Recall@20 Overall,once after loading best validation checkpoint,54,461.605284,0.125,0.2,0.2,20,random,false,no_merge,Table 8; Table 9; Figure 2; Online Resource 1 Tables S13/S13b/S17/S17b/S19/S27
TaxPro-CL|arts-crafts-and-sewing|V0|seed1,TaxPro-CL,arts-crafts-and-sewing,V0,1,completed,log\p0\taxprocl\arts-crafts-and-sewing\A2-V0\seed1,a20d2e60df7dfa151afff315f2ed839f1e337a21,cef858651ea0551c91cbda0bc512433cb525a5db2fdd0a9aa6e4fdb92104300a,3f756d2abf4688854d99a163541a9e6bcb2e1004b3354a7e85bc03e2ef4a9d11,88cccde67633b5cb6f8f4ef35c12c9704c8c4fb84e6aba96c5f8bb142c4fa3e3,bb0984471d2186fb62c2f79a339420f2cadd1e99d4b3477bddfbf4156689dfff,model_metadata,5229744cfc9168fd61271c4cc17c8fa5ba95e090716cbacf9b5549ffb33cf1ca,09518954f2e1ac330d640e733ce81b806570bfb3a93a84dc4105e90983b9dc59,773b5645b1c55f447a65d57c209f96c9586ee78dad119058f603679b131a11dc,,validation Recall@20 Overall,once after loading best validation checkpoint,54,460.814161,0.125,0.2,0.2,20,random,false,no_merge,Table 8; Table 9; Figure 2; Online Resource 1 Tables S13/S13b/S17/S17b/S19/S27
TaxPro-CL|arts-crafts-and-sewing|V1|seed42,TaxPro-CL,arts-crafts-and-sewing,V1,42,completed,log\p0\taxprocl\arts-crafts-and-sewing\A2-V1\seed42,a20d2e60df7dfa151afff315f2ed839f1e337a21,0e13d006380b0c915fc206d85ab0056f80bb76204d17e391558a4b5521dafa90,3f756d2abf4688854d99a163541a9e6bcb2e1004b3354a7e85bc03e2ef4a9d11,88cccde67633b5cb6f8f4ef35c12c9704c8c4fb84e6aba96c5f8bb142c4fa3e3,bb0984471d2186fb62c2f79a339420f2cadd1e99d4b3477bddfbf4156689dfff,model_metadata,5229744cfc9168fd61271c4cc17c8fa5ba95e090716cbacf9b5549ffb33cf1ca,09518954f2e1ac330d640e733ce81b806570bfb3a93a84dc4105e90983b9dc59,df880c5d4be30b8088d3150986ae0289234ea1adde65c5066b0e4e14c7a05a52,,validation Recall@20 Overall,once after loading best validation checkpoint,53,457.574261,0.125,0.2,0.2,20,taxonomy,false,no_merge,Table 8; Table 9; Figure 2; Online Resource 1 Tables S13/S13b/S17/S17b/S19/S27
TaxPro-CL|arts-crafts-and-sewing|V1|seed0,TaxPro-CL,arts-crafts-and-sewing,V1,0,completed,log\p0\taxprocl\arts-crafts-and-sewing\A2-V1\seed0,a20d2e60df7dfa151afff315f2ed839f1e337a21,0e13d006380b0c915fc206d85ab0056f80bb76204d17e391558a4b5521dafa90,3f756d2abf4688854d99a163541a9e6bcb2e1004b3354a7e85bc03e2ef4a9d11,88cccde67633b5cb6f8f4ef35c12c9704c8c4fb84e6aba96c5f8bb142c4fa3e3,bb0984471d2186fb62c2f79a339420f2cadd1e99d4b3477bddfbf4156689dfff,model_metadata,5229744cfc9168fd61271c4cc17c8fa5ba95e090716cbacf9b5549ffb33cf1ca,09518954f2e1ac330d640e733ce81b806570bfb3a93a84dc4105e90983b9dc59,83ea886450f96123b2c15c1824d53e9bb5d370f7378c528673947403a85c8971,,validation Recall@20 Overall,once after loading best validation checkpoint,54,468.659697,0.125,0.2,0.2,20,taxonomy,false,no_merge,Table 8; Table 9; Figure 2; Online Resource 1 Tables S13/S13b/S17/S17b/S19/S27
TaxPro-CL|arts-crafts-and-sewing|V1|seed1,TaxPro-CL,arts-crafts-and-sewing,V1,1,completed,log\p0\taxprocl\arts-crafts-and-sewing\A2-V1\seed1,a20d2e60df7dfa151afff315f2ed839f1e337a21,0e13d006380b0c915fc206d85ab0056f80bb76204d17e391558a4b5521dafa90,3f756d2abf4688854d99a163541a9e6bcb2e1004b3354a7e85bc03e2ef4a9d11,88cccde67633b5cb6f8f4ef35c12c9704c8c4fb84e6aba96c5f8bb142c4fa3e3,bb0984471d2186fb62c2f79a339420f2cadd1e99d4b3477bddfbf4156689dfff,model_metadata,5229744cfc9168fd61271c4cc17c8fa5ba95e090716cbacf9b5549ffb33cf1ca,09518954f2e1ac330d640e733ce81b806570bfb3a93a84dc4105e90983b9dc59,1fbfa9c9e407c14512c5c97e359a307b114b3a0992e14702a5034932929fa7ea,,validation Recall@20 Overall,once after loading best validation checkpoint,55,477.397046,0.125,0.2,0.2,20,taxonomy,false,no_merge,Table 8; Table 9; Figure 2; Online Resource 1 Tables S13/S13b/S17/S17b/S19/S27
TaxPro-CL|arts-crafts-and-sewing|V2|seed42,TaxPro-CL,arts-crafts-and-sewing,V2,42,completed,log\p0\taxprocl\arts-crafts-and-sewing\A2-V2\seed42,a20d2e60df7dfa151afff315f2ed839f1e337a21,0fd4a9e535e1c1aaaa814a319cf9ddf17f108d76310a03db2f7559c83f3cd721,3f756d2abf4688854d99a163541a9e6bcb2e1004b3354a7e85bc03e2ef4a9d11,88cccde67633b5cb6f8f4ef35c12c9704c8c4fb84e6aba96c5f8bb142c4fa3e3,bb0984471d2186fb62c2f79a339420f2cadd1e99d4b3477bddfbf4156689dfff,model_metadata,5229744cfc9168fd61271c4cc17c8fa5ba95e090716cbacf9b5549ffb33cf1ca,09518954f2e1ac330d640e733ce81b806570bfb3a93a84dc4105e90983b9dc59,afcec6d2f2bdfe5c706f53b605cfdd9ff7edcfb79e3d12f974f332c28b2612b7,,validation Recall@20 Overall,once after loading best validation checkpoint,53,452.698273,0.125,0.2,0.2,20,random,true,no_merge,Table 8; Table 9; Figure 2; Online Resource 1 Tables S13/S13b/S17/S17b/S19/S27
TaxPro-CL|arts-crafts-and-sewing|V2|seed0,TaxPro-CL,arts-crafts-and-sewing,V2,0,completed,log\p0\taxprocl\arts-crafts-and-sewing\A2-V2\seed0,a20d2e60df7dfa151afff315f2ed839f1e337a21,0fd4a9e535e1c1aaaa814a319cf9ddf17f108d76310a03db2f7559c83f3cd721,3f756d2abf4688854d99a163541a9e6bcb2e1004b3354a7e85bc03e2ef4a9d11,88cccde67633b5cb6f8f4ef35c12c9704c8c4fb84e6aba96c5f8bb142c4fa3e3,bb0984471d2186fb62c2f79a339420f2cadd1e99d4b3477bddfbf4156689dfff,model_metadata,5229744cfc9168fd61271c4cc17c8fa5ba95e090716cbacf9b5549ffb33cf1ca,09518954f2e1ac330d640e733ce81b806570bfb3a93a84dc4105e90983b9dc59,992e71133d40518a11730f750838683be78c467b894559723685970ed4ff6577,,validation Recall@20 Overall,once after loading best validation checkpoint,54,461.704522,0.125,0.2,0.2,20,random,true,no_merge,Table 8; Table 9; Figure 2; Online Resource 1 Tables S13/S13b/S17/S17b/S19/S27
TaxPro-CL|arts-crafts-and-sewing|V2|seed1,TaxPro-CL,arts-crafts-and-sewing,V2,1,completed,log\p0\taxprocl\arts-crafts-and-sewing\A2-V2\seed1,a20d2e60df7dfa151afff315f2ed839f1e337a21,0fd4a9e535e1c1aaaa814a319cf9ddf17f108d76310a03db2f7559c83f3cd721,3f756d2abf4688854d99a163541a9e6bcb2e1004b3354a7e85bc03e2ef4a9d11,88cccde67633b5cb6f8f4ef35c12c9704c8c4fb84e6aba96c5f8bb142c4fa3e3,bb0984471d2186fb62c2f79a339420f2cadd1e99d4b3477bddfbf4156689dfff,model_metadata,5229744cfc9168fd61271c4cc17c8fa5ba95e090716cbacf9b5549ffb33cf1ca,09518954f2e1ac330d640e733ce81b806570bfb3a93a84dc4105e90983b9dc59,3c52bcfa3d62ce70630af5406bffbee2c9ede1f451df044719b5496785245cdc,,validation Recall@20 Overall,once after loading best validation checkpoint,54,461.36463,0.125,0.2,0.2,20,random,true,no_merge,Table 8; Table 9; Figure 2; Online Resource 1 Tables S13/S13b/S17/S17b/S19/S27
TaxPro-CL|arts-crafts-and-sewing|V3|seed42,TaxPro-CL,arts-crafts-and-sewing,V3,42,completed,log\p0\taxprocl\arts-crafts-and-sewing\taxpro-cl-FINAL-no_merge-temp0.125-gammacold1.5-sameleaf0\seed42,9ec5e0280718bb06154d7fc2a54c5b9a2c12412c,f9fd9308ab216916d0c0fb325790df3e624102134224a0bdd8b179239495fc51,3f756d2abf4688854d99a163541a9e6bcb2e1004b3354a7e85bc03e2ef4a9d11,88cccde67633b5cb6f8f4ef35c12c9704c8c4fb84e6aba96c5f8bb142c4fa3e3,bb0984471d2186fb62c2f79a339420f2cadd1e99d4b3477bddfbf4156689dfff,model_metadata,5229744cfc9168fd61271c4cc17c8fa5ba95e090716cbacf9b5549ffb33cf1ca,09518954f2e1ac330d640e733ce81b806570bfb3a93a84dc4105e90983b9dc59,c491872468ff04dd04728f41490699e193b75d6caae758ca2dd1d0a7c7291bd0,YES,validation Recall@20 Overall,once after loading best validation checkpoint,54,466.341056,0.125,0.2,0.2,20,taxonomy,true,no_merge,Table 8; Table 9; Figure 2; Online Resource 1 Tables S13/S13b/S17/S17b/S19/S27 (V3 = the dataset's main checkpoint)
TaxPro-CL|arts-crafts-and-sewing|V3|seed0,TaxPro-CL,arts-crafts-and-sewing,V3,0,completed,log\p0\taxprocl\arts-crafts-and-sewing\taxpro-cl-FINAL-no_merge-temp0.125-gammacold1.5-sameleaf0\seed0,9ec5e0280718bb06154d7fc2a54c5b9a2c12412c,311a9358d26e4e664d99a6a72b5d7f0a89634a296c1900f34c1c4457c5eb0d38,3f756d2abf4688854d99a163541a9e6bcb2e1004b3354a7e85bc03e2ef4a9d11,88cccde67633b5cb6f8f4ef35c12c9704c8c4fb84e6aba96c5f8bb142c4fa3e3,bb0984471d2186fb62c2f79a339420f2cadd1e99d4b3477bddfbf4156689dfff,model_metadata,5229744cfc9168fd61271c4cc17c8fa5ba95e090716cbacf9b5549ffb33cf1ca,09518954f2e1ac330d640e733ce81b806570bfb3a93a84dc4105e90983b9dc59,b6e4419a2c9f68094b02eefb9a327e104fbd7ebc4054100b4117d2ef24845219,YES,validation Recall@20 Overall,once after loading best validation checkpoint,54,2210.426881,0.125,0.2,0.2,20,taxonomy,true,no_merge,Table 8; Table 9; Figure 2; Online Resource 1 Tables S13/S13b/S17/S17b/S19/S27 (V3 = the dataset's main checkpoint)
TaxPro-CL|arts-crafts-and-sewing|V3|seed1,TaxPro-CL,arts-crafts-and-sewing,V3,1,completed,log\p0\taxprocl\arts-crafts-and-sewing\taxpro-cl-FINAL-no_merge-temp0.125-gammacold1.5-sameleaf0\seed1,9ec5e0280718bb06154d7fc2a54c5b9a2c12412c,311a9358d26e4e664d99a6a72b5d7f0a89634a296c1900f34c1c4457c5eb0d38,3f756d2abf4688854d99a163541a9e6bcb2e1004b3354a7e85bc03e2ef4a9d11,88cccde67633b5cb6f8f4ef35c12c9704c8c4fb84e6aba96c5f8bb142c4fa3e3,bb0984471d2186fb62c2f79a339420f2cadd1e99d4b3477bddfbf4156689dfff,model_metadata,5229744cfc9168fd61271c4cc17c8fa5ba95e090716cbacf9b5549ffb33cf1ca,09518954f2e1ac330d640e733ce81b806570bfb3a93a84dc4105e90983b9dc59,873d107887aac8fc7e29c84fc1548468df2a8cabcf7d34dda042dd2b7eec3f09,YES,validation Recall@20 Overall,once after loading best validation checkpoint,54,1602.47463,0.125,0.2,0.2,20,taxonomy,true,no_merge,Table 8; Table 9; Figure 2; Online Resource 1 Tables S13/S13b/S17/S17b/S19/S27 (V3 = the dataset's main checkpoint)
TaxPro-CL|yelp2018|V0-tempuser0.15|seed42,TaxPro-CL,yelp2018,V0-tempuser0.15,42,completed,log\p0\taxprocl\yelp2018\A2-V0-tempuser0.15\seed42,,2c606ba4b7d2a0750a01457781b45a6ec9b724915bd7a42e9d3dea4e5815b5c7,,,,,,,b356c262c5671c776bea8306c4edbfdb2c360f9b51b33f59262ab763565a87db,"N/A (superseded fix, see ESM S26)",validation Recall@20 Overall,once after loading best validation checkpoint,51,2910.841756,0.125,0.15,0.2,20,random,false,no_merge,"Table 8; Table 9; Figure 2; Online Resource 1 Tables S13/S13b/S17/S17b/S19/S27 (Yelp2018 rows, trained with temperature_user=0.15)"
TaxPro-CL|yelp2018|V0-tempuser0.15|seed0,TaxPro-CL,yelp2018,V0-tempuser0.15,0,completed,log\p0\taxprocl\yelp2018\A2-V0-tempuser0.15\seed0,,2c606ba4b7d2a0750a01457781b45a6ec9b724915bd7a42e9d3dea4e5815b5c7,,,,,,,293b852ce420976eee65d288dd564c06adcf73dd54c90d2378061fd386fad7fa,"N/A (superseded fix, see ESM S26)",validation Recall@20 Overall,once after loading best validation checkpoint,53,3057.19201,0.125,0.15,0.2,20,random,false,no_merge,"Table 8; Table 9; Figure 2; Online Resource 1 Tables S13/S13b/S17/S17b/S19/S27 (Yelp2018 rows, trained with temperature_user=0.15)"
TaxPro-CL|yelp2018|V0-tempuser0.15|seed1,TaxPro-CL,yelp2018,V0-tempuser0.15,1,completed,log\p0\taxprocl\yelp2018\A2-V0-tempuser0.15\seed1,,2c606ba4b7d2a0750a01457781b45a6ec9b724915bd7a42e9d3dea4e5815b5c7,,,,,,,9c9cd13640bbddd2932bd409514dc7db864af53cd8a2e103b150f7b48df5ac2a,"N/A (superseded fix, see ESM S26)",validation Recall@20 Overall,once after loading best validation checkpoint,52,2980.197931,0.125,0.15,0.2,20,random,false,no_merge,"Table 8; Table 9; Figure 2; Online Resource 1 Tables S13/S13b/S17/S17b/S19/S27 (Yelp2018 rows, trained with temperature_user=0.15)"
TaxPro-CL|yelp2018|V1-tempuser0.15|seed42,TaxPro-CL,yelp2018,V1-tempuser0.15,42,completed,log\p0\taxprocl\yelp2018\A2-V1-tempuser0.15\seed42,,042a742474af5563ebb643f9237a4211d7364e105bb116511e0a3ccd6b47320f,,,,,,,353f86236f3fcf54aa6b8b4aab72ed97f5b9d9f9fa84a988a7637016608ff880,"N/A (superseded fix, see ESM S26)",validation Recall@20 Overall,once after loading best validation checkpoint,53,3105.721392,0.125,0.15,0.2,20,taxonomy,false,no_merge,"Table 8; Table 9; Figure 2; Online Resource 1 Tables S13/S13b/S17/S17b/S19/S27 (Yelp2018 rows, trained with temperature_user=0.15)"
TaxPro-CL|yelp2018|V1-tempuser0.15|seed0,TaxPro-CL,yelp2018,V1-tempuser0.15,0,completed,log\p0\taxprocl\yelp2018\A2-V1-tempuser0.15\seed0,,042a742474af5563ebb643f9237a4211d7364e105bb116511e0a3ccd6b47320f,,,,,,,1f975d3c3ecb0cc500a6efaf3b0a8af84b85d304230c6d2771ead7ae75fe3dfa,"N/A (superseded fix, see ESM S26)",validation Recall@20 Overall,once after loading best validation checkpoint,53,3096.999318,0.125,0.15,0.2,20,taxonomy,false,no_merge,"Table 8; Table 9; Figure 2; Online Resource 1 Tables S13/S13b/S17/S17b/S19/S27 (Yelp2018 rows, trained with temperature_user=0.15)"
TaxPro-CL|yelp2018|V1-tempuser0.15|seed1,TaxPro-CL,yelp2018,V1-tempuser0.15,1,completed,log\p0\taxprocl\yelp2018\A2-V1-tempuser0.15\seed1,,042a742474af5563ebb643f9237a4211d7364e105bb116511e0a3ccd6b47320f,,,,,,,d35fc31659ebad9148e70fc0bab11061232ebed67635c071b1167d771ffee0b4,"N/A (superseded fix, see ESM S26)",validation Recall@20 Overall,once after loading best validation checkpoint,51,2940.847001,0.125,0.15,0.2,20,taxonomy,false,no_merge,"Table 8; Table 9; Figure 2; Online Resource 1 Tables S13/S13b/S17/S17b/S19/S27 (Yelp2018 rows, trained with temperature_user=0.15)"
TaxPro-CL|yelp2018|V2-tempuser0.15|seed42,TaxPro-CL,yelp2018,V2-tempuser0.15,42,completed,log\p0\taxprocl\yelp2018\A2-V2-tempuser0.15\seed42,,60bb7c2f968c24ad92c5bb7775aeee6bee479b0340b1ff5048f3d9f9d90f9951,,,,,,,bdec4bfd0dd143028000f83d30d4c254738b62a10649b504c9b9690a96b9c418,"N/A (superseded fix, see ESM S26)",validation Recall@20 Overall,once after loading best validation checkpoint,51,2898.361475,0.125,0.15,0.2,20,random,true,no_merge,"Table 8; Table 9; Figure 2; Online Resource 1 Tables S13/S13b/S17/S17b/S19/S27 (Yelp2018 rows, trained with temperature_user=0.15)"
TaxPro-CL|yelp2018|V2-tempuser0.15|seed0,TaxPro-CL,yelp2018,V2-tempuser0.15,0,completed,log\p0\taxprocl\yelp2018\A2-V2-tempuser0.15\seed0,,60bb7c2f968c24ad92c5bb7775aeee6bee479b0340b1ff5048f3d9f9d90f9951,,,,,,,8d8fd121d715548354e8e2f266c2fd62460f5e95d561fd633d8d605541e6ea8d,"N/A (superseded fix, see ESM S26)",validation Recall@20 Overall,once after loading best validation checkpoint,53,3045.868954,0.125,0.15,0.2,20,random,true,no_merge,"Table 8; Table 9; Figure 2; Online Resource 1 Tables S13/S13b/S17/S17b/S19/S27 (Yelp2018 rows, trained with temperature_user=0.15)"
TaxPro-CL|yelp2018|V2-tempuser0.15|seed1,TaxPro-CL,yelp2018,V2-tempuser0.15,1,completed,log\p0\taxprocl\yelp2018\A2-V2-tempuser0.15\seed1,,60bb7c2f968c24ad92c5bb7775aeee6bee479b0340b1ff5048f3d9f9d90f9951,,,,,,,04a8afa57c5d6247f4260fd6d6e0026785e88cf1f68af81a95074748f66b727f,"N/A (superseded fix, see ESM S26)",validation Recall@20 Overall,once after loading best validation checkpoint,52,2970.747516,0.125,0.15,0.2,20,random,true,no_merge,"Table 8; Table 9; Figure 2; Online Resource 1 Tables S13/S13b/S17/S17b/S19/S27 (Yelp2018 rows, trained with temperature_user=0.15)"
TaxPro-CL|yelp2018|V3-tempuser0.15|seed42,TaxPro-CL,yelp2018,V3-tempuser0.15,42,completed,log\p0\taxprocl\yelp2018\A2-V3-tempuser0.15\seed42,,017433e8aed17460d3f01bbf47b935e694bd28e7b540ab0fe31c661886bcde6d,,,,,,,50134484e054e7d105315f555e55136c32b7b54fee39c1df4890d5d398b0a98c,"NO (separately trained, but temperature_user now matches main config)",validation Recall@20 Overall,once after loading best validation checkpoint,53,3100.249964,0.125,0.15,0.2,20,taxonomy,true,no_merge,"Table 8; Table 9; Figure 2; Online Resource 1 Tables S13/S13b/S17/S17b/S19/S27 (Yelp2018 rows, trained with temperature_user=0.15)"
TaxPro-CL|yelp2018|V3-tempuser0.15|seed0,TaxPro-CL,yelp2018,V3-tempuser0.15,0,completed,log\p0\taxprocl\yelp2018\A2-V3-tempuser0.15\seed0,,017433e8aed17460d3f01bbf47b935e694bd28e7b540ab0fe31c661886bcde6d,,,,,,,661b37f607bdfaf6fee71dab92bf191f4a3996b47d1eb92d6dbde95ecf79f9da,"NO (separately trained, but temperature_user now matches main config)",validation Recall@20 Overall,once after loading best validation checkpoint,53,3104.125706,0.125,0.15,0.2,20,taxonomy,true,no_merge,"Table 8; Table 9; Figure 2; Online Resource 1 Tables S13/S13b/S17/S17b/S19/S27 (Yelp2018 rows, trained with temperature_user=0.15)"
TaxPro-CL|yelp2018|V3-tempuser0.15|seed1,TaxPro-CL,yelp2018,V3-tempuser0.15,1,completed,log\p0\taxprocl\yelp2018\A2-V3-tempuser0.15\seed1,,017433e8aed17460d3f01bbf47b935e694bd28e7b540ab0fe31c661886bcde6d,,,,,,,d3e5b5727dbc7e0e0819a903a177d5512a30e317b0f88687d79e4830625986f9,"NO (separately trained, but temperature_user now matches main config)",validation Recall@20 Overall,once after loading best validation checkpoint,51,2949.084053,0.125,0.15,0.2,20,taxonomy,true,no_merge,"Table 8; Table 9; Figure 2; Online Resource 1 Tables S13/S13b/S17/S17b/S19/S27 (Yelp2018 rows, trained with temperature_user=0.15)"
TaxPro-CL|amazon-book|V0-mergedt10|seed42,TaxPro-CL,amazon-book,V0-mergedt10,42,completed,log\p0\taxprocl\amazon-book\A2-V0-mergedt10\seed42,495519a45d35d55f4dfe840d098bf9df3248eb17,0872b4fe7b72c05b1e83ba2bb69131c25b4a435bdcb87abdfd1d59ca02ff37f2,644a62e3afb91bb6780efc1d50853361ca3cf5627993e2737580a83a0793cf06,3b29ba64d32db26ba4376391b5cbf43a42311c0da08c9cba0cb7baddb0351899,6250754994dd953b91b48dccdd77a73f318e0634b4757c2abfcc9d33a54ab0f5,model_metadata,4ce25eb44bf912d88483b6de68bbeb62f3fb8b2a3a77f525a084f452b21e4b5f,ca1faa2483cf1419bc7a05747487d7ac19eb27e381dbaf3183c7410de1e20417,8164d8a120290b03517f47487e141b8794b156642952c0d04bf86ac176eb3254,N/A,validation Recall@20 Overall,once after loading best validation checkpoint,56,12938.10118,0.1,0.2,0.2,20,random,false,merge_t10,"Table 8; Table 9; Figure 2; Online Resource 1 Tables S13/S13b/S17/S17b/S19/S20/S27 (Amazon-Book, merge_t10)"
TaxPro-CL|amazon-book|V0-mergedt10|seed0,TaxPro-CL,amazon-book,V0-mergedt10,0,completed,log\p0\taxprocl\amazon-book\A2-V0-mergedt10\seed0,495519a45d35d55f4dfe840d098bf9df3248eb17,0872b4fe7b72c05b1e83ba2bb69131c25b4a435bdcb87abdfd1d59ca02ff37f2,644a62e3afb91bb6780efc1d50853361ca3cf5627993e2737580a83a0793cf06,3b29ba64d32db26ba4376391b5cbf43a42311c0da08c9cba0cb7baddb0351899,6250754994dd953b91b48dccdd77a73f318e0634b4757c2abfcc9d33a54ab0f5,model_metadata,4ce25eb44bf912d88483b6de68bbeb62f3fb8b2a3a77f525a084f452b21e4b5f,ca1faa2483cf1419bc7a05747487d7ac19eb27e381dbaf3183c7410de1e20417,72dabd5692c41b41e0bec8918f453d86cfc18702daa328e579e21525619f6547,N/A,validation Recall@20 Overall,once after loading best validation checkpoint,55,12560.919363,0.1,0.2,0.2,20,random,false,merge_t10,"Table 8; Table 9; Figure 2; Online Resource 1 Tables S13/S13b/S17/S17b/S19/S20/S27 (Amazon-Book, merge_t10)"
TaxPro-CL|amazon-book|V0-mergedt10|seed1,TaxPro-CL,amazon-book,V0-mergedt10,1,completed,log\p0\taxprocl\amazon-book\A2-V0-mergedt10\seed1,495519a45d35d55f4dfe840d098bf9df3248eb17,0872b4fe7b72c05b1e83ba2bb69131c25b4a435bdcb87abdfd1d59ca02ff37f2,644a62e3afb91bb6780efc1d50853361ca3cf5627993e2737580a83a0793cf06,3b29ba64d32db26ba4376391b5cbf43a42311c0da08c9cba0cb7baddb0351899,6250754994dd953b91b48dccdd77a73f318e0634b4757c2abfcc9d33a54ab0f5,model_metadata,4ce25eb44bf912d88483b6de68bbeb62f3fb8b2a3a77f525a084f452b21e4b5f,ca1faa2483cf1419bc7a05747487d7ac19eb27e381dbaf3183c7410de1e20417,4a085a11d81b4225262b5a2b74e5aadf594e5d9f55b300135966dcadf815b54f,N/A,validation Recall@20 Overall,once after loading best validation checkpoint,56,12853.824953,0.1,0.2,0.2,20,random,false,merge_t10,"Table 8; Table 9; Figure 2; Online Resource 1 Tables S13/S13b/S17/S17b/S19/S20/S27 (Amazon-Book, merge_t10)"
TaxPro-CL|amazon-book|V1-mergedt10|seed42,TaxPro-CL,amazon-book,V1-mergedt10,42,completed,log\p0\taxprocl\amazon-book\A2-V1-mergedt10\seed42,495519a45d35d55f4dfe840d098bf9df3248eb17,783d5082a3a3a137dda5a055fcf50b7af8ce93f98ff26b4884b8aa125d1b1c86,644a62e3afb91bb6780efc1d50853361ca3cf5627993e2737580a83a0793cf06,3b29ba64d32db26ba4376391b5cbf43a42311c0da08c9cba0cb7baddb0351899,6250754994dd953b91b48dccdd77a73f318e0634b4757c2abfcc9d33a54ab0f5,model_metadata,4ce25eb44bf912d88483b6de68bbeb62f3fb8b2a3a77f525a084f452b21e4b5f,ca1faa2483cf1419bc7a05747487d7ac19eb27e381dbaf3183c7410de1e20417,8140b0cb98b757fa88acc7d6459369599c53813167060a840ff61577f36e5f17,N/A,validation Recall@20 Overall,once after loading best validation checkpoint,54,12733.436297,0.1,0.2,0.2,20,taxonomy,false,merge_t10,"Table 8; Table 9; Figure 2; Online Resource 1 Tables S13/S13b/S17/S17b/S19/S27 (Amazon-Book, merge_t10)"
TaxPro-CL|amazon-book|V1-mergedt10|seed0,TaxPro-CL,amazon-book,V1-mergedt10,0,completed,log\p0\taxprocl\amazon-book\A2-V1-mergedt10\seed0,495519a45d35d55f4dfe840d098bf9df3248eb17,783d5082a3a3a137dda5a055fcf50b7af8ce93f98ff26b4884b8aa125d1b1c86,644a62e3afb91bb6780efc1d50853361ca3cf5627993e2737580a83a0793cf06,3b29ba64d32db26ba4376391b5cbf43a42311c0da08c9cba0cb7baddb0351899,6250754994dd953b91b48dccdd77a73f318e0634b4757c2abfcc9d33a54ab0f5,model_metadata,4ce25eb44bf912d88483b6de68bbeb62f3fb8b2a3a77f525a084f452b21e4b5f,ca1faa2483cf1419bc7a05747487d7ac19eb27e381dbaf3183c7410de1e20417,ea430978fca98d6c18da5f0bff9adc8ca5f45ba1a5beccb5de76916afa74d6e4,N/A,validation Recall@20 Overall,once after loading best validation checkpoint,55,12833.018024,0.1,0.2,0.2,20,taxonomy,false,merge_t10,"Table 8; Table 9; Figure 2; Online Resource 1 Tables S13/S13b/S17/S17b/S19/S27 (Amazon-Book, merge_t10)"
TaxPro-CL|amazon-book|V1-mergedt10|seed1,TaxPro-CL,amazon-book,V1-mergedt10,1,completed,log\p0\taxprocl\amazon-book\A2-V1-mergedt10\seed1,495519a45d35d55f4dfe840d098bf9df3248eb17,783d5082a3a3a137dda5a055fcf50b7af8ce93f98ff26b4884b8aa125d1b1c86,644a62e3afb91bb6780efc1d50853361ca3cf5627993e2737580a83a0793cf06,3b29ba64d32db26ba4376391b5cbf43a42311c0da08c9cba0cb7baddb0351899,6250754994dd953b91b48dccdd77a73f318e0634b4757c2abfcc9d33a54ab0f5,model_metadata,4ce25eb44bf912d88483b6de68bbeb62f3fb8b2a3a77f525a084f452b21e4b5f,ca1faa2483cf1419bc7a05747487d7ac19eb27e381dbaf3183c7410de1e20417,5a84ec53612f000411b73ed46967bc26c01d06c54d7ca3afb4033b807cbcb3a3,N/A,validation Recall@20 Overall,once after loading best validation checkpoint,55,12875.611967,0.1,0.2,0.2,20,taxonomy,false,merge_t10,"Table 8; Table 9; Figure 2; Online Resource 1 Tables S13/S13b/S17/S17b/S19/S27 (Amazon-Book, merge_t10)"
TaxPro-CL|amazon-book|V2-mergedt10|seed42,TaxPro-CL,amazon-book,V2-mergedt10,42,completed,log\p0\taxprocl\amazon-book\A2-V2-mergedt10\seed42,495519a45d35d55f4dfe840d098bf9df3248eb17,fb639e3124c0420e6f4e8b6fbdc845ddb5465dcd9a4c9e6797c491864300f304,644a62e3afb91bb6780efc1d50853361ca3cf5627993e2737580a83a0793cf06,3b29ba64d32db26ba4376391b5cbf43a42311c0da08c9cba0cb7baddb0351899,6250754994dd953b91b48dccdd77a73f318e0634b4757c2abfcc9d33a54ab0f5,model_metadata,4ce25eb44bf912d88483b6de68bbeb62f3fb8b2a3a77f525a084f452b21e4b5f,ca1faa2483cf1419bc7a05747487d7ac19eb27e381dbaf3183c7410de1e20417,a6bc8671be09f4a2a7decd7c364898049c3a781e30c6e83a6368c89305e4ac6d,N/A,validation Recall@20 Overall,once after loading best validation checkpoint,56,13064.629515,0.1,0.2,0.2,20,random,true,merge_t10,"Table 8; Table 9; Figure 2; Online Resource 1 Tables S13/S13b/S17/S17b/S19/S27 (Amazon-Book, merge_t10)"
TaxPro-CL|amazon-book|V2-mergedt10|seed0,TaxPro-CL,amazon-book,V2-mergedt10,0,completed,log\p0\taxprocl\amazon-book\A2-V2-mergedt10\seed0,495519a45d35d55f4dfe840d098bf9df3248eb17,fb639e3124c0420e6f4e8b6fbdc845ddb5465dcd9a4c9e6797c491864300f304,644a62e3afb91bb6780efc1d50853361ca3cf5627993e2737580a83a0793cf06,3b29ba64d32db26ba4376391b5cbf43a42311c0da08c9cba0cb7baddb0351899,6250754994dd953b91b48dccdd77a73f318e0634b4757c2abfcc9d33a54ab0f5,model_metadata,4ce25eb44bf912d88483b6de68bbeb62f3fb8b2a3a77f525a084f452b21e4b5f,ca1faa2483cf1419bc7a05747487d7ac19eb27e381dbaf3183c7410de1e20417,38c602879a148b497ab1134d5f5a6629cc59e8c0da61b20419d619955a4efdae,N/A,validation Recall@20 Overall,once after loading best validation checkpoint,55,12655.46093,0.1,0.2,0.2,20,random,true,merge_t10,"Table 8; Table 9; Figure 2; Online Resource 1 Tables S13/S13b/S17/S17b/S19/S27 (Amazon-Book, merge_t10)"
TaxPro-CL|amazon-book|V2-mergedt10|seed1,TaxPro-CL,amazon-book,V2-mergedt10,1,completed,log\p0\taxprocl\amazon-book\A2-V2-mergedt10\seed1,495519a45d35d55f4dfe840d098bf9df3248eb17,fb639e3124c0420e6f4e8b6fbdc845ddb5465dcd9a4c9e6797c491864300f304,644a62e3afb91bb6780efc1d50853361ca3cf5627993e2737580a83a0793cf06,3b29ba64d32db26ba4376391b5cbf43a42311c0da08c9cba0cb7baddb0351899,6250754994dd953b91b48dccdd77a73f318e0634b4757c2abfcc9d33a54ab0f5,model_metadata,4ce25eb44bf912d88483b6de68bbeb62f3fb8b2a3a77f525a084f452b21e4b5f,ca1faa2483cf1419bc7a05747487d7ac19eb27e381dbaf3183c7410de1e20417,c6ef1cc8f8440551acea7e3a75c84ab655d0db9f39170546e0d4dcdc610b89f8,N/A,validation Recall@20 Overall,once after loading best validation checkpoint,56,12852.855113,0.1,0.2,0.2,20,random,true,merge_t10,"Table 8; Table 9; Figure 2; Online Resource 1 Tables S13/S13b/S17/S17b/S19/S27 (Amazon-Book, merge_t10)"
TaxPro-CL|amazon-book|V3-warm20|seed42,TaxPro-CL,amazon-book,V3-warm20,42,completed,log\p0\taxprocl\amazon-book\A2-V3-warm20\seed42,a20d2e60df7dfa151afff315f2ed839f1e337a21,1e4c5aff1127030c96a3304a167f3ff8bb2f7d2c301a76f13a8b36a6d2f7ff31,644a62e3afb91bb6780efc1d50853361ca3cf5627993e2737580a83a0793cf06,3b29ba64d32db26ba4376391b5cbf43a42311c0da08c9cba0cb7baddb0351899,6250754994dd953b91b48dccdd77a73f318e0634b4757c2abfcc9d33a54ab0f5,model_metadata,4ce25eb44bf912d88483b6de68bbeb62f3fb8b2a3a77f525a084f452b21e4b5f,ca1faa2483cf1419bc7a05747487d7ac19eb27e381dbaf3183c7410de1e20417,8477d4281c56b8f47e949221216c0cc5416d890756c4be9bf88d7411802356e5,NO (independent run of the main configuration on other hardware; test metrics within 0.26% of the main checkpoint),validation Recall@20 Overall,once after loading best validation checkpoint,54,5890.393684,0.1,0.2,0.2,20,taxonomy,true,merge_t10,Table 8; Table 9; Figure 2; Online Resource 1 Tables S13/S13b/S17/S17b/S19/S20/S27 (Amazon-Book V3: independent run of the main configuration; see Section S23)
TaxPro-CL|amazon-book|V3-warm20|seed0,TaxPro-CL,amazon-book,V3-warm20,0,completed,log\p0\taxprocl\amazon-book\A2-V3-warm20\seed0,a20d2e60df7dfa151afff315f2ed839f1e337a21,1e4c5aff1127030c96a3304a167f3ff8bb2f7d2c301a76f13a8b36a6d2f7ff31,644a62e3afb91bb6780efc1d50853361ca3cf5627993e2737580a83a0793cf06,3b29ba64d32db26ba4376391b5cbf43a42311c0da08c9cba0cb7baddb0351899,6250754994dd953b91b48dccdd77a73f318e0634b4757c2abfcc9d33a54ab0f5,model_metadata,4ce25eb44bf912d88483b6de68bbeb62f3fb8b2a3a77f525a084f452b21e4b5f,ca1faa2483cf1419bc7a05747487d7ac19eb27e381dbaf3183c7410de1e20417,91a6594a82de008b95dfaefbab5d946eb557e8fcd7e5b2c5b2e6bd7a150b74b2,NO (independent run of the main configuration on other hardware; test metrics within 0.26% of the main checkpoint),validation Recall@20 Overall,once after loading best validation checkpoint,55,9468.703702,0.1,0.2,0.2,20,taxonomy,true,merge_t10,Table 8; Table 9; Figure 2; Online Resource 1 Tables S13/S13b/S17/S17b/S19/S20/S27 (Amazon-Book V3: independent run of the main configuration; see Section S23)
TaxPro-CL|amazon-book|V3-warm20|seed1,TaxPro-CL,amazon-book,V3-warm20,1,completed,log\p0\taxprocl\amazon-book\A2-V3-warm20\seed1,a20d2e60df7dfa151afff315f2ed839f1e337a21,1e4c5aff1127030c96a3304a167f3ff8bb2f7d2c301a76f13a8b36a6d2f7ff31,644a62e3afb91bb6780efc1d50853361ca3cf5627993e2737580a83a0793cf06,3b29ba64d32db26ba4376391b5cbf43a42311c0da08c9cba0cb7baddb0351899,6250754994dd953b91b48dccdd77a73f318e0634b4757c2abfcc9d33a54ab0f5,model_metadata,4ce25eb44bf912d88483b6de68bbeb62f3fb8b2a3a77f525a084f452b21e4b5f,ca1faa2483cf1419bc7a05747487d7ac19eb27e381dbaf3183c7410de1e20417,06bb65fc050d9ab77f70af73ac145645d1cffb66fccb74a6579a68bf1b2a6eba,NO (independent run of the main configuration on other hardware; test metrics within 0.26% of the main checkpoint),validation Recall@20 Overall,once after loading best validation checkpoint,55,5970.415818,0.1,0.2,0.2,20,taxonomy,true,merge_t10,Table 8; Table 9; Figure 2; Online Resource 1 Tables S13/S13b/S17/S17b/S19/S20/S27 (Amazon-Book V3: independent run of the main configuration; see Section S23)
TaxPro-CL|amazon-book|V0-nowarm|seed42,TaxPro-CL,amazon-book,V0-nowarm,42,completed,log\p0\taxprocl\amazon-book\A2-V0-nowarm\seed42,a20d2e60df7dfa151afff315f2ed839f1e337a21,cddd21c0c0017998421971f49a07cdb7b11f7d336588c22f51ffbbe6380bea41,644a62e3afb91bb6780efc1d50853361ca3cf5627993e2737580a83a0793cf06,3b29ba64d32db26ba4376391b5cbf43a42311c0da08c9cba0cb7baddb0351899,6250754994dd953b91b48dccdd77a73f318e0634b4757c2abfcc9d33a54ab0f5,model_metadata,4ce25eb44bf912d88483b6de68bbeb62f3fb8b2a3a77f525a084f452b21e4b5f,ca1faa2483cf1419bc7a05747487d7ac19eb27e381dbaf3183c7410de1e20417,31e4a7e072fcf5841e157b0f6bf1c362d539c5fe1d47e769901d393f886b9e5f,N/A,validation Recall@20 Overall,once after loading best validation checkpoint,35,12333.022593,0.1,0.2,0.2,0,random,false,merge_t10,"Online Resource 1 Table S20 (warm-start removal, random direction)"
TaxPro-CL|amazon-book|V0-nowarm|seed0,TaxPro-CL,amazon-book,V0-nowarm,0,completed,log\p0\taxprocl\amazon-book\A2-V0-nowarm\seed0,a20d2e60df7dfa151afff315f2ed839f1e337a21,cddd21c0c0017998421971f49a07cdb7b11f7d336588c22f51ffbbe6380bea41,644a62e3afb91bb6780efc1d50853361ca3cf5627993e2737580a83a0793cf06,3b29ba64d32db26ba4376391b5cbf43a42311c0da08c9cba0cb7baddb0351899,6250754994dd953b91b48dccdd77a73f318e0634b4757c2abfcc9d33a54ab0f5,model_metadata,4ce25eb44bf912d88483b6de68bbeb62f3fb8b2a3a77f525a084f452b21e4b5f,ca1faa2483cf1419bc7a05747487d7ac19eb27e381dbaf3183c7410de1e20417,48cfa69267a0072b2d39618a15c1df5760b29aa9412ef0b8d1dd2aaf679407af,N/A,validation Recall@20 Overall,once after loading best validation checkpoint,36,12411.461712,0.1,0.2,0.2,0,random,false,merge_t10,"Online Resource 1 Table S20 (warm-start removal, random direction)"
TaxPro-CL|amazon-book|V0-nowarm|seed1,TaxPro-CL,amazon-book,V0-nowarm,1,completed,log\p0\taxprocl\amazon-book\A2-V0-nowarm\seed1,a20d2e60df7dfa151afff315f2ed839f1e337a21,cddd21c0c0017998421971f49a07cdb7b11f7d336588c22f51ffbbe6380bea41,644a62e3afb91bb6780efc1d50853361ca3cf5627993e2737580a83a0793cf06,3b29ba64d32db26ba4376391b5cbf43a42311c0da08c9cba0cb7baddb0351899,6250754994dd953b91b48dccdd77a73f318e0634b4757c2abfcc9d33a54ab0f5,model_metadata,4ce25eb44bf912d88483b6de68bbeb62f3fb8b2a3a77f525a084f452b21e4b5f,ca1faa2483cf1419bc7a05747487d7ac19eb27e381dbaf3183c7410de1e20417,cd358762e54427c2bddc96ad7c466e954fd19913d6582f9c010e3b547f2759f7,N/A,validation Recall@20 Overall,once after loading best validation checkpoint,35,13474.260263,0.1,0.2,0.2,0,random,false,merge_t10,"Online Resource 1 Table S20 (warm-start removal, random direction)"
TaxPro-CL|amazon-book|V3-nowarm|seed42,TaxPro-CL,amazon-book,V3-nowarm,42,completed,log\p0\taxprocl\amazon-book\A2-V3-nowarm\seed42,a20d2e60df7dfa151afff315f2ed839f1e337a21,4c7859761f22e7bfd20cf9a491e31accfaa2a6a7797a96a7321d56e529d75bab,644a62e3afb91bb6780efc1d50853361ca3cf5627993e2737580a83a0793cf06,3b29ba64d32db26ba4376391b5cbf43a42311c0da08c9cba0cb7baddb0351899,6250754994dd953b91b48dccdd77a73f318e0634b4757c2abfcc9d33a54ab0f5,model_metadata,4ce25eb44bf912d88483b6de68bbeb62f3fb8b2a3a77f525a084f452b21e4b5f,ca1faa2483cf1419bc7a05747487d7ac19eb27e381dbaf3183c7410de1e20417,786a918a241520636cb3015cce6fecedca4032163b78cd1d546d4fa0b979e6a6,N/A,validation Recall@20 Overall,once after loading best validation checkpoint,53,14285.681911,0.1,0.2,0.2,0,taxonomy,true,merge_t10,"Online Resource 1 Table S20 (warm-start removal, taxonomy direction)"
TaxPro-CL|amazon-book|V3-nowarm|seed0,TaxPro-CL,amazon-book,V3-nowarm,0,completed,log\p0\taxprocl\amazon-book\A2-V3-nowarm\seed0,a20d2e60df7dfa151afff315f2ed839f1e337a21,4c7859761f22e7bfd20cf9a491e31accfaa2a6a7797a96a7321d56e529d75bab,644a62e3afb91bb6780efc1d50853361ca3cf5627993e2737580a83a0793cf06,3b29ba64d32db26ba4376391b5cbf43a42311c0da08c9cba0cb7baddb0351899,6250754994dd953b91b48dccdd77a73f318e0634b4757c2abfcc9d33a54ab0f5,model_metadata,4ce25eb44bf912d88483b6de68bbeb62f3fb8b2a3a77f525a084f452b21e4b5f,ca1faa2483cf1419bc7a05747487d7ac19eb27e381dbaf3183c7410de1e20417,78f327ca3b1212a7f4d120647b34ae93cc5b242dd5c5dcf84234264860f52efa,N/A,validation Recall@20 Overall,once after loading best validation checkpoint,45,12116.072905,0.1,0.2,0.2,0,taxonomy,true,merge_t10,"Online Resource 1 Table S20 (warm-start removal, taxonomy direction)"
TaxPro-CL|amazon-book|V3-nowarm|seed1,TaxPro-CL,amazon-book,V3-nowarm,1,completed,log\p0\taxprocl\amazon-book\A2-V3-nowarm\seed1,a20d2e60df7dfa151afff315f2ed839f1e337a21,4c7859761f22e7bfd20cf9a491e31accfaa2a6a7797a96a7321d56e529d75bab,644a62e3afb91bb6780efc1d50853361ca3cf5627993e2737580a83a0793cf06,3b29ba64d32db26ba4376391b5cbf43a42311c0da08c9cba0cb7baddb0351899,6250754994dd953b91b48dccdd77a73f318e0634b4757c2abfcc9d33a54ab0f5,model_metadata,4ce25eb44bf912d88483b6de68bbeb62f3fb8b2a3a77f525a084f452b21e4b5f,ca1faa2483cf1419bc7a05747487d7ac19eb27e381dbaf3183c7410de1e20417,9fd364c82562375ae4c47257e9318f972945cfb142445d6e1a4742cfb4777f3d,N/A,validation Recall@20 Overall,once after loading best validation checkpoint,55,14300.794604,0.1,0.2,0.2,0,taxonomy,true,merge_t10,"Online Resource 1 Table S20 (warm-start removal, taxonomy direction)"
TaxPro-CL|amazon-book|A5-parent-mergedt10|seed42,TaxPro-CL,amazon-book,A5-parent-mergedt10,42,completed,log\p0\taxprocl\amazon-book\ablation-A5-parent-mergedt10\seed42,495519a45d35d55f4dfe840d098bf9df3248eb17,fe55a6b135555075e6c0bd88ce254460feb66f7a254a8f2893f2eb324113cf4e,644a62e3afb91bb6780efc1d50853361ca3cf5627993e2737580a83a0793cf06,3b29ba64d32db26ba4376391b5cbf43a42311c0da08c9cba0cb7baddb0351899,6250754994dd953b91b48dccdd77a73f318e0634b4757c2abfcc9d33a54ab0f5,model_metadata,4ce25eb44bf912d88483b6de68bbeb62f3fb8b2a3a77f525a084f452b21e4b5f,ca1faa2483cf1419bc7a05747487d7ac19eb27e381dbaf3183c7410de1e20417,816e854c34b7f7211ad5bf64773692893fd02460938f43f9a1b1c77fb483ce68,N/A,validation Recall@20 Overall,once after loading best validation checkpoint,54,12888.231386,0.1,0.2,0.2,20,taxonomy,true,merge_t10,"Online Resource 1 Table S7; Section 5.3 (A5); RQ4 (prototype_mode=parent vs. TaxPro-CL-main prototype_mode=leaf, both taxonomy_policy=merge_t10)"
TaxPro-CL|amazon-book|A5-parent-mergedt10|seed0,TaxPro-CL,amazon-book,A5-parent-mergedt10,0,completed,log\p0\taxprocl\amazon-book\ablation-A5-parent-mergedt10\seed0,495519a45d35d55f4dfe840d098bf9df3248eb17,fe55a6b135555075e6c0bd88ce254460feb66f7a254a8f2893f2eb324113cf4e,644a62e3afb91bb6780efc1d50853361ca3cf5627993e2737580a83a0793cf06,3b29ba64d32db26ba4376391b5cbf43a42311c0da08c9cba0cb7baddb0351899,6250754994dd953b91b48dccdd77a73f318e0634b4757c2abfcc9d33a54ab0f5,model_metadata,4ce25eb44bf912d88483b6de68bbeb62f3fb8b2a3a77f525a084f452b21e4b5f,ca1faa2483cf1419bc7a05747487d7ac19eb27e381dbaf3183c7410de1e20417,7cef3685a1f0544f87900ef8114a43caea552b993b6f0e431534e01a13c41663,N/A,validation Recall@20 Overall,once after loading best validation checkpoint,55,13208.170125,0.1,0.2,0.2,20,taxonomy,true,merge_t10,"Online Resource 1 Table S7; Section 5.3 (A5); RQ4 (prototype_mode=parent vs. TaxPro-CL-main prototype_mode=leaf, both taxonomy_policy=merge_t10)"
TaxPro-CL|amazon-book|A5-parent-mergedt10|seed1,TaxPro-CL,amazon-book,A5-parent-mergedt10,1,completed,log\p0\taxprocl\amazon-book\ablation-A5-parent-mergedt10\seed1,495519a45d35d55f4dfe840d098bf9df3248eb17,fe55a6b135555075e6c0bd88ce254460feb66f7a254a8f2893f2eb324113cf4e,644a62e3afb91bb6780efc1d50853361ca3cf5627993e2737580a83a0793cf06,3b29ba64d32db26ba4376391b5cbf43a42311c0da08c9cba0cb7baddb0351899,6250754994dd953b91b48dccdd77a73f318e0634b4757c2abfcc9d33a54ab0f5,model_metadata,4ce25eb44bf912d88483b6de68bbeb62f3fb8b2a3a77f525a084f452b21e4b5f,ca1faa2483cf1419bc7a05747487d7ac19eb27e381dbaf3183c7410de1e20417,549ee461b2d827e16145d2fdcc79e8c7e8fa906ecb0aa6b3c36c9614e5cc8071,N/A,validation Recall@20 Overall,once after loading best validation checkpoint,55,13197.090901,0.1,0.2,0.2,20,taxonomy,true,merge_t10,"Online Resource 1 Table S7; Section 5.3 (A5); RQ4 (prototype_mode=parent vs. TaxPro-CL-main prototype_mode=leaf, both taxonomy_policy=merge_t10)"
LightGCN|amazon-book|LightGCN-main|seed0,LightGCN,amazon-book,LightGCN-main,0,completed,log\p0\baseline\LightGCN\amazon-book\paper-v1\seed0,3d5fa0a2ef3719868e4f7252cfab3f214f6befb3,8d37a871c6f411ed32c868f3ae4d14f5f7d2507e0ee38481f691c46cd0f3cae6,644a62e3afb91bb6780efc1d50853361ca3cf5627993e2737580a83a0793cf06,3b29ba64d32db26ba4376391b5cbf43a42311c0da08c9cba0cb7baddb0351899,6250754994dd953b91b48dccdd77a73f318e0634b4757c2abfcc9d33a54ab0f5,dataset split_manifest.json (shared; model's own manifest had none),,,e4506841eea5b6915ba757e470aa3a1f613eedc4ca0eac123a598b49a8fdb4ef,,validation Recall@20 Overall,once after loading best validation checkpoint,,102330.925375,,,,,,,,Table S1 (main comparison); Table 7 (deltas)
LightGCN|amazon-book|LightGCN-main|seed1,LightGCN,amazon-book,LightGCN-main,1,completed,log\p0\baseline\LightGCN\amazon-book\paper-v1\seed1,3d5fa0a2ef3719868e4f7252cfab3f214f6befb3,8d37a871c6f411ed32c868f3ae4d14f5f7d2507e0ee38481f691c46cd0f3cae6,644a62e3afb91bb6780efc1d50853361ca3cf5627993e2737580a83a0793cf06,3b29ba64d32db26ba4376391b5cbf43a42311c0da08c9cba0cb7baddb0351899,6250754994dd953b91b48dccdd77a73f318e0634b4757c2abfcc9d33a54ab0f5,dataset split_manifest.json (shared; model's own manifest had none),,,a5eeb6b5e634a754789984162969883cf51c0b4d462004bc161cf8e4f4d0ac11,,validation Recall@20 Overall,once after loading best validation checkpoint,,149773.277181,,,,,,,,Table S1 (main comparison); Table 7 (deltas)
LightGCN|amazon-book|LightGCN-main|seed42,LightGCN,amazon-book,LightGCN-main,42,completed,log\p0\baseline\LightGCN\amazon-book\paper-v1\seed42,3d5fa0a2ef3719868e4f7252cfab3f214f6befb3,42db078f004139f2bc84256a0e3a66dd1457df034db244902c75e6ec0eac2de2,644a62e3afb91bb6780efc1d50853361ca3cf5627993e2737580a83a0793cf06,3b29ba64d32db26ba4376391b5cbf43a42311c0da08c9cba0cb7baddb0351899,6250754994dd953b91b48dccdd77a73f318e0634b4757c2abfcc9d33a54ab0f5,dataset split_manifest.json (shared; model's own manifest had none),,,9943bab9a3283126da6a9fff4a957fe65824f586d0c5b5e322c4b77a2f926006,,validation Recall@20 Overall,once after loading best validation checkpoint,,1898.043288,,,,,,,,Table S1 (main comparison); Table 7 (deltas)
SGL-ED|amazon-book|SGL-ED-main|seed0,SGL-ED,amazon-book,SGL-ED-main,0,completed,log\p0\baseline\SGL\amazon-book\paper-v1\seed0,9ec5e0280718bb06154d7fc2a54c5b9a2c12412c,6406d14a51ca3d5ffccd22d1b327059329d7419792abe4676bd36bb30a4a0d7b,644a62e3afb91bb6780efc1d50853361ca3cf5627993e2737580a83a0793cf06,3b29ba64d32db26ba4376391b5cbf43a42311c0da08c9cba0cb7baddb0351899,6250754994dd953b91b48dccdd77a73f318e0634b4757c2abfcc9d33a54ab0f5,dataset split_manifest.json (shared; model's own manifest had none),,,a4fb59c23d93d871a75dc3980d9de0ee3fcd98c4a3c88914dad7341598b23862,,validation Recall@20 Overall,once after loading best validation checkpoint,57,19260.209747,0.2,,,,,,,Table S1 (main comparison); Table 7 (deltas)
SGL-ED|amazon-book|SGL-ED-main|seed1,SGL-ED,amazon-book,SGL-ED-main,1,completed,log\p0\baseline\SGL\amazon-book\paper-v1\seed1,9ec5e0280718bb06154d7fc2a54c5b9a2c12412c,6406d14a51ca3d5ffccd22d1b327059329d7419792abe4676bd36bb30a4a0d7b,644a62e3afb91bb6780efc1d50853361ca3cf5627993e2737580a83a0793cf06,3b29ba64d32db26ba4376391b5cbf43a42311c0da08c9cba0cb7baddb0351899,6250754994dd953b91b48dccdd77a73f318e0634b4757c2abfcc9d33a54ab0f5,dataset split_manifest.json (shared; model's own manifest had none),,,db7faa439d17c0d0720a9fd0e286f1a6f84f837645c74c4f88a09bd14595261d,,validation Recall@20 Overall,once after loading best validation checkpoint,53,17899.868001,0.2,,,,,,,Table S1 (main comparison); Table 7 (deltas)
SGL-ED|amazon-book|SGL-ED-main|seed42,SGL-ED,amazon-book,SGL-ED-main,42,completed,log\p0\baseline\SGL\amazon-book\paper-v1\seed42,9ec5e0280718bb06154d7fc2a54c5b9a2c12412c,6406d14a51ca3d5ffccd22d1b327059329d7419792abe4676bd36bb30a4a0d7b,644a62e3afb91bb6780efc1d50853361ca3cf5627993e2737580a83a0793cf06,3b29ba64d32db26ba4376391b5cbf43a42311c0da08c9cba0cb7baddb0351899,6250754994dd953b91b48dccdd77a73f318e0634b4757c2abfcc9d33a54ab0f5,dataset split_manifest.json (shared; model's own manifest had none),,,42fad770ea844afaafb47220a7f55f4a98cafa341c0ee8a0e19b7d49fa8bf7cc,,validation Recall@20 Overall,once after loading best validation checkpoint,54,18241.112707,0.2,,,,,,,Table S1 (main comparison); Table 7 (deltas)
XSimGCL|amazon-book|XSimGCL-main|seed0,XSimGCL,amazon-book,XSimGCL-main,0,completed,log\p0\baseline\XSimGCL\amazon-book\xsimgcl-7c3a56b5abcd\seed0,9ec5e0280718bb06154d7fc2a54c5b9a2c12412c,add98f15a435756580f947fc70660b78dc3f8a07935e3c257badde2359c2cc5c,644a62e3afb91bb6780efc1d50853361ca3cf5627993e2737580a83a0793cf06,3b29ba64d32db26ba4376391b5cbf43a42311c0da08c9cba0cb7baddb0351899,6250754994dd953b91b48dccdd77a73f318e0634b4757c2abfcc9d33a54ab0f5,dataset split_manifest.json (shared; model's own manifest had none),,,a526c51fe664c39cbc2dd46c9e5e2540a187c53b33618de5d9a3055c7e8a801e,,validation Recall@20 Overall,once after loading best validation checkpoint,62,13671.386718,0.15,,,,,,,Table S1 (main comparison); Table 7 (deltas)
XSimGCL|amazon-book|XSimGCL-main|seed1,XSimGCL,amazon-book,XSimGCL-main,1,completed,log\p0\baseline\XSimGCL\amazon-book\xsimgcl-7c3a56b5abcd\seed1,9ec5e0280718bb06154d7fc2a54c5b9a2c12412c,add98f15a435756580f947fc70660b78dc3f8a07935e3c257badde2359c2cc5c,644a62e3afb91bb6780efc1d50853361ca3cf5627993e2737580a83a0793cf06,3b29ba64d32db26ba4376391b5cbf43a42311c0da08c9cba0cb7baddb0351899,6250754994dd953b91b48dccdd77a73f318e0634b4757c2abfcc9d33a54ab0f5,dataset split_manifest.json (shared; model's own manifest had none),,,75a4210d97b22a78a6b3a3f18ea305ba9a68c23081900ec77ddd380f1c0b6f75,,validation Recall@20 Overall,once after loading best validation checkpoint,64,9242.729072,0.15,,,,,,,Table S1 (main comparison); Table 7 (deltas)
XSimGCL|amazon-book|XSimGCL-main|seed42,XSimGCL,amazon-book,XSimGCL-main,42,completed,log\p0\baseline\XSimGCL\amazon-book\xsimgcl-7c3a56b5abcd\seed42,9ec5e0280718bb06154d7fc2a54c5b9a2c12412c,add98f15a435756580f947fc70660b78dc3f8a07935e3c257badde2359c2cc5c,644a62e3afb91bb6780efc1d50853361ca3cf5627993e2737580a83a0793cf06,3b29ba64d32db26ba4376391b5cbf43a42311c0da08c9cba0cb7baddb0351899,6250754994dd953b91b48dccdd77a73f318e0634b4757c2abfcc9d33a54ab0f5,dataset split_manifest.json (shared; model's own manifest had none),,,54adb51a32b2d9864ca116cd1e3bb31a9b584f79a5cc69541a5546d03566cddd,,validation Recall@20 Overall,once after loading best validation checkpoint,70,15439.28641,0.15,,,,,,,Table S1 (main comparison); Table 7 (deltas)
NCL|amazon-book|NCL-main|seed0,NCL,amazon-book,NCL-main,0,completed,log\p0\baseline\NCL\amazon-book\seed0,15c945175e20149e6336cf1a315a361cd8e702e6,d4b8c0b4ed1fec48da8138ecd7076b90fea136942e05c1d19ed7c5d163d9717b,644a62e3afb91bb6780efc1d50853361ca3cf5627993e2737580a83a0793cf06,3b29ba64d32db26ba4376391b5cbf43a42311c0da08c9cba0cb7baddb0351899,6250754994dd953b91b48dccdd77a73f318e0634b4757c2abfcc9d33a54ab0f5,dataset split_manifest.json (shared; model's own manifest had none),,,47f2aebf0032d09f5f51056d26982f9d7fb25035125e3a01ee4fa52e4b48d4ba,,validation Recall@20 Overall,once after loading best validation checkpoint,,30527.740034,0.05,,,,,,,Table S1 (main comparison); Table 7 (deltas)
NCL|amazon-book|NCL-main|seed1,NCL,amazon-book,NCL-main,1,completed,log\p0\baseline\NCL\amazon-book\seed1,15c945175e20149e6336cf1a315a361cd8e702e6,d4b8c0b4ed1fec48da8138ecd7076b90fea136942e05c1d19ed7c5d163d9717b,644a62e3afb91bb6780efc1d50853361ca3cf5627993e2737580a83a0793cf06,3b29ba64d32db26ba4376391b5cbf43a42311c0da08c9cba0cb7baddb0351899,6250754994dd953b91b48dccdd77a73f318e0634b4757c2abfcc9d33a54ab0f5,dataset split_manifest.json (shared; model's own manifest had none),,,7f4e9ca267ffe08a905586e2f8b28ba0207b83fe4ddba4362a526175913bfba0,,validation Recall@20 Overall,once after loading best validation checkpoint,,26144.685067,0.05,,,,,,,Table S1 (main comparison); Table 7 (deltas)
NCL|amazon-book|NCL-main|seed42,NCL,amazon-book,NCL-main,42,completed,log\p0\baseline\NCL\amazon-book\seed42,15c945175e20149e6336cf1a315a361cd8e702e6,20016ef2525869efac153c4b2a8aefeeb158ce754e67263d660100ac4a361b56,644a62e3afb91bb6780efc1d50853361ca3cf5627993e2737580a83a0793cf06,3b29ba64d32db26ba4376391b5cbf43a42311c0da08c9cba0cb7baddb0351899,6250754994dd953b91b48dccdd77a73f318e0634b4757c2abfcc9d33a54ab0f5,dataset split_manifest.json (shared; model's own manifest had none),,,5b53c4f978a6b153f935e52df1e23f5d78064b5addd7001b8f0217f3c5f04c3d,,validation Recall@20 Overall,once after loading best validation checkpoint,,19996.928289,0.05,,,,,,,Table S1 (main comparison); Table 7 (deltas)
LightGCN|yelp2018|LightGCN-main|seed0,LightGCN,yelp2018,LightGCN-main,0,completed,log\p0\baseline\LightGCN\yelp2018\paper-v1\seed0,15c945175e20149e6336cf1a315a361cd8e702e6,7704deabca438127fcc193d2f518560e0ab0a0cc29305dc5aea736bc01177035,0ab254dd0bec5914efc4a4a6d7f6bb318d234b5f9c64b0aa9449925d0ba81bf8,a0950d1880a909c41424b903945bcd1cf32b23181e076be92428a2a241b81c41,9cd9b37926cd1447a06625ffa7914527573fb097c10cb0bbdb1d1b8ded3742fe,dataset split_manifest.json (shared; model's own manifest had none),,,253c0e190a42599430c764af7b1a1220c86eaee444c75432c9d99d16101e2e57,,validation Recall@20 Overall,once after loading best validation checkpoint,490,22768.393347,,,,,,,,Table S1 (main comparison); Table 7 (deltas)
LightGCN|yelp2018|LightGCN-main|seed1,LightGCN,yelp2018,LightGCN-main,1,completed,log\p0\baseline\LightGCN\yelp2018\paper-v1\seed1,15c945175e20149e6336cf1a315a361cd8e702e6,7704deabca438127fcc193d2f518560e0ab0a0cc29305dc5aea736bc01177035,0ab254dd0bec5914efc4a4a6d7f6bb318d234b5f9c64b0aa9449925d0ba81bf8,a0950d1880a909c41424b903945bcd1cf32b23181e076be92428a2a241b81c41,9cd9b37926cd1447a06625ffa7914527573fb097c10cb0bbdb1d1b8ded3742fe,dataset split_manifest.json (shared; model's own manifest had none),,,f3b88492227ca4d65244bbb153575055e73288f3ee6f0c7e3648b7841aaad046,,validation Recall@20 Overall,once after loading best validation checkpoint,400,18582.444076,,,,,,,,Table S1 (main comparison); Table 7 (deltas)
LightGCN|yelp2018|LightGCN-main|seed42,LightGCN,yelp2018,LightGCN-main,42,completed,log\p0\baseline\LightGCN\yelp2018\paper-v1\seed42,15c945175e20149e6336cf1a315a361cd8e702e6,7704deabca438127fcc193d2f518560e0ab0a0cc29305dc5aea736bc01177035,0ab254dd0bec5914efc4a4a6d7f6bb318d234b5f9c64b0aa9449925d0ba81bf8,a0950d1880a909c41424b903945bcd1cf32b23181e076be92428a2a241b81c41,9cd9b37926cd1447a06625ffa7914527573fb097c10cb0bbdb1d1b8ded3742fe,dataset split_manifest.json (shared; model's own manifest had none),,,d5205e47aa6755477d8aa2239ce45705969f65fdb1f3c3555710d81c157b919d,,validation Recall@20 Overall,once after loading best validation checkpoint,540,25046.766021,,,,,,,,Table S1 (main comparison); Table 7 (deltas)
SGL-ED|yelp2018|SGL-ED-main|seed0,SGL-ED,yelp2018,SGL-ED-main,0,completed,log\p0\baseline\SGL\yelp2018\sgl-f1d0905794ff\seed0,9ec5e0280718bb06154d7fc2a54c5b9a2c12412c,d742a10be1cba7cb9e47c0fcbc8279ed92b3af917501ce7d4df9679bf1e2f6f4,0ab254dd0bec5914efc4a4a6d7f6bb318d234b5f9c64b0aa9449925d0ba81bf8,a0950d1880a909c41424b903945bcd1cf32b23181e076be92428a2a241b81c41,9cd9b37926cd1447a06625ffa7914527573fb097c10cb0bbdb1d1b8ded3742fe,dataset split_manifest.json (shared; model's own manifest had none),,,5ea8843ec6c9b0edcc7a5e93ed99b8bfb2fce7910aedda2650efa9ebf6661b6d,,validation Recall@20 Overall,once after loading best validation checkpoint,44,3843.534862,0.2,,,,,,,Table S1 (main comparison); Table 7 (deltas)
SGL-ED|yelp2018|SGL-ED-main|seed1,SGL-ED,yelp2018,SGL-ED-main,1,completed,log\p0\baseline\SGL\yelp2018\sgl-f1d0905794ff\seed1,9ec5e0280718bb06154d7fc2a54c5b9a2c12412c,d742a10be1cba7cb9e47c0fcbc8279ed92b3af917501ce7d4df9679bf1e2f6f4,0ab254dd0bec5914efc4a4a6d7f6bb318d234b5f9c64b0aa9449925d0ba81bf8,a0950d1880a909c41424b903945bcd1cf32b23181e076be92428a2a241b81c41,9cd9b37926cd1447a06625ffa7914527573fb097c10cb0bbdb1d1b8ded3742fe,dataset split_manifest.json (shared; model's own manifest had none),,,a99bdc74ea837a358a20b762b2b42d3d0752e337a885259583f85cea1371b170,,validation Recall@20 Overall,once after loading best validation checkpoint,46,5137.117928,0.2,,,,,,,Table S1 (main comparison); Table 7 (deltas)
SGL-ED|yelp2018|SGL-ED-main|seed42,SGL-ED,yelp2018,SGL-ED-main,42,completed,log\p0\baseline\SGL\yelp2018\sgl-f1d0905794ff\seed42,9ec5e0280718bb06154d7fc2a54c5b9a2c12412c,d742a10be1cba7cb9e47c0fcbc8279ed92b3af917501ce7d4df9679bf1e2f6f4,0ab254dd0bec5914efc4a4a6d7f6bb318d234b5f9c64b0aa9449925d0ba81bf8,a0950d1880a909c41424b903945bcd1cf32b23181e076be92428a2a241b81c41,9cd9b37926cd1447a06625ffa7914527573fb097c10cb0bbdb1d1b8ded3742fe,dataset split_manifest.json (shared; model's own manifest had none),,,58f4e18c7bb65a9c5abc98e9a2732f96becd7521886b0846ec122d19f270e0a1,,validation Recall@20 Overall,once after loading best validation checkpoint,48,4157.706804,0.2,,,,,,,Table S1 (main comparison); Table 7 (deltas)
XSimGCL|yelp2018|XSimGCL-main|seed0,XSimGCL,yelp2018,XSimGCL-main,0,completed,log\p0\baseline\XSimGCL\yelp2018\xsimgcl-daf2ce02a033\seed0,9ec5e0280718bb06154d7fc2a54c5b9a2c12412c,5b9499c5a00f929a89f50e4847a22c967d3a3292ac6f1c61de1ed6ac6a797a4c,0ab254dd0bec5914efc4a4a6d7f6bb318d234b5f9c64b0aa9449925d0ba81bf8,a0950d1880a909c41424b903945bcd1cf32b23181e076be92428a2a241b81c41,9cd9b37926cd1447a06625ffa7914527573fb097c10cb0bbdb1d1b8ded3742fe,dataset split_manifest.json (shared; model's own manifest had none),,,a046023b422b5d9b1fc8de9ffeb5192096b316421ca6632cde905ea37010c31a,,validation Recall@20 Overall,once after loading best validation checkpoint,53,1642.589426,0.15,,,,,,,Table S1 (main comparison); Table 7 (deltas)
XSimGCL|yelp2018|XSimGCL-main|seed1,XSimGCL,yelp2018,XSimGCL-main,1,completed,log\p0\baseline\XSimGCL\yelp2018\xsimgcl-daf2ce02a033\seed1,9ec5e0280718bb06154d7fc2a54c5b9a2c12412c,5b9499c5a00f929a89f50e4847a22c967d3a3292ac6f1c61de1ed6ac6a797a4c,0ab254dd0bec5914efc4a4a6d7f6bb318d234b5f9c64b0aa9449925d0ba81bf8,a0950d1880a909c41424b903945bcd1cf32b23181e076be92428a2a241b81c41,9cd9b37926cd1447a06625ffa7914527573fb097c10cb0bbdb1d1b8ded3742fe,dataset split_manifest.json (shared; model's own manifest had none),,,bb67317e674174d7a8dff1c51e825cc180a85d1d6c59bc7cda4380b840f36c2a,,validation Recall@20 Overall,once after loading best validation checkpoint,47,1460.680809,0.15,,,,,,,Table S1 (main comparison); Table 7 (deltas)
XSimGCL|yelp2018|XSimGCL-main|seed42,XSimGCL,yelp2018,XSimGCL-main,42,completed,log\p0\baseline\XSimGCL\yelp2018\xsimgcl-daf2ce02a033\seed42,9ec5e0280718bb06154d7fc2a54c5b9a2c12412c,5b9499c5a00f929a89f50e4847a22c967d3a3292ac6f1c61de1ed6ac6a797a4c,0ab254dd0bec5914efc4a4a6d7f6bb318d234b5f9c64b0aa9449925d0ba81bf8,a0950d1880a909c41424b903945bcd1cf32b23181e076be92428a2a241b81c41,9cd9b37926cd1447a06625ffa7914527573fb097c10cb0bbdb1d1b8ded3742fe,dataset split_manifest.json (shared; model's own manifest had none),,,7a4b91ef66f9d8f98e8256a0311ec7aae58edcbfd67ed426a8563e9a83d5d31e,,validation Recall@20 Overall,once after loading best validation checkpoint,54,1689.319381,0.15,,,,,,,Table S1 (main comparison); Table 7 (deltas)
NCL|yelp2018|NCL-main|seed0,NCL,yelp2018,NCL-main,0,completed,log\p0\baseline\NCL\yelp2018\paper-v1\seed0,15c945175e20149e6336cf1a315a361cd8e702e6,0b9c22361729dc8812fa0b8b354e4664ea02ff62d3702490ee6681b3ffa19534,0ab254dd0bec5914efc4a4a6d7f6bb318d234b5f9c64b0aa9449925d0ba81bf8,a0950d1880a909c41424b903945bcd1cf32b23181e076be92428a2a241b81c41,9cd9b37926cd1447a06625ffa7914527573fb097c10cb0bbdb1d1b8ded3742fe,dataset split_manifest.json (shared; model's own manifest had none),,,66c6dc82105f71a1bf272dd8ebd5cb0f34e2e03e1b9fe4e2cbee7e55d0734f88,,validation Recall@20 Overall,once after loading best validation checkpoint,144,6894.62649,0.05,,,,,,,Table S1 (main comparison); Table 7 (deltas)
NCL|yelp2018|NCL-main|seed1,NCL,yelp2018,NCL-main,1,completed,log\p0\baseline\NCL\yelp2018\paper-v1\seed1,15c945175e20149e6336cf1a315a361cd8e702e6,0b9c22361729dc8812fa0b8b354e4664ea02ff62d3702490ee6681b3ffa19534,0ab254dd0bec5914efc4a4a6d7f6bb318d234b5f9c64b0aa9449925d0ba81bf8,a0950d1880a909c41424b903945bcd1cf32b23181e076be92428a2a241b81c41,9cd9b37926cd1447a06625ffa7914527573fb097c10cb0bbdb1d1b8ded3742fe,dataset split_manifest.json (shared; model's own manifest had none),,,40c2620715b22182149ba0adff8a0ce5599895cdb4e150cffca40e3f20b58e1c,,validation Recall@20 Overall,once after loading best validation checkpoint,133,6447.747071,0.05,,,,,,,Table S1 (main comparison); Table 7 (deltas)
NCL|yelp2018|NCL-main|seed42,NCL,yelp2018,NCL-main,42,completed,log\p0\baseline\NCL\yelp2018\paper-v1\seed42,15c945175e20149e6336cf1a315a361cd8e702e6,0b9c22361729dc8812fa0b8b354e4664ea02ff62d3702490ee6681b3ffa19534,0ab254dd0bec5914efc4a4a6d7f6bb318d234b5f9c64b0aa9449925d0ba81bf8,a0950d1880a909c41424b903945bcd1cf32b23181e076be92428a2a241b81c41,9cd9b37926cd1447a06625ffa7914527573fb097c10cb0bbdb1d1b8ded3742fe,dataset split_manifest.json (shared; model's own manifest had none),,,c28f9b3190a57bb493b7c98f8b715db3c430cc2e8e3f6aaa9e7d01e65a79a113,,validation Recall@20 Overall,once after loading best validation checkpoint,152,7322.520925,0.05,,,,,,,Table S1 (main comparison); Table 7 (deltas)
LightGCN|musical-instruments|LightGCN-main|seed0,LightGCN,musical-instruments,LightGCN-main,0,completed,log\p0\baseline\LightGCN\musical-instruments\lightgcn-83fd41817da1\seed0,9ec5e0280718bb06154d7fc2a54c5b9a2c12412c,bc3a413232af260e6a17834613f2e08ae96a5077091564f42d1618660d04080d,c1f899d2efe76bf8c03e2927ab5b19ef2cd95a28d2708f8cefa7c06b5c9c0747,99bab18a08c4f083a98addb3d6e6a689613dc4233e8a37e76dcbb3d779207686,40ef9b4a7f9c537ed7c525f4c5a54835f6a798db73b1e73681dabea54dc1c720,dataset split_manifest.json (shared; model's own manifest had none),,,a1042da011ac2e14479db8131fd32249d51e46e2467b984b2ad917f406cbb857,,validation Recall@20 Overall,once after loading best validation checkpoint,270,3131.763987,,,,,,,,Table S1 (main comparison); Table 7 (deltas)
LightGCN|musical-instruments|LightGCN-main|seed1,LightGCN,musical-instruments,LightGCN-main,1,completed,log\p0\baseline\LightGCN\musical-instruments\lightgcn-83fd41817da1\seed1,9ec5e0280718bb06154d7fc2a54c5b9a2c12412c,bc3a413232af260e6a17834613f2e08ae96a5077091564f42d1618660d04080d,c1f899d2efe76bf8c03e2927ab5b19ef2cd95a28d2708f8cefa7c06b5c9c0747,99bab18a08c4f083a98addb3d6e6a689613dc4233e8a37e76dcbb3d779207686,40ef9b4a7f9c537ed7c525f4c5a54835f6a798db73b1e73681dabea54dc1c720,dataset split_manifest.json (shared; model's own manifest had none),,,6e45be6d4f08e5acff2e8df81bfd885792c1341e14fb14fbb4fa8ddd863c636f,,validation Recall@20 Overall,once after loading best validation checkpoint,250,2841.716591,,,,,,,,Table S1 (main comparison); Table 7 (deltas)
LightGCN|musical-instruments|LightGCN-main|seed42,LightGCN,musical-instruments,LightGCN-main,42,completed,log\p0\baseline\LightGCN\musical-instruments\lightgcn-83fd41817da1\seed42,9ec5e0280718bb06154d7fc2a54c5b9a2c12412c,bc3a413232af260e6a17834613f2e08ae96a5077091564f42d1618660d04080d,c1f899d2efe76bf8c03e2927ab5b19ef2cd95a28d2708f8cefa7c06b5c9c0747,99bab18a08c4f083a98addb3d6e6a689613dc4233e8a37e76dcbb3d779207686,40ef9b4a7f9c537ed7c525f4c5a54835f6a798db73b1e73681dabea54dc1c720,dataset split_manifest.json (shared; model's own manifest had none),,,67da703bbc82a7ed9a41fe23c2119cbb3059e120c4bc535b87fbf6a2cf254fbe,,validation Recall@20 Overall,once after loading best validation checkpoint,260,329.050342,,,,,,,,Table S1 (main comparison); Table 7 (deltas)
SGL-ED|musical-instruments|SGL-ED-main|seed0,SGL-ED,musical-instruments,SGL-ED-main,0,completed,log\p0\baseline\SGL\musical-instruments\sgl-31c2ca981366\seed0,9ec5e0280718bb06154d7fc2a54c5b9a2c12412c,4ea3be89ae7960d85203e73ebead146fc8fac9fce47388a7ae4fb998f7d7f960,c1f899d2efe76bf8c03e2927ab5b19ef2cd95a28d2708f8cefa7c06b5c9c0747,99bab18a08c4f083a98addb3d6e6a689613dc4233e8a37e76dcbb3d779207686,40ef9b4a7f9c537ed7c525f4c5a54835f6a798db73b1e73681dabea54dc1c720,dataset split_manifest.json (shared; model's own manifest had none),,,0c11080c21205252644c7b820a1a05102acdcd61c4330d1171be28ef97d9a46a,,validation Recall@20 Overall,once after loading best validation checkpoint,72,278.107259,0.2,,,,,,,Table S1 (main comparison); Table 7 (deltas)
SGL-ED|musical-instruments|SGL-ED-main|seed1,SGL-ED,musical-instruments,SGL-ED-main,1,completed,log\p0\baseline\SGL\musical-instruments\sgl-31c2ca981366\seed1,9ec5e0280718bb06154d7fc2a54c5b9a2c12412c,4ea3be89ae7960d85203e73ebead146fc8fac9fce47388a7ae4fb998f7d7f960,c1f899d2efe76bf8c03e2927ab5b19ef2cd95a28d2708f8cefa7c06b5c9c0747,99bab18a08c4f083a98addb3d6e6a689613dc4233e8a37e76dcbb3d779207686,40ef9b4a7f9c537ed7c525f4c5a54835f6a798db73b1e73681dabea54dc1c720,dataset split_manifest.json (shared; model's own manifest had none),,,85923750dbcc588bddbe409a7bd7ec716d846aa88c7d5dd604f7e1307c4c9f09,,validation Recall@20 Overall,once after loading best validation checkpoint,74,285.758513,0.2,,,,,,,Table S1 (main comparison); Table 7 (deltas)
SGL-ED|musical-instruments|SGL-ED-main|seed42,SGL-ED,musical-instruments,SGL-ED-main,42,completed,log\p0\baseline\SGL\musical-instruments\sgl-31c2ca981366\seed42,9ec5e0280718bb06154d7fc2a54c5b9a2c12412c,4ea3be89ae7960d85203e73ebead146fc8fac9fce47388a7ae4fb998f7d7f960,c1f899d2efe76bf8c03e2927ab5b19ef2cd95a28d2708f8cefa7c06b5c9c0747,99bab18a08c4f083a98addb3d6e6a689613dc4233e8a37e76dcbb3d779207686,40ef9b4a7f9c537ed7c525f4c5a54835f6a798db73b1e73681dabea54dc1c720,dataset split_manifest.json (shared; model's own manifest had none),,,6f082125e9a14152ff569c5827c847cdb37d65a8839a0d32ebe6aa820adbf30f,,validation Recall@20 Overall,once after loading best validation checkpoint,74,287.321502,0.2,,,,,,,Table S1 (main comparison); Table 7 (deltas)
XSimGCL|musical-instruments|XSimGCL-main|seed0,XSimGCL,musical-instruments,XSimGCL-main,0,completed,log\p0\baseline\XSimGCL\musical-instruments\xsimgcl-d60a996d56f1\seed0,9ec5e0280718bb06154d7fc2a54c5b9a2c12412c,3556f009d46d7874567912300362a6b8e2d4e6e0d2dcfb0c373e5bcea6416527,c1f899d2efe76bf8c03e2927ab5b19ef2cd95a28d2708f8cefa7c06b5c9c0747,99bab18a08c4f083a98addb3d6e6a689613dc4233e8a37e76dcbb3d779207686,40ef9b4a7f9c537ed7c525f4c5a54835f6a798db73b1e73681dabea54dc1c720,dataset split_manifest.json (shared; model's own manifest had none),,,23e471e1f2b21ce78d5e292d6d391ca9705a01edad4a4888d259a8fff85c65c8,,validation Recall@20 Overall,once after loading best validation checkpoint,56,148.332624,0.15,,,,,,,Table S1 (main comparison); Table 7 (deltas)
XSimGCL|musical-instruments|XSimGCL-main|seed1,XSimGCL,musical-instruments,XSimGCL-main,1,completed,log\p0\baseline\XSimGCL\musical-instruments\xsimgcl-d60a996d56f1\seed1,9ec5e0280718bb06154d7fc2a54c5b9a2c12412c,3556f009d46d7874567912300362a6b8e2d4e6e0d2dcfb0c373e5bcea6416527,c1f899d2efe76bf8c03e2927ab5b19ef2cd95a28d2708f8cefa7c06b5c9c0747,99bab18a08c4f083a98addb3d6e6a689613dc4233e8a37e76dcbb3d779207686,40ef9b4a7f9c537ed7c525f4c5a54835f6a798db73b1e73681dabea54dc1c720,dataset split_manifest.json (shared; model's own manifest had none),,,4c613b4172d6e8bc05a0c9cd230c4587277998f1dd129e0c2b53054e87f3b122,,validation Recall@20 Overall,once after loading best validation checkpoint,56,141.674125,0.15,,,,,,,Table S1 (main comparison); Table 7 (deltas)
XSimGCL|musical-instruments|XSimGCL-main|seed42,XSimGCL,musical-instruments,XSimGCL-main,42,completed,log\p0\baseline\XSimGCL\musical-instruments\xsimgcl-d60a996d56f1\seed42,9ec5e0280718bb06154d7fc2a54c5b9a2c12412c,3556f009d46d7874567912300362a6b8e2d4e6e0d2dcfb0c373e5bcea6416527,c1f899d2efe76bf8c03e2927ab5b19ef2cd95a28d2708f8cefa7c06b5c9c0747,99bab18a08c4f083a98addb3d6e6a689613dc4233e8a37e76dcbb3d779207686,40ef9b4a7f9c537ed7c525f4c5a54835f6a798db73b1e73681dabea54dc1c720,dataset split_manifest.json (shared; model's own manifest had none),,,dfe7223cb69b174e241146f4a3f48046e79d609345b44440d11ae37049e3df0c,,validation Recall@20 Overall,once after loading best validation checkpoint,58,154.179684,0.15,,,,,,,Table S1 (main comparison); Table 7 (deltas)
NCL|musical-instruments|NCL-main|seed0,NCL,musical-instruments,NCL-main,0,completed,log\p0\baseline\NCL\musical-instruments\ncl-a8e18596b653\seed0,9ec5e0280718bb06154d7fc2a54c5b9a2c12412c,ed00b093c3179cf3c4d1c25731bbc7a0f491503389fdb2b51edddfebabe4d212,c1f899d2efe76bf8c03e2927ab5b19ef2cd95a28d2708f8cefa7c06b5c9c0747,99bab18a08c4f083a98addb3d6e6a689613dc4233e8a37e76dcbb3d779207686,40ef9b4a7f9c537ed7c525f4c5a54835f6a798db73b1e73681dabea54dc1c720,dataset split_manifest.json (shared; model's own manifest had none),,,cafbc0742488fe627e59af3c99b705ec724075a8493ba0c43dcb6e3aeeea808e,,validation Recall@20 Overall,once after loading best validation checkpoint,94,2031.858923,0.05,,,,,,,Table S1 (main comparison); Table 7 (deltas)
NCL|musical-instruments|NCL-main|seed1,NCL,musical-instruments,NCL-main,1,completed,log\p0\baseline\NCL\musical-instruments\ncl-a8e18596b653\seed1,9ec5e0280718bb06154d7fc2a54c5b9a2c12412c,ed00b093c3179cf3c4d1c25731bbc7a0f491503389fdb2b51edddfebabe4d212,c1f899d2efe76bf8c03e2927ab5b19ef2cd95a28d2708f8cefa7c06b5c9c0747,99bab18a08c4f083a98addb3d6e6a689613dc4233e8a37e76dcbb3d779207686,40ef9b4a7f9c537ed7c525f4c5a54835f6a798db73b1e73681dabea54dc1c720,dataset split_manifest.json (shared; model's own manifest had none),,,0c5cb820c4cb8a21e1811d4cd35d8f4b3ce1d361985075a4fa4262769c79d370,,validation Recall@20 Overall,once after loading best validation checkpoint,98,2123.792259,0.05,,,,,,,Table S1 (main comparison); Table 7 (deltas)
NCL|musical-instruments|NCL-main|seed42,NCL,musical-instruments,NCL-main,42,completed,log\p0\baseline\NCL\musical-instruments\ncl-a8e18596b653\seed42,9ec5e0280718bb06154d7fc2a54c5b9a2c12412c,ed00b093c3179cf3c4d1c25731bbc7a0f491503389fdb2b51edddfebabe4d212,c1f899d2efe76bf8c03e2927ab5b19ef2cd95a28d2708f8cefa7c06b5c9c0747,99bab18a08c4f083a98addb3d6e6a689613dc4233e8a37e76dcbb3d779207686,40ef9b4a7f9c537ed7c525f4c5a54835f6a798db73b1e73681dabea54dc1c720,dataset split_manifest.json (shared; model's own manifest had none),,,ff972ee3682ae04c1af1d9a4287db8ae9bf159100c490e28ca2115988a1ce6d4,,validation Recall@20 Overall,once after loading best validation checkpoint,86,449.857165,0.05,,,,,,,Table S1 (main comparison); Table 7 (deltas)
LightGCN|arts-crafts-and-sewing|LightGCN-main|seed0,LightGCN,arts-crafts-and-sewing,LightGCN-main,0,completed,log\p0\baseline\LightGCN\arts-crafts-and-sewing\lightgcn-43de3b4b3ff5\seed0,9ec5e0280718bb06154d7fc2a54c5b9a2c12412c,1a7144557d642942e8f0ccfc754b0d89a2aa1a441681fbbcd8721754c3a279d1,3f756d2abf4688854d99a163541a9e6bcb2e1004b3354a7e85bc03e2ef4a9d11,88cccde67633b5cb6f8f4ef35c12c9704c8c4fb84e6aba96c5f8bb142c4fa3e3,bb0984471d2186fb62c2f79a339420f2cadd1e99d4b3477bddfbf4156689dfff,dataset split_manifest.json (shared; model's own manifest had none),,,6ba049a9547281bc96b6ff8feb0848b996b5d013d1de359cde2e6a2e6a6e6aec,,validation Recall@20 Overall,once after loading best validation checkpoint,510,7451.562011,,,,,,,,Table S1 (main comparison); Table 7 (deltas)
LightGCN|arts-crafts-and-sewing|LightGCN-main|seed1,LightGCN,arts-crafts-and-sewing,LightGCN-main,1,completed,log\p0\baseline\LightGCN\arts-crafts-and-sewing\lightgcn-43de3b4b3ff5\seed1,9ec5e0280718bb06154d7fc2a54c5b9a2c12412c,1a7144557d642942e8f0ccfc754b0d89a2aa1a441681fbbcd8721754c3a279d1,3f756d2abf4688854d99a163541a9e6bcb2e1004b3354a7e85bc03e2ef4a9d11,88cccde67633b5cb6f8f4ef35c12c9704c8c4fb84e6aba96c5f8bb142c4fa3e3,bb0984471d2186fb62c2f79a339420f2cadd1e99d4b3477bddfbf4156689dfff,dataset split_manifest.json (shared; model's own manifest had none),,,5442e0f22453b6d8547ac6e17751b08fbb534d655db36c889b743ce54cefd490,,validation Recall@20 Overall,once after loading best validation checkpoint,430,7106.859949,,,,,,,,Table S1 (main comparison); Table 7 (deltas)
LightGCN|arts-crafts-and-sewing|LightGCN-main|seed42,LightGCN,arts-crafts-and-sewing,LightGCN-main,42,completed,log\p0\baseline\LightGCN\arts-crafts-and-sewing\lightgcn-43de3b4b3ff5\seed42,9ec5e0280718bb06154d7fc2a54c5b9a2c12412c,1a7144557d642942e8f0ccfc754b0d89a2aa1a441681fbbcd8721754c3a279d1,3f756d2abf4688854d99a163541a9e6bcb2e1004b3354a7e85bc03e2ef4a9d11,88cccde67633b5cb6f8f4ef35c12c9704c8c4fb84e6aba96c5f8bb142c4fa3e3,bb0984471d2186fb62c2f79a339420f2cadd1e99d4b3477bddfbf4156689dfff,dataset split_manifest.json (shared; model's own manifest had none),,,73baa2595e59725644c8f51752d5e513d3bf7bbd1a57aeb0244070f551f70c8c,,validation Recall@20 Overall,once after loading best validation checkpoint,460,5081.195176,,,,,,,,Table S1 (main comparison); Table 7 (deltas)
SGL-ED|arts-crafts-and-sewing|SGL-ED-main|seed0,SGL-ED,arts-crafts-and-sewing,SGL-ED-main,0,completed,log\p0\baseline\SGL\arts-crafts-and-sewing\sgl-9cd8e529a74c\seed0,9ec5e0280718bb06154d7fc2a54c5b9a2c12412c,2370a239cac2599618eae418f54e0b012312623de40828246c9873d174c91354,3f756d2abf4688854d99a163541a9e6bcb2e1004b3354a7e85bc03e2ef4a9d11,88cccde67633b5cb6f8f4ef35c12c9704c8c4fb84e6aba96c5f8bb142c4fa3e3,bb0984471d2186fb62c2f79a339420f2cadd1e99d4b3477bddfbf4156689dfff,dataset split_manifest.json (shared; model's own manifest had none),,,8457707d469c3419d4363a0666ec58ffa65b46911d7b55f30ae61935c9ef5a01,,validation Recall@20 Overall,once after loading best validation checkpoint,60,3930.151612,0.2,,,,,,,Table S1 (main comparison); Table 7 (deltas)
SGL-ED|arts-crafts-and-sewing|SGL-ED-main|seed1,SGL-ED,arts-crafts-and-sewing,SGL-ED-main,1,completed,log\p0\baseline\SGL\arts-crafts-and-sewing\sgl-9cd8e529a74c\seed1,9ec5e0280718bb06154d7fc2a54c5b9a2c12412c,2370a239cac2599618eae418f54e0b012312623de40828246c9873d174c91354,3f756d2abf4688854d99a163541a9e6bcb2e1004b3354a7e85bc03e2ef4a9d11,88cccde67633b5cb6f8f4ef35c12c9704c8c4fb84e6aba96c5f8bb142c4fa3e3,bb0984471d2186fb62c2f79a339420f2cadd1e99d4b3477bddfbf4156689dfff,dataset split_manifest.json (shared; model's own manifest had none),,,88f4c9ad2b97c7bdad47d5c5c587713d21ed0bbcaaae0bfee4587a32f2392b3a,,validation Recall@20 Overall,once after loading best validation checkpoint,58,3843.950829,0.2,,,,,,,Table S1 (main comparison); Table 7 (deltas)
SGL-ED|arts-crafts-and-sewing|SGL-ED-main|seed42,SGL-ED,arts-crafts-and-sewing,SGL-ED-main,42,completed,log\p0\baseline\SGL\arts-crafts-and-sewing\sgl-9cd8e529a74c\seed42,9ec5e0280718bb06154d7fc2a54c5b9a2c12412c,2370a239cac2599618eae418f54e0b012312623de40828246c9873d174c91354,3f756d2abf4688854d99a163541a9e6bcb2e1004b3354a7e85bc03e2ef4a9d11,88cccde67633b5cb6f8f4ef35c12c9704c8c4fb84e6aba96c5f8bb142c4fa3e3,bb0984471d2186fb62c2f79a339420f2cadd1e99d4b3477bddfbf4156689dfff,dataset split_manifest.json (shared; model's own manifest had none),,,c5e02fe314935f9e8cbb23c8da4a113a131cc1af313f42b813a8be460807cc5b,,validation Recall@20 Overall,once after loading best validation checkpoint,57,2877.220208,0.2,,,,,,,Table S1 (main comparison); Table 7 (deltas)
XSimGCL|arts-crafts-and-sewing|XSimGCL-main|seed0,XSimGCL,arts-crafts-and-sewing,XSimGCL-main,0,completed,log\p0\baseline\XSimGCL\arts-crafts-and-sewing\xsimgcl-fd0112231ebb\seed0,9ec5e0280718bb06154d7fc2a54c5b9a2c12412c,c2fcef541d9959245e80876afd02bfa0542bb777a1552ff3e21d43b5827dcb34,3f756d2abf4688854d99a163541a9e6bcb2e1004b3354a7e85bc03e2ef4a9d11,88cccde67633b5cb6f8f4ef35c12c9704c8c4fb84e6aba96c5f8bb142c4fa3e3,bb0984471d2186fb62c2f79a339420f2cadd1e99d4b3477bddfbf4156689dfff,dataset split_manifest.json (shared; model's own manifest had none),,,af1947938ce678daf95b49657e1b1a6909bf72f4939bce8ecfda6ace6b4bb92b,,validation Recall@20 Overall,once after loading best validation checkpoint,50,324.226538,0.15,,,,,,,Table S1 (main comparison); Table 7 (deltas)
XSimGCL|arts-crafts-and-sewing|XSimGCL-main|seed1,XSimGCL,arts-crafts-and-sewing,XSimGCL-main,1,completed,log\p0\baseline\XSimGCL\arts-crafts-and-sewing\xsimgcl-fd0112231ebb\seed1,9ec5e0280718bb06154d7fc2a54c5b9a2c12412c,c2fcef541d9959245e80876afd02bfa0542bb777a1552ff3e21d43b5827dcb34,3f756d2abf4688854d99a163541a9e6bcb2e1004b3354a7e85bc03e2ef4a9d11,88cccde67633b5cb6f8f4ef35c12c9704c8c4fb84e6aba96c5f8bb142c4fa3e3,bb0984471d2186fb62c2f79a339420f2cadd1e99d4b3477bddfbf4156689dfff,dataset split_manifest.json (shared; model's own manifest had none),,,e7b07b619882edd02918d89865de2e81d7c1e6515babdf5b9f65a1ffed906f20,,validation Recall@20 Overall,once after loading best validation checkpoint,51,334.065841,0.15,,,,,,,Table S1 (main comparison); Table 7 (deltas)
XSimGCL|arts-crafts-and-sewing|XSimGCL-main|seed42,XSimGCL,arts-crafts-and-sewing,XSimGCL-main,42,completed,log\p0\baseline\XSimGCL\arts-crafts-and-sewing\xsimgcl-fd0112231ebb\seed42,9ec5e0280718bb06154d7fc2a54c5b9a2c12412c,c2fcef541d9959245e80876afd02bfa0542bb777a1552ff3e21d43b5827dcb34,3f756d2abf4688854d99a163541a9e6bcb2e1004b3354a7e85bc03e2ef4a9d11,88cccde67633b5cb6f8f4ef35c12c9704c8c4fb84e6aba96c5f8bb142c4fa3e3,bb0984471d2186fb62c2f79a339420f2cadd1e99d4b3477bddfbf4156689dfff,dataset split_manifest.json (shared; model's own manifest had none),,,ddc093ccc58729679a9683e1a49381fe19cd91b580f770286603887ee0baa7cd,,validation Recall@20 Overall,once after loading best validation checkpoint,49,318.283202,0.15,,,,,,,Table S1 (main comparison); Table 7 (deltas)
NCL|arts-crafts-and-sewing|NCL-main|seed0,NCL,arts-crafts-and-sewing,NCL-main,0,completed,log\p0\baseline\NCL\arts-crafts-and-sewing\ncl-0f7e1a630c06\seed0,9ec5e0280718bb06154d7fc2a54c5b9a2c12412c,0daa008f73cc434d1fdd68b006d53e2bc620779704f19678d51e3a163c7a5bdd,3f756d2abf4688854d99a163541a9e6bcb2e1004b3354a7e85bc03e2ef4a9d11,88cccde67633b5cb6f8f4ef35c12c9704c8c4fb84e6aba96c5f8bb142c4fa3e3,bb0984471d2186fb62c2f79a339420f2cadd1e99d4b3477bddfbf4156689dfff,dataset split_manifest.json (shared; model's own manifest had none),,,bbf1cfa97e43c73aafafbe989a0c15f30d514ac9afbe3a536ec848711753fea6,,validation Recall@20 Overall,once after loading best validation checkpoint,121,5004.35945,0.05,,,,,,,Table S1 (main comparison); Table 7 (deltas)
NCL|arts-crafts-and-sewing|NCL-main|seed1,NCL,arts-crafts-and-sewing,NCL-main,1,completed,log\p0\baseline\NCL\arts-crafts-and-sewing\ncl-0f7e1a630c06\seed1,9ec5e0280718bb06154d7fc2a54c5b9a2c12412c,0daa008f73cc434d1fdd68b006d53e2bc620779704f19678d51e3a163c7a5bdd,3f756d2abf4688854d99a163541a9e6bcb2e1004b3354a7e85bc03e2ef4a9d11,88cccde67633b5cb6f8f4ef35c12c9704c8c4fb84e6aba96c5f8bb142c4fa3e3,bb0984471d2186fb62c2f79a339420f2cadd1e99d4b3477bddfbf4156689dfff,dataset split_manifest.json (shared; model's own manifest had none),,,052ae38aa764aa46c1fa4e312191c6c7f7dccf2b4b514e7a2757799454d34f59,,validation Recall@20 Overall,once after loading best validation checkpoint,129,5176.64307,0.05,,,,,,,Table S1 (main comparison); Table 7 (deltas)
NCL|arts-crafts-and-sewing|NCL-main|seed42,NCL,arts-crafts-and-sewing,NCL-main,42,completed,log\p0\baseline\NCL\arts-crafts-and-sewing\ncl-0f7e1a630c06\seed42,9ec5e0280718bb06154d7fc2a54c5b9a2c12412c,0daa008f73cc434d1fdd68b006d53e2bc620779704f19678d51e3a163c7a5bdd,3f756d2abf4688854d99a163541a9e6bcb2e1004b3354a7e85bc03e2ef4a9d11,88cccde67633b5cb6f8f4ef35c12c9704c8c4fb84e6aba96c5f8bb142c4fa3e3,bb0984471d2186fb62c2f79a339420f2cadd1e99d4b3477bddfbf4156689dfff,dataset split_manifest.json (shared; model's own manifest had none),,,62de76d2e6cc8770611c81ebd79dc35eebb4cb0eb8a9cd5ee063a5661a8915fb,,validation Recall@20 Overall,once after loading best validation checkpoint,118,3841.586405,0.05,,,,,,,Table S1 (main comparison); Table 7 (deltas)
