1 301 415 470 850 1033 1149 1346 2023 2295 2391 3497 3896 4722 5293 5316 5730 6219 6292 7054 7851 7858 8343 8740 8743 9075 9155 10060
2 733 1296 2400 8669
3 2550 4079 4282 4539
5 587 611 1994 4709 6647
6 4588 5871 6985 8504
8 95 183 1327 2740 6831 7095 8207 8718 8786 9297 9380 9703 10424
9 19 20 28 439 571 747 1271 1456 1874 2047 2661 2758 2768 4191 4597 4619 4727 4857 5300 5586 5721 5736 5869 5987 6363 7497 9363
10 7832 9335 10259 10555
11 160 1781 3887 3889 5300 5378 6292 6664 7194 7874
12 1104 2106 2450 3617 9576
13 1329 1721 6964 9894
14 1329 1331 1721 3498
15 2094 2876 5721 8748
16 584 1831 2640 3249 8039 8106
17 249 1816 2647 6465
18 448 1342 1868 6133
19 6086 6219 6932 7777 8797
20 2576 6802 7312 8190
22 561 1018 1989 3992 6755
23 450 461 4780 5126 8200
24 1862 1867 1999 2186 5772
25 542 1186 1187 4198
26 1329 1331 1703 4106 5110 8106
27 1499 4075 4821 5410
28 213 380 707 1721 2534 2631
29 487 1280 2661 8207
30 276 3468 7754 8415
31 1177 1760 2915 7742
32 2123 5713 6573 8415
33 2555 4846 5664 7406
34 1714 3904 5992 6034
35 1018 6076 6926 7974
36 260 2118 2120 4768
37 5707 6253 8394 8665
38 16 2728 3782 4566 4858 6213
39 2377 2886 5837 9885
40 1001 1858 4615 7683
41 228 6876 8390 9071
42 3264 5300 5823 5879 8039 8194 8413 10423
43 641 3519 3792 5252 5460 5873 5911 8207 8579 8887
44 4306 5637 5873 9723
45 359 707 1213 1331 1721 2640 2941 3318 6889 9535
46 4901 6299 9956 10435
47 6597 7165 9493 9728
48 410 641 1007 1568 1722 7054
49 1277 2612 3609 5724
50 8543 9160 9389 9841 10331
51 1574 4405 5478 6804
53 1526 1622 7131 8310
54 2915 7179 8148 8555
55 746 755 1268 2765 2849 2879 4770 4969 6051 6920 10400
56 569 2089 2364 3900
57 5721 6031 6913 9335
58 431 1538 2539 3043
59 2750 7179 7844 8494 9329 10120
60 357 919 4072 5404 5537 5874 7723 7997 9151 9723 9900 9998 10553
61 478 1711 2697 4073 4811 5391 9967 9975
62 211 351 381 5100 5217 6701 7278
63 7338 8717 8718 9386 9782
64 149 204 319 1932 4198
65 6522 6577 6916 9888
66 145 275 381 569 629 1241 2638 2642 2993 3576 3855 4011 4260 4809 5497 6004 6453 6699 6765 6955 7689 7713 8026 8749 9849 9931
67 2376 2506 4665 7720
68 5318 5681 6363 8039 10504
69 7531 7672 9271 9892
70 2661 2849 2856 4475 6276
72 5267 7898 8703 9157
73 3862 6577 6662 9886 10618
74 569 579 1301 2195
75 260 1340 1683 2758
76 1107 3249 4000 5982 6076 6512
77 365 707 1721 6149 6172 7744 8444
78 276 1297 2390 8997
79 31 214 1219 2424
80 125 609 1223 3346 4349 7117 8704 9944
81 1301 4738 4830 8343 10032
82 366 1435 5535 6982
83 181 1932 6029 7006
84 221 858 865 4575
85 5757 7994 9160 10344
86 2649 6001 10263 10543
87 662 1298 1704 3645 4478 5361 8106 10552
88 699 1096 1864 6307
89 3618 5478 6338 8549
90 1186 1187 1893 3133
91 2695 2766 5333 5721 8369 9111
92 707 1331 1721 5933
93 207 469 655 707 1055 1213 1293 1294 1329 1330 1331 1662 1710 1929 1943 2563 2564 2801 3735 4205 4584 4622 5312 5316 5724 6344 6569 6575 6618 7077 7386 7401 8545 8941
94 2110 4532 6989 10417
95 24 1329 1331 5110 6047 6903
96 1187 4214 4700 7484 8343 8742 9252
97 569 1340 1342 1523 6114 8094 8144 8517
98 381 5909 6699 7022 8444 9025
99 4705 10137 10364 10478
100 319 569 1725 1860 5672 6488 8106
101 511 5604 6691 7054 9380
102 583 588 9151 10576
103 376 932 2290 7569 7819 9723
104 1298 2509 6299 7763 8415
105 583 3000 5460 9025
106 211 2961 4862 8177
107 4707 4971 7622 7815
108 769 873 2010 3507
109 165 211 4830 5460
110 1314 5823 6620 8386
112 511 4897 7639 8759
113 3046 3467 8634 8731 8794 9823
115 2427 2761 7499 8564
116 542 4081 4206 4547 5574 6775
117 14 583 3774 5874
118 393 1007 2631 7822
119 2059 2859 4850 4901 8907
120 488 1643 2341 2815 2844 2933 4214 7377
121 431 579 1666 1708 4284 4781
122 569 4535 6403 8136 9825 10552
123 57 4426 6484 6825 7004 7997
124 926 1008 5177 5762 7434 7928 8652 9794 9885
125 514 646 2349 2457 2487 2607 6809 8456
126 5379 7402 8751 9493
127 354 1257 3132 3854 4475
128 1549 1904 2115 2303
129 4020 6740 7402 8368
130 4214 5724 6469 6547 6683 7145 7758 7765 7777 7789 8142 9370
131 467 707 1329 1331 1340 1721 5984
132 7596 8902 9274 10328
133 569 1222 2702 3123 4589 4997
134 311 1112 2324 4614 4672 4942 7219 9173 9334
135 195 579 773 7777 8717 9397 10294
136 579 3889 6876 8842
138 149 204 354 1435
139 211 381 3280 6494
140 381 780 1727 3564 4198 7493 8415 8795
141 362 1236 2986 3927 5282
142 1340 1868 5236 9061
143 520 4532 4573 5460 7435 9335
145 205 305 361 569 6029 8103
147 19 20 2077 3668 4869 4999 5905 7532
148 662 1178 1451 2960 5747 5874 5909 6816 9240
149 5551 5961 6937 7094
150 579 1169 8162 9240 9903
151 36 1830 8872 10400
153 2590 3615 4307 6741
154 262 1177 2555 6905
155 3094 7121 9782 10237
156 390 531 1529 3473 3555 4132 6505 7209 8064 8448 9201 9372 9429 9490 10184 10373 10394
157 103 525 596 3307 6827 7022
158 579 707 1721 7767
159 1330 1710 4048 4063 6361 6383
160 24 219 6701 7155
161 2095 2483 2560 2763 3163 9695
162 1340 1498 5412 8740
163 4772 8285 8448 8946
164 560 2178 4576 5125
165 146 2772 4834 8155 8797 9954
166 719 1298 1701 2607 7267 8083
167 492 2904 5376 5940
168 2893 3587 5856 8818
169 195 554 1496 1597 4665
170 276 420 4356 5235 5724 6896
171 6247 6591 6667 6958
172 4223 4898 7089 7636 9601 9641
173 4974 5460 9296 10045
174 88 2103 5793 6826 9160 9996 10139
175 1178 1725 3693 4106
176 5727 6538 7585 10489
177 2583 3270 8194 8378
178 4279 4957 4972 7306
179 1776 2744 7742 8022
180 1394 2561 6373 8987 9485
181 1225 1775 4246 4974 5029 6457 7461 8978 9275 9649 10394
182 707 1721 2184 5090 9792
183 276 4137 7807 8037 8935
184 407 896 917 9177
185 3784 4686 9602 9952 10512 10556
186 118 211 417 588 1271 1280 2036 2689 7640 7925 7937 8099
187 2085 4452 5672 8106
188 6929 6946 7470 9100
191 605 1150 1151 1886 2125 6087
192 1926 2372 2466 2732 5129 9861
193 253 1067 1394 3649 4214 6015 8270 8415 10068 10317
194 170 727 1092 1254 1312 2053
195 2265 3558 4198 4597 5102 8236
196 1666 2457 3451 6741
197 975 1177 4357 4444 7135 7650 7878 7951
198 4187 5293 5730 6043
199 1763 2726 5724 6546 6905
201 114 1094 1282 1489 2635 3348 4477 5493 5498 5889 6822 7402 7689 8685 9361 9481 10606
202 189 3300 3499 3875 6741
203 833 2483 4768 9353 10054 10223
204 67 96 1868 4198
205 633 2033 2919 3628 4826 7742 8054 8772 8851
206 149 204 641 6891 10069
207 228 6649 7910 8718
209 3792 3949 4013 5134
210 1441 1534 1868 3691 7832
211 1951 2677 4440 9581 9738
212 4965 4974 7942 8417 8573
213 8279 8290 8378 8571 8575 8697 9098 9106 9541 9763 10037
214 8237 9907 10089 10482
215 1023 2293 6121 7376
216 579 1065 1446 1515 5632 5688 6776 7226 8128 8149 8444 8718 10146
217 251 569 1196 5994 6324 8665
218 23 37 583 588 679 929 1123 2000 2122 3540 5788 6494 7940 7982 8231 10042
219 174 1304 6006 6360 6368
220 588 2546 5688 5877
221 4667 5346 8637 9493
222 269 2876 7480 9733
223 155 162 4198 5650
224 488 698 1173 1178 1210 1664 2886 3841 4754 4858 5771 8278
225 2512 2723 5394 7874
226 1032 2329 5902 6275
227 1394 1523 3707 5604
229 707 1331 1721 8737 9772 10116
230 149 204 7484 9118
231 1782 2377 2509 2511 5629 7402 10104 10415
232 583 588 641 1079 2295 2729 2746 6846 8231
233 5535 5604 5823 8250 9885 9952
234 2123 6076 6699 7347
235 4857 6889 7627 9317
236 707 1331 1721 9806
238 362 1137 1150 3664 4875 4876 9661
239 636 4822 6418 7742
240 707 1331 1721 6741
241 747 2158 2792 3264 5724 7133
242 210 5736 5779 5823 7987 8196
243 2849 2856 4261 4474 8881 9632 9893
244 579 1394 1523 4343
245 5540 6497 6562 6701 7121 7401 8819 9326 9851 10578
246 1739 5607 8564 9078 9287 9493 9883 10227
247 569 1177 1868 3841 3925 4198 4443 6115
248 408 3153 5070 10200
249 1408 1642 3314 9768
250 2766 6540 6666 8106 8717 9817
251 211 4214 6164 8148 9861 10200
252 1177 1340 1868 6842
253 6401 8103 8665 9289
254 711 2166 5012 7909
255 5706 8334 8704 9168
256 1157 6673 9386 9956
257 211 1023 2815 4068 5054 5142 7484
258 234 2380 6825 7997
259 609 9910 10101 10118
260 2590 5093 5179 7767
261 1195 2273 3513 5232
262 2384 4068 9347 10007
263 211 693 1240 1530 1548 2048 2561 4011 4204 4938
264 149 204 2201 2267 5556 6115
265 569 8625 9109 9155 9327 9386
268 696 781 1845 4214
269 380 490 3000 5348
270 371 376 408 2631
271 1329 1346 1721 5102
272 554 929 1284 2646 5338
273 338 344 1340 1868
275 7874 8448 9087 9737
276 2043 2051 2405 2766 9268
277 24 260 366 1704 5423 5586
278 1727 2627 7934 8718
280 103 569 2114 8223 8448
281 2565 3704 6406 6496
282 228 2557 3084 3354 4244 4349 4695 5179 5688 5823 6363 10533
283 1204 1344 1584 2458
284 380 1243 1340 2134 2189 2534 3663 5290 6820 7937 7983 10216
286 614 7377 7991 8360
287 1121 2366 3164 3427 5389
288 707 1329 1331 1727 9296
289 138 1281 1468 1495 1754 3575 3672 4150 4391 5248 5977 6079 6727 8829 10428
290 6108 9212 10039 10394
291 1329 1331 1721 9491
292 903 2178 3834 3986
293 5721 6991 7639 9607
294 167 2498 2566 2935 3806 3889
295 1346 2293 6664 6782 9952 10368
296 2214 8909 9184 9692
297 210 722 2621 3758
298 1125 2535 2567 2746 3519 3763 3792 3925 3956 4834 5721 5722 5747 8337 8415 8625 8816 8902 9200 9531 9542 9568 10164 10328 10331 10495
299 305 579 2887 7497 7931 8711 9905 10295 10435 10510
301 4765 7222 9212 10050
302 37 1173 1435 3958 5031 8463
303 1280 4581 6816 7004
304 381 1451 1577 5823 5915 8902 9240 9589 9668 10120
305 148 158 236 252 4223 5837
306 1178 2178 2850 3035 4198 5765 5874 7186 8103
307 1048 5854 8257 9535
308 1894 3808 4068 8399
309 194 2701 2797 3618 4053
310 274 583 3318 4062 4949 6139 7400 8044 8352 9796
311 5982 6355 7577 9685
312 1246 1446 6399 9680
314 25 103 4869 5194 5622 7340 9485 10495
315 641 1932 2974 5080
316 583 588 1340 8231
317 3830 5287 5313 8684
318 18 639 4547 5984
319 268 5706 8672 8676 8718 8947
320 569 583 588 4835 7523 8765
322 569 1177 1269 2283 2364 5075 5721 6194
323 5746 5765 5911 9155
324 707 1329 1331 7792
325 261 1167 1212 7175 8034 10106
326 548 2689 6816 9242
327 5723 6494 8074 10045
328 25 262 263 7120
329 149 204 579 3793 6958 8106 10162
330 378 379 2534 2982 4288 4923
331 67 2162 3000 3970 5734 5754 7448
332 411 1568 2534 7023
333 3805 4214 9972 10318
334 738 1462 1706 4700
335 247 274 583 3486 3491 6946
336 569 6070 6322 7815 8369 9664
337 736 1346 1703 2823 5823
339 149 204 569 641 1066 2680 3733 3956 5319 5576 8103 8384 9497
341 4045 5009 8628 8631
342 2073 5299 6879 7543
343 3973 3982 6142 9821
344 408 591 6527 9885
345 583 588 727 2504 4082 4198 4574 5041 5100 7341 8530 8950 10331
346 8718 8872 10120 10514
347 276 420 875 1955
348 740 4959 6281 6664
349 195 275 8164 9995
350 14 930 1894 1930 3813 4984
351 623 729 1081 10482
352 22 616 694 2958
353 253 409 6003 9248 9827 10604
354 875 1666 3263 4897 9102
355 2877 3083 6321 8525 8888
356 149 204 2561 5984
357 542 1726 5410 6087 6494 8128 8286 8415 9268 9702
358 1551 5601 5739 7037 8639 9667
359 1953 2172 2264 2368 2989 3999 6324 6494 6736 6998 7493
360 1498 5054 5823 5988
361 583 588 2577 8231
364 721 2287 4306 5726
365 1760 5426 7146 8841
366 4622 5977 8526 9386 10219 10349
367 275 670 1153 1498 2516 2555 3961 5077 5356 5460 6076 6194 6196 6483 8207
368 1130 1402 2719 4317
369 588 1346 2142 6941
370 4797 7194 9591 10216
371 1845 6777 7961 8452
372 3467 3859 4554 7130
373 1096 1298 1652 5363
374 175 381 1331 1721 3707 4034 5874
375 6562 6879 7120 8010
376 575 707 1329 1721
378 1519 4516 8335 8574
379 1169 2007 2978 5492
380 635 3076 4014 4063 4821
381 234 298 1308 8449
382 569 1329 1331 1340 3259 5719 6247 7214 7289 8207 8717 8946
384 520 1019 1020 1466 3091 4014 4219 4432 5192 9252
385 1280 1281 7659 8710
386 579 1138 1894 6116 8826 8987 9493
387 4584 6183 8718 10473
388 588 2120 8103 9610
389 538 571 1092 2238
390 767 990 1824 3890
391 519 1340 1868 8231
393 562 1136 1715 4842
394 1096 1864 2627 4528
395 390 569 5535 5721
396 1340 3747 5604 10466
397 3830 7054 7773 9409
398 2293 6178 7376 7493
400 2768 3318 3454 4667 5194 10391
401 255 261 1394 6985
402 1329 1331 1721 2719 5460 6783
403 1255 6740 8375 8498 8609
404 261 2736 6125 6162
405 412 1388 4295 5080
406 538 2047 2689 2746
407 173 707 1329 1331 1721 1980 2125 3672 4181 4598 4700 5084 5100 5453 5795 6121 6583 7484 7678 8994 9695 9971
408 415 1317 3890 5118 6770 9036 10014 10040
409 2265 3019 3223 3319 5133
410 1012 2300 2989 6664 8103
412 1327 2088 4172 6851 8136 9386
413 662 1463 5851 5992 6029 6871
414 1178 3838 4207 6743
416 1330 1710 2240 9416
417 349 350 601 1164 4068 4830 5688 6373 8105 8818 9362
418 194 1108 1243 2624 2638 7687 7773 7925 9160 9240 9389 9909 10016
420 448 1773 2457 2541 3346 3761 5984 6989 9489
421 14 67 6849 7772
422 30 1617 1643 4349 7327 8872
423 1894 3841 5079 5233 8278
424 622 2047 2123 3855 4875 6923 6941
425 9 936 1383 1669 6494 9585
426 30 4665 7402 10239
428 635 889 2129 2162 2590 6667 7935 8920 9903
429 2122 2667 4281 4685 6961 7500
430 1930 2726 3156 3930 4000 4768 4841 6219 8813 8836 8978 9212 10093 10147 10247
431 5642 7965 8665 9501
432 1285 2964 4053 5721 8471
433 362 1930 3925 5031
434 374 2502 2566 2957 3663 8741
435 6989 7291 8717 9107
436 102 6729 7050 7423 7817 9627
437 1297 5167 6399 7506
438 341 668 1255 3908 3956 9999
439 1954 1958 6429 8180 10048
440 359 1092 7692 8522
441 361 784 1404 5476 5603 5984 9386
442 2908 7945 9036 9993 10299
445 354 742 2286 4214 4700 4765 5489 6333 6583 7078 7734 8559 8588 8772 9161 9220 9386
446 707 1329 1331 1340 1721 1868 8207 10145 10316
447 691 829 947 998 2366
448 470 651 996 998 3565 4526
449 1175 2873 3925 4266 5043 6365
450 947 2590 3057 5456 5657 6037 6965 7937
452 239 679 3730 6103 6949 10028
453 579 2607 3864 7435
454 214 374 1419 2898 3568 4121 4526 5534
455 348 357 623 1139 1177 1285 1404 1643 1888 2360 2689 2724 2964 3346 4214 5030 5332 5535 5537 5540 5642 6073 6079 6113 8207 8380 8964
456 24 125 206 356 641 1093 1178 1188 1211 1222 1314 1446 1512 1866 1893 2110 2284 2658 3000 3925 4213 5172 5418 5419 5721 5749 5765 5771 5838 6003 6206 6429 6668 8103 8218 9074 9493 9646
457 5807 7031 8555 9266
458 24 843 1281 2814 3588 3615 4768 7720 7925 7987 8128
459 2884 4043 5535 8197 9266 9632
460 583 588 662 1941
461 1060 2381 4560 6068 8193
462 649 2886 6546 9520
463 3431 5432 7706 7839
464 4428 4537 5536 9494
465 707 1329 1331 1721
466 641 1340 7054 8604
467 577 792 1876 3563 4790 4791 4792 8448
468 531 2766 2849 2860 4134 4212 7012 8413 9214
469 1722 2958 3848 4733 8161
470 1512 2004 2756 2937 2974 3877 3962 4121 4275 7175 8039 9212 9493 9946 10056 10158 10552 10608
471 354 472 1329 1721 2032 3670 4850 5447 6247 6344 6740 6856 6993 7264 7801 7823 8162 8184 8588 8795
472 979 2846 6880 7569
473 707 1331 4634 5984 7596 7689 8344 9484 10072
474 1732 2546 8366 9226
475 354 1773 7206 8606
476 866 1246 1255 1377 1378 1446 1568 1723 3094 4280 5305 8024 8448 8729 8745 9261 9390 10031
477 211 511 554 707 1331 2238 7734 7813
479 7792 8212 9026 9773
480 0 1182 1340 9551
481 2769 4280 6797 8887 9366 10275 10285
482 24 707 1329 1331 5535 8939
483 2153 3962 4262 7721 9311 10493
484 3576 8905 9009 9885
485 579 1213 1568 9306
486 1786 2779 4991 8563 10427
487 1981 5206 7740 9980
488 706 1139 2069 5604
489 2054 5972 8788 9679
490 1666 1726 2627 4199 5460 5945
491 4134 7737 8448 9429 9731
492 2697 8913 9268 9270 10425
494 34 1868 1937 5657 7262 8624
495 1329 1331 1721 3928 6740 10533
496 102 469 1878 3000 3710 7375 7569 7783 8039 9721 10530
497 7007 7210 7484 10349
498 589 7834 8236 9596
499 197 431 2036 2419 3886 4881 5338 6164
500 257 679 1712 9233
501 351 808 2045 7338 7653
502 470 2960 3896 4198 4510 4600 5873 5982 6876 6985 7998 8400
503 2436 6701 8106 9276
504 183 1444 2890 5109
505 1239 4350 4865 5754 7987 8631
506 1119 1340 1536 1868 2179 4460 5460 6001 6276 8919 9545 9563 9885 9931 10480
507 149 204 2481 3878 6175
508 891 2700 4364 4367
509 1937 8424 8445 9216
510 1179 9396 9925 10000 10106
511 554 1340 1868 5984 6247
512 733 1131 1726 4130
513 2293 4326 8402 9445
514 24 4452 5721 9576
515 1489 4557 7484 7847
516 707 1329 1331 1721
517 195 1266 2079 2933 3057 3455
518 411 997 5294 10321 10414 10535
519 1246 3333 3890 8608 9076 9529
520 31 4405 6709 7054
521 1013 1330 1710 4835 5935 6109 6699 8369
522 35 96 707 1329 1721 2483 2766 4173 4391 5657 6660 8647
523 5031 8448 8563 10550
524 707 1331 1721 5139
525 305 583 1340 1459 2087 3436 4048 4821 4825 6869 8106 8665
526 420 1296 4397 9733
527 1862 4368 4665 7298
528 297 1932 2115 2766 2886 3575 4719 5540 5812 6989
531 1046 2795 6195 10579
532 641 697 2021 5318 5798
533 777 906 5672 6577
534 1394 1608 4652 4903 8939 10050 10234
535 583 588 1340 8231
536 767 988 4336 8292
537 4113 6076 8959 9056
538 800 1010 2759 5760 8706 10314
539 2046 2295 3385 5633
541 1617 7352 7390 7912 8888 9206 9482 10064
542 2240 6428 8533 9585
543 6825 7880 7997 9470
544 542 3294 7392 9250
545 154 538 1340 1868 2092 5096 5460 5549 5856 9492
547 1308 3486 4265 5191 5466 5721 6087 6969 7502
548 604 3556 4416 4575
549 583 4198 7619 8106 8273 9680
550 583 588 1946 8106
551 420 2861 4986 9523 9635 9733
552 1340 1569 1868 9151
553 763 1327 2580 2679 3051 3609 3866 5080 5712 7817 8589 8625
554 1340 1868 4661 7150
555 2792 3501 9405 9493
556 31 67 5624 5664 7874 9001
557 1246 1417 7788 8100
558 151 538 8448 9671
559 1394 1704 2411 4119 5289 7835
560 863 1894 3803 6969
561 645 1346 5011 9250
562 758 1268 3938 3956
563 591 704 4391 5132
564 5672 7961 8809 10023
565 722 2457 3615 4020 8135 9885
566 149 204 362 703 1117 1331 3542 3986 4683 5780 5874 6087 7540 8106 8162 9979
567 583 6262 8231 8448 9493 10260
570 583 588 7934 8919
571 707 1329 1331 5535
572 4355 5575 6905 7230
573 33 1215 2047 6385 6760 7725
574 591 594 1888 4768 5586 6398 7718
575 569 583 1137 1980
576 381 569 1568 1569 2624 4014 4382 6340 7335
577 605 1294 1933 4862 8625 9240
578 381 588 707 1721 6006 8231
579 67 2432 5823 6840 7123
581 1568 5604 6440 7539
582 520 569 593 594 1108 2188 5490 5910 6003 6076 7208
583 24 176 260 1457 4198
584 3217 4005 5142 6981
586 2434 3000 4774 6715
587 211 2114 2134 3759 3936 3966 4700 5688 6947
588 1271 5628 9329 9492 9529 10199
589 24 181 1727 4198 5080
590 420 756 3342 9733
591 4215 4584 4869 8637
592 1588 2145 7603 7869
593 241 258 8555 9155
594 578 866 3191 6104 7784
595 2390 2796 7475 8731
596 662 5823 6611 7022
597 3139 3265 8447 8448
598 1329 1331 1721 4869
599 160 583 588 4279
600 444 545 605 632 633 1186 1329 1528 1529 1695 1721 2031 2964 4159 4605 4654 4832 5032 5126 5757 5877 6433 6643 6974 7095 7199 7350 7359 7603 7742 8327 9016 9045 9669 10450
601 1858 3166 4111 4838
602 7681 9304 9723 9904
604 1287 1570 1876 2342 2795 3754 3857 4990 5180 5430 5664 6173 6216 6359 6464 7751 8061 8143
605 374 409 1400 3606
606 4715 5247 5248 6568 8067
608 3317 7055 8495 10551
609 1186 2477 2750 4214 4700 5874
610 78 211 490 512 520 711 928 1117 1456 1709 2293 2587 2890 4013 4050 4062 4825 5031 5152 5584 5968 6990 7925 8984
611 3676 6752 7274 9713
612 438 628 711 713 1270 1271 1329 1331 1452 1459 1481 1630 1721 1745 1847 2964 4167 4806 4825 5987 6112 6814 6872 7537 8106 9223 10479
613 205 341 1302 1310 1404 2180 3634 3904 4621 5339 5834 9999
614 162 204 569 706 5460 5984 10353
615 504 1375 2555 2641
616 583 588 1727 4198 4452 4770
617 2237 8177 9046 9624
618 1329 1727 1893 1932 3610 5706 5942 5984 6724 6982 9166 9335 9386 9908 10137 10452
619 1704 5936 8338 9590
620 3588 5207 8941 9776
621 98 4687 5807 8935
622 305 7369 8674 8795
623 609 4797 8539 9758
624 2463 4349 5664 7385
625 707 914 1331 1721
626 1225 1340 4621 6825
627 2766 4337 5019 5947
629 351 6842 8843 10024
630 351 2369 3887 5984
631 1813 5392 6401 6626 6741 6830 7306 7850
632 1177 4990 5874 7832 8662
633 2054 7075 9709 9710 10502
634 35 138 211 218 706 717 766 774 1241 2498 2933 2943 3649
635 767 2927 9810 10181
636 1568 3818 4214 5540 7799 8818 8826 8987
637 5915 6194 8278 8638
638 1246 1518 3265 4935
639 569 579 6511 10189
640 5311 6560 6822 7519 9038
642 5650 5747 6148 8390
643 1065 2178 2785 3923
644 662 1144 1708 2555 2746 2901 2914 8806 9706 10272
645 1177 2293 5460 9441
646 1325 1459 1495 2614 5527 9683
648 276 7206 7353 9180
649 532 1343 4714 6597
650 514 522 3132 5535 5874 8146
651 187 191 1023 5021 5082 5984 6774 7401
652 1394 5694 6191 6937
653 2306 3599 4218 9453
654 148 917 1391 1393
655 4227 4622 5050 6509 7012 8168
656 542 2191 6009 6034 7054 8105
657 1858 5634 9561 10416
658 247 678 2773 3485 3956 10315
659 2583 3897 4493 6840
660 253 4234 4882 9260
661 4452 5214 5302 7175 7659 8376
662 236 865 4575 5925 7661 8476
663 7 19 2015 4461 7484 10241 10337
664 1263 1638 2428 8106
665 3576 5804 9206 9239
666 1932 4343 5828 6699
667 0 1981 4361 4521 5478 6323
668 24 1911 7612 7819
669 3451 8951 10138 10440
670 14 225 569 967 1087 1340 1346 2123 2772 3672 4301 4305 4391 5984 6645 7198 7572 8207 8343 8424 8648 8740
672 2 3020 4796 5381 5633 7093 7186 7857
673 307 674 1819 3917 9189
674 1459 4604 5724 5887
675 2293 2823 8369 10406
676 2043 2766 7405 7929
679 707 1329 1331 1464 2842
680 381 1001 1528 2766 4214 4779 5823 6831
682 1666 6741 7973 8039
683 1083 5544 5686 10346
684 1862 6647 8106 10379
685 1639 2490 5956 7066
686 1894 2067 3000 4517
687 1177 1344 2054 5654 6244 9240
688 579 1340 1868 9025
689 400 1966 4122 6656 8172 9673
690 2102 2195 6216 7813
691 1340 1726 1868 8369
692 502 707 1281 1329 1331 1721 4341 7568
693 1178 1246 1346 1703 2567 2640 2766 2938 3411 4452 5110 5466 5604 5905 6176
694 583 588 1246 1340 1568 2211 5871 8231 10533
695 583 3006 8231 10033
696 1137 4901 7554 10331
697 5779 6808 7133 7275 10239 10533
698 542 1666 5984 10000
699 149 204 1446 4261 4796
700 1330 2532 7054 7773 8938 9489
701 388 455 569 1633 2229 2785 5478 6070 6253 6324
702 2265 2555 5871 8642
703 1618 4198 4759 5586
704 154 538 1340 3749 5300 6715 7491
705 1489 3519 3792 8043 9934
706 1568 2229 5864 6958 8141 8471 8797 9932 10138
707 4198 4768 8765 9296
708 96 354 389 840 1223 2425 6055 7264
709 1319 1464 1832 2515 5716 6247
710 569 1340 1568 5436 5984 7579 8106
711 591 1186 1187 5970
712 1614 5396 7891 8764
713 6996 7029 7874 9753 10326
714 569 6499 9025 9537 9906 9979
715 579 2300 3000 3841 5831 6440
716 95 6376 8935 9171
717 1329 1331 1721 9010
718 77 95 2555 2817 3887 4242 4282 5512 9641
719 889 1858 2627 8039 8265
720 1862 3622 7071 8116
721 311 579 1710 1830 7874 8128 8722 8873 9493
722 34 2661 3000 6343 6914
723 583 3601 8103 8231
724 3132 3730 4306 5054 8153 8303
725 545 1505 1911 2563 3050 7179
726 1346 3719 4213 8116 9296 10060
727 361 2047 2123 2689
728 582 654 671 4289
729 569 721 2102 2542 3707 3803 3961
730 0 205 5746 7936
731 4198 4893 5460 5545
732 975 1245 2846 2957 3764 9384
733 249 3035 7567 8718
734 319 407 4452 6412
735 2796 3249 4482 7945 9132
737 1293 5721 7182 8382 9025
738 583 588 2004 3925
739 3830 9202 9493 10424
740 302 1943 2250 2914 3854 5197 8970 8974 9990
741 1813 1868 2274 9542
742 1294 5863 5984 9347
743 5984 8797 8991 10117
744 1340 1868 4243 5871
745 707 1329 1331 1721
746 957 3830 8639 8764 9458
747 168 1256 4417 4731
748 9481 9800 9813 10499
750 351 6830 7054 8116 8723 10290
751 428 1255 2377 10533
752 900 4796 5984 6278
753 184 583 588 5001
754 1727 4462 4686 10512
755 543 569 728 1278 1330 1568 1727 2043 2457 2766 4198 4446 5460 8103
756 501 1394 4198 5707
757 2950 4565 4784 7833
758 808 1340 4198 5747
759 2936 5641 7758 7931 8609
760 1346 1705 2042 2782 3754 6034 6091 7006
761 1773 3020 6377 8106
762 381 1548 4452 10069
763 583 588 2746 5430 5874 7685 7833 8273 9589
764 366 520 561 1459 4061 5062 5460 7050
765 6826 7022 8400 9386
766 408 1815 2860 4324 6276 7437
769 1299 1359 1731 4198 4400 5929
770 275 588 1027 2046 7616 8231 8444 8554 9025 9329 9642 10576
771 1310 2565 6741 9493
772 569 4834 7832 8754
773 1845 5338 5378 9679
774 625 6135 6889 10331
775 548 1330 1494 1710 2195 4590 5047 6003 7289 7461 9761 10136
776 930 1666 7024 10237
777 381 554 5460 10373
779 318 324 4833 6439
780 8103 8718 9124 9216
781 14 6038 8919 9089
784 6701 6741 9329 10533
785 1482 3000 6028 6664 8219
786 2302 4405 5672 7438
787 1874 5535 9380 10174
788 538 579 2589 9735
789 160 641 1570 2320 4768 5079 5946 7003 7159 7576
790 6429 6577 6884 7262
791 1152 1308 3726 5555 9536
793 350 1727 9906 10583
794 374 1905 3564 3935 8762 9005
795 149 2042 5382 5432 6958 7205 8103
796 381 1882 8039 8929
797 641 1223 1932 2958
798 353 362 706 1569 1776 1868 2744 10330
799 2380 2402 4994 5811
800 199 1727 2047 2068 2961 4224 5524 5984 6206 8650
801 450 460 3645 7847
802 520 2091 5721 6247
803 301 406 652 1001
805 60 1096 9806 9818
806 3676 7137 7746 8415 9462
807 2470 3588 3992 4700 7004 7294
808 1082 2649 2811 5683 5693 5982
809 306 1255 2621 4349
810 4726 6055 7237 7367
811 1239 4680 4972 7754 8378
812 1457 2565 4634 6178 6876 7129 7881 8459 8536 8718 9415 9811 9928
814 2390 5943 7506 9733
815 2408 4732 5502 8415
816 1121 1374 2894 7065 7099 10113 10551
817 5672 7891 9208 9981
818 3 449 6486 8939
820 707 1331 1721 2508
821 1404 1612 1959 8415
822 1561 2046 2597 6775
823 1705 3803 4198 6664
825 2283 5823 8463 9535 10212 10238
826 351 707 1331 1568
827 118 662 1732 1790 3747 6426 7152 7886
829 707 1331 1721 9543
831 1552 2688 4198 7324
833 1951 1979 2280 3409
834 780 947 1156 1728 2560 2579
835 77 1550 2031 2124 7925
836 392 520 2150 2195 2499 4388 4700 7246 10190 10292
837 4510 5456 5973 6399
838 583 588 1070 2253 5634 7692 8273 9493 9661
839 1457 2055 4961 6957
840 707 1329 1721 6020
841 767 790 1007 2440 5456 6902 8074 9159
842 2621 4869 5460 5984 6069 8315 9493
843 352 354 1178 1346 1773 1868 6156
844 569 579 2521 3025 3033
845 351 3286 5874 5984
846 1281 2565 2823 4584
847 585 2802 3869 4214 4391 4731 6699 7636
849 19 20 952 7075
850 583 588 1347 1568 8106
851 1576 4726 6918 7119 8671
852 2153 7084 7784 9885
854 707 1329 1330 1340 1710 1721 3822 4214 4245 4589 5553
855 273 274 1927 10199
856 641 1394 1726 5746 5951 6985 8106
857 275 3431 6776 8039 10461
858 990 1879 1902 2082 2903
859 361 503 507 583 588 1404 1894 2576 2960 2983 3442 4110 4239 4879 4922 5870 6194 7266
860 3043 8424 8569 8958 9032 10576
861 1257 4475 4603 7692 8875
862 545 1149 8981 9755
863 96 1962 5211 5430
864 1868 2229 5988 6394 9563 10007
865 3781 6600 8693 9098
866 5917 6850 7747 9958
867 2105 3727 5001 8556
868 187 2843 3610 4214 5812 5929 6076 6333 7823 7990 8499 8784 9386
869 459 1319 1672 1733 3277 3340 3931 4768 5929 6079 7484 7542 7909 9386
870 381 511 1854 1932
871 719 1858 7194 8128 8160
872 1568 1932 2178 5874
873 722 2153 4622 4684
874 422 2560 7509 8060
875 36 3984 4592 7952
877 674 2457 3911 5609
878 621 1727 2740 4836 10120
879 193 362 1711 7886
880 635 1177 2590 7481
881 482 1340 1856 1868 1894 6715
882 707 1329 1331 1721
883 2455 7135 8043 9733
884 9 500 1098 5336
885 1122 2293 3973 7008
886 490 4391 5348 6892 7237 8881
887 1444 5535 6014 7821 8263 8819
888 526 1894 2077 3264
889 3321 4425 4426 5498
890 5313 8025 8315 8498 9135
891 569 2295 3551 7628
892 412 485 662 707 1329 1721 1930 2590
893 523 635 2590 4149
894 348 1177 2074 5249 6640 7454
895 34 641 1404 1666 5643 6846
896 1028 1029 2047 6797 7043 7435 7591 7663 7833 8087 8092 8264 8729 10031 10252 10253 10275 10286
897 583 1177 8231 9355
898 351 569 1340 8106
899 707 1329 1331 1721
900 1331 1340 1721 1868 2207
901 1346 1568 5460 5535
902 479 722 784 1650 1936 4095 4525 6521 6686 9518
903 260 3519 5788 9537
904 635 6522 6565 7143 7747 9556
905 1404 9546 9576 9845
907 161 2707 2824 6624 8919 9289
908 3683 4198 5037 6052 8103
909 1239 1446 3000 9493 10435
910 6876 8740 9280 10060
911 1404 1862 2300 2653
912 1404 1531 2264 2358 2365 8381
913 39 1845 9122 9405 10166
914 579 5672 10140 10319
915 14 1576 1666 6832
916 359 2658 3560 9151 10118
918 946 1392 5460 5634
919 123 2240 2856 5545 6686 7027 8631 9223
920 8959 9012 9083 9768
921 130 4214 5300 5481 7327 8129 9539
922 23 439 579 1331 1721 1930 3986 6525 6989 7289 7402 7765 8343 8840
923 2868 8800 8828 9346
924 545 1597 7338 9559
925 1007 1673 6272 8620
926 707 1329 1331 3318
927 264 769 770 951 5113 6331 6358 6432 7875 8315 8807 9893 10498
928 707 1329 1331 1721
930 187 1280 2920 5302
931 2162 4665 9660 10400
934 1463 4875 8051 9071 9782
935 569 583 3681 5984 8231
936 1269 2237 6455 9025 10003 10608
937 3129 3146 5761 6982
938 2845 2996 4700 9160 9972
939 76 706 1979 4417
940 149 204 361 4462 4563 5424
941 1249 1425 1625 4020 4680
942 1346 1545 2306 6070 7582 8918 10487
943 1018 1727 5747 6242 7934 8106 8511 8555
944 1937 3006 9084 10033
946 118 5414 8986 9148
949 2060 2849 2856 3079 4350 6673 6968 8535 9429
950 2051 3986 4810 7289 8795 10394
951 520 9441 10062 10500
952 603 3513 5912 8919 9177
953 1443 4736 5153 5747
954 632 1174 2566 2567 8133 8946
955 118 3000 9134 9430
956 14 696 1568 8622
957 437 1285 1404 1407 2772 2773 4407 5545 5547 5564 5601 6299 7900
958 1642 1868 3342 4391
959 24 1665 4745 6124
960 1329 1331 1721 6560
961 4364 5984 6264 6566
962 164 2197 2775 2985 4328
963 199 583 2122 8231
964 351 2548 2861 8630
965 1311 2936 5460 5747 8162 9639
966 2505 2548 5382 10440
967 3372 4581 5856 6699
968 583 1728 1894 2625 2777 4350 4399 5379 5541 5811 6335 7160 7428
969 569 1340 1868 2859 4698 6494 6592 9896
970 5721 6394 8910 8911
971 2122 3502 4767 7166 8103 8106
972 2457 3838 3839 4395
973 1404 3421 4053 4364 4975 5134 5219 5386 5677 5994 6440 7594 8662
975 1246 3975 6695 6891 6918
976 449 8625 9768 10534
977 5053 6701 9275 10159
978 625 848 874 3118
979 775 7093 7411 8137
981 470 1450 2240 6540 6964 7145 7262 7777 8494 8795 8873 9367 10545
982 508 1440 1822 4542 6934
983 36 486 1528 1910 2565 2766 3369 3779 3955 4035 4344 4539 5319 5744 5777 6775 7401 9339 9380 10400
984 1186 1394 4650 7876 8039 8499
985 1708 2154 5085 5389 6645 8856 9539 10215
986 469 490 811 1666 4700 5535 5678 5846 7418 8620
987 1152 5984 6958 9025
988 1355 7054 8481 8795
989 583 588 6238 8385
990 202 1459 1558 5460 8343
991 1007 1246 3615 10389
992 1027 2744 4915 8676
993 763 1156 4700 10239
995 381 389 1854 2070 2265 2565 3050 3576 3928 4452 4719 5217 5874 6817 7054 8066 8625 10120
996 784 1587 2000 2940 5658
997 2127 3742 4001 4344
999 784 1446 1550 1731 3938 5471 9714 9885 10346 10533 10576
1000 1340 1456 1459 1868 2033 2744
1002 234 1256 7186 8173 10069
1003 2162 3342 4667 4680
1004 583 588 4719 8231
1006 583 588 2672 7072
1007 420 3467 8563 8731 9179 9733
1009 587 7298 7300 8159
1010 542 1293 1327 2047 2123 3346 4108 4771 4965 5747 6108 6429 6508 6889 7095 7492 7786 8250 8252 8303 8349 8717 9495 9773
1011 1581 5197 5425 6989 9275 9653
1012 67 808 2162 2784 2983 3385 3638 4783 5492 5627 5688 8782
1013 211 598 1932 6253
1014 240 1813 2993 3982 4532 4649 6831 9280
1016 2660 5338 6775 7056
1017 520 7423 10232 10263
1018 3249 4417 4891 5536
1019 4198 7175 8722 9023
1020 1989 3674 5316 5496
1021 5837 6088 9243 9440
1022 662 6653 8533 8765
1023 149 204 342 7376
1024 136 215 986 2391 3120 3877
1025 588 4577 8231 9817
1026 3576 4582 6699 6775
1028 678 3792 5217 6136
1029 569 4830 4990 8106
1030 707 1329 1331 8556
1031 641 1568 1694 2560 3259 5719 5823
1032 3006 5396 6391 10033
1033 765 1246 2095 2563 3575 3792 4214
1034 2059 4098 5478 9884
1035 164 1284 1340 1395 1568 1666 1858 1932 2067 2178 2454 2497 2661 2717 3691 5301 5678 6081 6253 6276 6465 7891 8106 9630
1036 6546 9002 9019 9236
1037 3783 7934 8494 9795
1038 34 260 1891 1912 2257 2293 2841 3451 4214 5043 9499
1039 381 1858 7376 8039
1040 381 1329 1526 1721 3051 3728 3937 4700 4938 5984 6565 6992 7144 8636 9303 10487
1041 1932 2398 3551 3850 4405 4674
1043 1523 1715 5823 5871 5909
1044 1340 1868 6115 10447
1045 4046 5217 6117 6734
1046 1727 6049 7891 8442
1047 6220 7447 7803 10205
1048 193 2021 2272 5368
1049 1280 3588 4705 4875 5041 5315
1050 3928 6385 9782 10084
1051 628 4862 5698 7925 8549 9979
1052 924 6825 7054 7997 8103 8817
1053 219 337 520 1523 5098 9212
1054 2127 2590 4811 8184 10488
1055 24 381 641 3136 3707 4198 4199
1056 619 2179 2738 7977 9005 9375 9522 10358
1057 569 4249 5042 5319
1058 2119 2811 2878 4974 7229 8444 9031 10169
1059 79 1003 1030 1340 1868
1060 3453 4584 6003 8921
1061 48 2769 4280 4322 8474
1062 342 1813 2835 8106
1063 625 669 2631 8090
1064 420 4338 4959 9733
1065 707 1329 1331 5482
1066 102 2583 7134 9202
1067 356 687 1329 1331 1721 3050 3986 4055 4719 4768 5984
1068 7096 7226 8187 9493
1069 2625 6612 7264 7787 8004 9166
1070 82 216 612 615 769 1666 2718 4346 7339
1071 5346 6975 9890 10534
1072 1145 2047 3790 5721 7691 7699 8065
1073 56 413 467 1845 2981 5009 9816
1074 345 3908 5644 5672
1075 697 2082 3048 4566 5868 6844 9765 10393
1076 611 1864 3122 3721 4252 4525
1077 6061 6719 6831 9762
1079 711 3216 5302 7423 7684
1081 474 511 863 1177 2989 5064 5746
1082 583 588 5079 8231
1083 2042 5352 7944 9385
1084 2845 3439 3827 4700 6762
1085 6522 7140 9982 10433
1086 211 4858 5966 6794 7377 9240
1088 24 579 1018 2364 4275 10544
1089 381 1340 1868 6982
1090 1346 5883 9470 10061
1091 3091 6544 6546 6561 6598 6601 7758 9337
1092 1329 1331 1721 9025
1093 2178 5338 6990 8986 10135
1094 351 1329 1331 1721 2009
1095 5719 7845 8143 9539 10298 10321
1096 2634 2661 4261 6894 7096
1098 4350 6503 9151 9638 10400 10403
1099 472 839 942 1394 2385 2893 3691 4700 5609 8443 8541 8588
1100 1617 5284 7994 8731
1101 1330 1710 2985 3286 8506 9297 10106
1102 216 374 376 995 1014
1103 588 2960 6305 8231
1104 155 258 2194 3170 6071 6546 6553 7104 7672 7950 8402 9062 9121 10094 10095 10100
1105 2162 2849 4349 4629 8560 10125
1106 305 348 583 1149 1727 2538 2689 3653 3726 3986 6162 6860 8273 9537 9906
1107 3502 8106 8522 9162
1108 579 682 845 1923
1110 520 4198 6612 7004 9335
1111 1446 2576 3567 7031
1112 1774 2506 4869 5481
1113 1228 1347 1568 1868 2240 9235
1114 538 1894 5176 6359
1115 604 914 3556 4675
1116 2583 9481 9885 10408
1117 276 298 508 528 1339 1841 1894 3043 3423 3463 4043 4633 4667 5844 6154 7496 8067 9687 9781 9852
1118 444 707 1329 1331 7222
1119 6253 7832 9166 9802
1120 447 3269 5823 7828
1121 1497 2590 2850 3139 3841 5075 6156 6376 8103 8750
1122 99 554 4883 9556
1123 641 5719 6982 9329
1124 1346 1407 5460 7936
1125 205 1630 1633 2105 4495 5721 7837 8103 9128
1127 463 1213 1582 8103
1128 0 4020 8375 9481
1129 274 583 2047 5708 8103 8231
1130 1907 2796 4280 6038
1131 2078 2079 5054 5535
1132 32 814 3000 3111 7621 8873 9528 9991
1133 24 583 588 3680 4020 6199 8605 10060 10090 10143
1134 2047 5460 6804 10020
1135 1213 5089 10330 10556
1136 612 707 1331 1463 1704 1721 7075 10266
1137 253 2884 5837 7424 7782
1138 765 4631 4724 5531
1139 1122 2264 3135 4462 8846
1140 800 1864 2495 2676 5359
1141 707 1329 1331 6645
1144 10291 10302 10423 10530
1145 1568 1618 4198 7868
1146 538 641 4208 5672 7672 9271
1147 4665 6230 7215 9166
1148 635 2094 4260 4532 5845 6497 6505 6560 7737 9982
1149 1727 7934 10145 10316
1150 5506 6941 8223 8424
1151 351 540 662 1139 1595 2620 4193 4269 4748 5084 6024 6900 7897
1152 707 1329 1721 6001
1153 1606 2652 4276 4535 4816 7687
1154 0 8665 9240 9532
1155 6958 9589 9806 9885
1156 651 1727 1932 4198 4665 6001
1157 2684 3967 7572 7831
1158 2494 8156 9333 10147
1160 824 2950 3744 5407 8704
1161 1831 3235 6207 9493
1162 321 578 610 1100 1537 1668 1994 3772 7974
1163 181 381 422 446 448 511 583 588 606 641 1167 1177 1314 1329 1340 1394 1410 1459 1471 1482 1568 1576 1585 1847 1868 1932 2380 2505 2640 2652 2726 2876 3034 3039 3242 3248 3811 3893 3977 4063 4653 4931 5851 5874 6029 6100 6402 6523 6535 6546 6558 6577 6590 6638 6643 6667 7205 7514 7628 7692 7876 8106 8231 8554
1165 63 1695 5775 6700 9005
1166 2 355 545 1568 1722 2042 2046 2195 2391 2563 2565 2931 4582 4584 4700 5680 5812 6363 6947 7208 8106 8239 8338 8415 8625 8842 8853 9032 9240 9515 9723 9972 10440 10464 10539
1167 1195 4906 6212 7006 7175
1168 579 1280 2100 2900 5489 5596 7282 9485 10462
1169 6695 7354 7942 8417
1170 25 5395 8611 8873
1171 419 2764 2867 2942 3878 5570 8242
1172 226 255 352 601 1932 4687 6896 6982 8935 8938
1173 490 588 5657 8541
1174 520 569 1152 1178 1568 2062 2110 2590 2695 3436 3932 4532 4818 5979 8106
1175 583 1972 2843 5742
1176 34 351 4475 5356 5823 8039 9849
1177 538 1066 3668 8356
1178 2009 2420 5452 9025
1179 694 4584 4585 7881
1180 1004 1682 2371 2949 8626 10005
1181 1246 1446 3817 5029
1182 514 522 4768 5823
1183 707 1331 1721 3574
1184 2555 2583 2792 3830 10533
1185 707 1329 1331 4770 4825 6496
1186 711 4066 4627 7620
1187 668 824 4629 8786
1188 173 207 511 538 579 606 1727 2544 6247 6717 7937 9782 10365
1189 470 579 649 1340 2696 5724 5984 6003 6429 6876 8735
1190 1293 3588 5914 8754
1191 1177 4198 6377 6985
1192 1727 1919 6686 7096 7668 8314
1193 7937 9389 10384 10550
1194 381 545 715 1762 2589 3968 5434 6108 7068 7402
1195 427 4663 5787 6457 7164
1196 214 2657 4486 4756 8382
1200 5755 6699 7084 9569
1201 299 1280 3471 3519 3792 4235 9520 9592
1202 273 274 766 5460
1203 202 390 579 1439 5672 5721
1204 1643 4474 4924 7552
1205 1644 5802 8495 8726 10181
1206 1568 6003 6958 7054
1207 1256 2740 4700 6682 8975
1208 1619 2165 5609 6265
1209 3086 6215 9685 9878
1210 569 1329 1331 1721
1211 1246 1446 3000 4198 6740 8402 9410 9804 10143 10492
1212 67 229 1246 3366 3645 5946 5947 7567
1213 583 588 1269 9983
1214 2650 2704 3346 3790 6831 7099 7135 7168 8996
1215 467 635 1314 2162 2766 4048 4063 4068 4862 5818 6036 6194 7484 7925
1216 719 1796 2457 4867
1217 1534 1955 4960 7897
1218 3318 6337 7678 9386
1219 1754 1932 8402 10055 10164
1220 164 4537 8951 9216
1221 160 351 1868 2043 2059 4030 4110 4192 4556 5395 6401
1222 1319 2293 7937 8717
1223 1308 4533 7215 7796 8106 8223 9276 10258
1224 1862 3080 4475 9059
1225 2631 3900 8799 8804
1226 583 588 641 5721
1227 4994 7163 8194 9885
1228 569 707 1331 2884 6985 8236
1229 5300 5397 6385 9240 9745
1230 7819 7823 9200 10331
1231 969 3485 5190 6723
1232 641 707 1329 1331 7187 7219
1233 707 1329 1331 1721 3547 5823 6284 8511 8779
1234 2293 4198 5333 7376
1235 1707 2425 2555 2633 7506 8575 8582 9106 9809 10533
1236 2555 3502 3634 5820 7054 9295 9381 10239
1238 149 204 542 10521
1239 808 1894 2098 2262
1240 149 204 1346 1868 2876
1241 1177 3017 5746 6846
1242 2975 7964 8795 9570
1243 102 1130 2120 2555 4565 5338 6808 7569
1244 1330 2228 4768 5316 6968 8855
1245 1650 4261 5180 8305 8591 10398
1246 351 707 1331 1721
1247 1528 2866 2964 7340
1248 273 274 4245 5349
1249 707 1329 1340 1721
1250 863 1123 8509 8832
1251 24 1727 3730 5460 6583 8382 9588 9600 9871 10127 10156 10516
1252 588 1708 2411 5417
1253 1394 3724 4472 5523 6701 7202 9782 10337
1254 1067 1343 1666 6150
1255 138 331 1711 10007
1256 722 1280 6876 8608
1257 588 5460 5995 6593
1258 7093 7573 7619 9386 9908 10325
1259 634 6418 8106 9588
1260 2355 2660 3139 3538 3792 5129
1261 311 1404 1815 4891 5396
1262 63 4969 6700 6836
1263 588 641 1980 8231
1264 7289 7725 8582 10145
1265 362 2238 9097 9515 9529 9952
1266 1868 1932 4198 9043
1267 727 1266 4623 4967 4988
1268 5371 5586 8822 10007
1270 1609 2484 2581 3163
1271 641 707 1329 1340 1347 1721 1868 2280
1272 269 5721 7131 8601
1274 38 2122 6051 6882 8083 9042 9416 9716
1275 149 583 1568 2178 3150 3346
1276 1293 2457 7127 9411
1277 1701 1979 2690 5988 7160 7258 7377 8065
1278 355 2236 7633 9459
1279 1329 1331 1721 9161
1281 176 2580 3615 5688 5929 6512 6673 7211 7909 10042 10266 10271 10411
1282 1229 4270 5308 8106
1283 1340 1568 5584 6715 10374 10432 10530 10556
1285 273 1911 2118 2541 3676
1286 583 2590 3793 4162 4563
1287 86 579 707 711 1329 1331 1337 1721 2369 2726 2815 2830 2942 4019 4045 4634 5815 5874 6084 6876 7026 7576 7786 7986 8091 8344 9025 9160 9328
1288 728 1635 1857 4214 4432 6640 7304
1289 412 622 1281 1560 4691 4700 7677 10260
1290 34 38 2951 3297 5491
1291 1831 2124 2583 3263 4974 5536 5678 5846
1293 1346 3700 4879 7721
1295 24 43 381 6699
1296 318 407 857 866 908
1297 179 1727 1932 4198
1298 181 261 1893 5460 6593 6958
1299 4103 6030 7176 9296 10060
1300 583 588 4214 5302 6755 7423
1301 652 767 2447 5114
1302 285 369 374 409 418 697 707 1331 1721 2391 4762 5438 6905 7569 7932 7933 8207 8729 8786
1303 175 579 1484 2265 3691 5460 8200 8636 9240 10095
1304 836 1007 1402 5711
1306 305 1177 1348 5556 7740 8714
1307 96 651 1346 1347 4020 5730 5863 6985
1308 149 579 1340 5604 5672 6108 8777
1309 833 1346 2658 6958 9128 10106
1310 4700 7799 9723 10123
1311 606 6108 6643 10394
1313 1329 1331 1721 8106
1314 1223 3019 5747 7772 8039
1315 4401 4464 5424 5807 6489 7758
1316 1423 2491 3859 4292 5353
1317 353 2650 2796 3254 3258 3857 4772 4784 8036 9636
1318 77 1246 7402 9493
1319 608 931 946 3080 4035 4051 7996
1320 2153 2173 5313 5543 9517
1322 2596 4974 5124 6301
1323 183 606 3899 6590 6824 8127
1324 1256 1888 2364 5604 6178
1327 315 1205 1788 1789 2409 2653 3345 5423 7484 7956 8039 9832 9885 10062 10168
1328 1463 6831 7089 9214
1329 5890 5914 7199 9581 10552
1330 1340 2876 3020 8104 10271
1331 6267 6841 7423 10573
1332 117 2801 2893 4362
1333 3453 5460 5516 6311 8304 9277
1334 1930 3935 4271 6247
1335 1213 4687 6212 6876 7876
1336 19 20 1560 1666
1337 569 1340 1868 2454
1338 8285 8449 9428 9429
1339 1528 2448 2567 7779 7783
1340 268 2958 5994 9124
1341 348 579 1597 6522 6754 8718 9254
1343 352 2630 2706 4830 6494 7208 8448
1344 1067 1960 2264 2368 2656
1345 3249 4588 8765 9052 10177
1346 569 4198 5460 6959
1347 4678 5478 5642 8663
1348 1391 1392 2391 5823
1349 427 3126 4699 6115 7634
1350 717 1568 4182 7554
1351 1122 2124 2877 3692 6051 6075 6729 8401 8496 8935
1352 95 2511 9733 9813
1353 366 1144 1269 6664 7180 7338 8369 8516
1354 95 2162 2555 2766 3000 5837 5874 6494 6701 7894 8229 9874 10202
1355 1866 2668 8751 9403
1356 1329 1331 1721 7585
1357 30 4974 7382 7942
1358 1665 1943 2103 3698
1359 2773 2938 9184 10120
1360 331 2649 3147 9558
1362 5 641 917 1666 3420 7750
1363 75 424 2434 6982
1364 1319 5716 8249 9906
1365 4472 8033 8918 9431
1366 3006 7438 8141 10033
1367 455 621 1388 1597 2125 2210 2368 2840 3747 3805 4450 8105 8345 9290
1368 1464 1711 7627 8272
1369 8012 8219 9025 9856
1370 297 540 2772 3755 8103
1371 588 4199 5380 5644
1372 31 525 8018 8452
1373 2370 2755 3189 5864 8471 10395
1374 711 1462 1464 2826
1375 583 588 1566 1775 5984 7338
1376 1564 2217 3451 5833 7009
1378 488 5657 9329 9872 10239
1379 1281 1337 10145 10316
1380 492 546 3775 3802 4508 7065 8651
1381 583 588 7641 8231 9879 10078
1382 1523 2756 4082 6718 8248 8249 8250
1383 6182 6990 8415 9335
1384 359 469 4205 4748 4836 4922 5535 5721
1386 701 1285 1637 3126 5524 8867
1387 707 1329 1355 1570 1721 8106
1388 1446 1744 2579 10178
1389 969 1570 7731 7817
1390 1434 1708 2120 3258
1391 706 2065 8711 9863
1392 66 3670 8026 9885
1393 204 455 1269 1329 1331 1721 2042 2095 2815 4573
1394 311 8471 9163 10589
1395 1179 5047 6605 8619 8910
1396 5789 7003 8795 8919
1397 155 494 538 641 1157 1340
1399 1151 1932 2529 5478
1400 579 707 765 1329 1331 5489 6005 7818 9485 9490 9492 9558 10243
1401 29 207 2884 5721 6958 9515 10423
1402 353 583 6311 8332 8691 9205 10482
1403 354 1311 4719 8809
1404 1340 1346 1868 9151
1405 35 207 579 632 1023 2115 2565 2843 4603 4719 4821 4825 5423 5460 5604 5929 6003 6205 6717 7136 7537 7937 8162 9589
1406 5 1027 1301 1383 3010 8106 9923
1407 210 1708 1940 3886
1408 6565 7756 8206 8403
1409 1070 1512 4556 5347
1410 1329 1331 1721 8343
1411 2998 8343 8902 9692
1412 18 583 588 641 1340 2180 2583 2855 2993 3587 3764 3802 3889 4972 6327 7266
1413 583 1824 2088 8273
1414 4214 6579 6775 6947 7987 9493 10007
1415 3558 3601 6689 8650
1416 569 1725 1727 4198
1417 211 1210 3970 4537 4638 4909 5302 6072 7484 8959
1418 1340 1342 1868 4573
1419 913 2230 4695 5772
1420 3144 3295 4417 5532 5695 9991
1421 1340 1868 6942 7131
1423 1175 4198 6903 8690
1424 4915 6577 6701 10138
1425 208 7205 7891 10482
1426 149 204 668 860 6265 8104
1427 579 1727 5672 7242 7762
1428 903 4203 8532 9122
1430 1423 3000 4397 5543 7352 10041 10076 10382
1432 1930 5663 6701 9950
1433 1213 4405 4834 8765
1434 204 1989 2074 2689 3346 8231
1435 149 204 569 9240
1436 7934 8236 8413 8424
1438 824 2019 2567 2655 2704 3293 4249 4565 6426 8106 8447 9588
1439 351 366 1468 1576 1868 4431 4772 4825 5723 5724 10334
1440 5604 6003 7054 9441
1441 351 359 850 1257 2815 4427 4461 7475
1442 589 662 1310 2627 5556 6951 7638 7834
1443 118 119 1593 1743 1990 2481 6941 10355
1444 1204 5250 6905 7783
1445 366 707 1331 1721 1943 8105
1446 2305 3683 6825 8103 8704
1447 488 1498 3247 4700 5721 7401 7817 7910 8156 8415 10428
1448 178 1178 2078 4906 5233 5460 6701 9151
1449 6118 6577 6822 7307
1450 173 990 1568 3393 4214 4869 5491 7542 7673 8149 8444
1451 1878 4114 4135 4687 7273 10413
1452 49 305 583 706 1142 1144 3748 3769 4655 4990 5721 6379 8318 9190
1453 3975 5634 7402 8375
1454 38 42 276 2860 5420 7598 7650 10104
1455 7 45 2745 7663 7833 10241 10355 10499
1456 588 4147 8250 8711
1457 569 2875 5823 6003
1458 1705 2853 4768 7159 8106
1459 1173 2576 5203 5503 7847 9161 9539
1460 1340 1347 1868 4198
1461 569 707 1096 1331 2673 2674
1462 36 444 540 2558 2576 2964 3051 4809 5397 5654 5716 6958 9919 10400 10411
1464 1329 1469 1721 1773 2563 4332 5721 7909
1465 3996 6394 6611 7532 7574 8795
1466 2563 2589 6450 8829 9859
1467 25 311 2169 2293 3006 5460 6247 7335 7703 10033
1468 1451 1727 4770 9492
1469 520 1340 1868 8103 8704 8711
1470 604 917 1392 3556
1471 1340 1868 5643 5990 7465 8353
1472 225 643 837 2654 3488 9885
1473 165 586 588 7935
1474 2958 3344 7506 9733 10047
1477 839 929 1000 1683 1723 6295 6298 6305 6530
1478 887 2162 4862 6002
1479 92 339 422 1173 1177 1229 1526 1528 2403 2766 4081 4214 4409 6420 6621 6764 8176 9329 9363 9380 10199
1480 885 886 887 1722
1481 95 4020 5664 7306
1483 1340 1868 1980 3542 5639 6401
1484 1340 1868 1920 2015 6073 7861 9115 10147
1485 2724 8738 9045 9525 10162
1486 490 1446 2803 5657 7491
1487 511 1523 1905 3935
1488 583 588 1294 1404 1809 3394 5194 8344
1489 1329 1331 1721 10108 10514
1490 245 2436 3487 3488 3491 3492 4114 5190 7312 8745
1491 2579 2886 3890 4691
1492 583 1340 2059 3144 3892 4636 5043 5292 6941 7598 8136
1494 5823 5924 6806 7891
1495 554 662 1448 3240 3551 8212
1496 1255 1727 2621 2856 6194
1497 2042 4405 5807 9049
1499 1177 2534 3919 4348 4380 8237
1500 1666 1932 2627 2897 5686
1501 211 629 650 2193 6522 6547
1502 4382 5007 6107 6108
1503 1662 1846 3000 10231
1504 311 2960 4198 4589 8402 8711
1505 707 1329 1721 3550
1506 211 587 1284 1474
1508 234 2092 2692 5422 6182 10000
1509 6568 7233 8536 10094
1510 569 1711 3151 7908
1512 1790 3319 6260 10335
1513 931 1099 5575 8415
1514 65 361 645 1342 1356 2565 2688 2763 3496 3609 3748 4392 5053 5333 7284 7405 8586 8910 8948 9174 9363 10137
1515 1980 5079 10264 10279
1516 2236 2240 4582 7175 9546
1518 3085 5300 5718 7123 7645 10085
1519 2640 5460 5578 6940 7832 10120
1520 2849 2927 3657 6332 8721
1521 1930 7523 7688 8524
1522 707 1331 1721 4205
1523 178 2434 4269 4623 5080 5667 6131 9301 9766 9927 10196
1524 37 2524 4504 4971 5622 6309 7491 7721 7864 8393
1526 3234 5630 9359 9658
1527 420 2134 5943 9338 9518 10548
1528 1345 3940 4226 6507 6885 7103 7720
1529 1676 7823 8365 10049 10263 10445
1530 276 506 3802 4936
1531 1910 7263 8873 9025
1532 359 1893 3079 5179 6809 7569 9005 9148 9329
1533 2240 3787 4051 5922 8947 9588
1535 1878 6822 8255 8764 9036 9859 10238
1536 4351 5223 8343 9240
1537 629 8036 10051 10498
1538 5423 6049 6102 6259 6518 7587
1539 7684 8344 8588 9875
1540 569 1568 2497 3000 8555 9311 9885
1541 1177 4843 6982 8033
1542 190 6136 6920 7799 7819 10591
1543 1617 2009 2123 2746 5721 6831
1544 583 1169 1260 1617 1833 2814 3079 4357 4700 5016 5181 5244 7229 7291 8231 8555
1545 273 313 1610 2049 2122 2698 2815 4282 5400 5875 5919 5985 7484
1546 2958 6453 7925 9588
1547 707 1329 1331 6076
1548 2489 3315 8424 9025 9405 10206
1549 583 588 1715 2320 3994 5553 7131 7997 8103 8231
1550 1191 1597 5422 6701 9861
1551 5265 6310 9476 9649 10243 10575
1552 1078 1387 1862 1863
1554 1387 4838 5318 6167 7417 8319 8448 9140
1555 3342 5270 7122 7169 7940 8634
1556 208 3143 3699 4204
1557 2457 7973 9216 9967
1558 103 1732 3640 5229 7041 7855
1559 1187 1193 1327 2115 2155 3032 4566 8894
1560 703 2042 2603 4589 5460 7004 8844
1561 668 979 2252 3962 4919 8152
1562 707 1329 1331 1721
1563 867 1006 7624 8511
1564 318 587 1441 1726 4368
1566 7096 7198 7402 9997
1567 14 258 289 358 1451 1456 1569 1652 1764 2069 2626 2960 3025 3033 5460 5543 5724 7078 8278 9112
1568 583 2004 8103 8231
1569 821 1833 4258 6965
1570 351 700 3896 7294 8209 10077
1572 819 1007 4526 5984 6076 6964
1573 76 595 1048 2593 3774 6307
1574 6087 8958 9240 9441
1575 351 511 583 588 5141 5382 5436
1577 1739 2377 7402 9662
1578 1396 2125 2845 5482 5708
1579 1459 1494 7419 8359
1580 311 3094 3950 8667
1581 4768 4860 6247 8106
1583 9 251 257 2732 2890 2992 3421 3986 4832 5194 5839 6301 6754
1584 1125 3883 6319 7627 7672 7924
1585 2574 3423 6784 7447
1586 226 303 1375 1989 2452 2689 4214 8624
1587 4193 7209 7489 7708 8866 9493 9873 10462
1588 1666 2065 2804 4764 5519 5659 8652
1589 143 252 579 862 1387 1862 4469 10477
1590 569 635 3841 5242 6247 8769 10041 10611
1591 2563 2820 4584 4585 5553 9372
1592 354 6806 6830 6991
1593 357 1711 2740 3502
1594 1568 3346 3886 7266 7569
1595 850 1263 3423 7807
1597 3803 4301 7159 8032 10070
1598 380 564 2958 7019
1600 8609 10147 10251 10514
1601 1404 1568 7465 7821
1602 3003 5851 8522 10266
1603 351 381 511 10142
1604 707 1177 1331 1340 1868 9856
1605 269 348 5984 6229 6589 6699
1606 154 588 8106 8231 8390 9692 10340
1608 467 3262 5287 5863
1609 1125 3702 5034 6982
1610 7131 7579 8260 8511
1611 355 763 3502 6442
1612 5672 5871 6547 6555 6590
1613 5481 6025 6038 6809 7109 7402 9493
1615 307 548 569 898 1240 1377 1378 1568 1956 2293 2732 3168 3178 3190 4368 4674 4692 4905 5466 6108 6138 6701 7376 7796 7835 8477 9680
1616 417 4915 5126 6110
1617 160 5936 8236 9766
1618 1094 2302 5984 8074
1619 641 1868 2689 8106
1620 4020 7402 8375 9468
1621 1446 2569 2886 4582
1622 5535 6247 7211 9386
1623 1468 2412 2642 3356 9537
1624 1144 2874 3909 6060 7203 8106 8454
1625 1290 1394 2621 2801 3645 3646 4125 4391 5491 6958
1629 103 211 3519 3792 6259
1631 706 967 1155 1177 1369 1372 1617 1803 1868 2541 2555 2772 5721 8573 9277 10090
1632 311 571 588 8273 8817 8844
1633 1329 1331 1721 1881
1634 2057 2590 4529 5158 7385 8025
1635 1742 6884 8918 9240
1637 538 569 782 1601 1693 1771 2270 2568 4436 4475 5183 5411 5434 5648 5984 6441 6505 6604 6667 6699 7207 7288 7419 7433 7531 7724 7779 7781 8038 8287 8381 8524 9067 9139 9462 9581 9957 10022 10560 10580 10588 10618
1638 2080 2704 2852 2994 5010 7441
1639 1574 2646 3000 6741
1640 149 204 361 1868 1894 9979
1641 6984 8424 9166 9801
1642 863 1617 5762 6959 8313
1643 707 1329 1331 1980
1644 3886 6312 7096 10065
1645 569 1568 5911 7201 7376
1646 1310 1340 1868 10120
1647 707 1329 1331 1721
1648 3806 4214 6632 9723
1650 321 322 857 897 906 934 1057 1078 1086 1104 1106 1531 1994 2178 2510 3959 4674 4905 5597 5672 7679 8565 9177
1651 650 1985 5746 7881
1652 2507 7054 7708 8105
1653 583 588 1990 8231
1654 641 1271 2590 3758 7871
1655 588 1874 8231 8402
1656 1331 1721 1801 7491
1657 1981 5672 6690 7628
1658 700 1953 1965 2345 4893 5226 9499
1659 1330 2854 7698 7706 8071
1660 707 1293 1329 1721 2265
1661 546 1327 3331 5801
1663 1875 3956 6333 6348 6852
1664 24 353 583 588 734 1269 1542 1568 1891 4830 5460 6246
1665 149 204 583 5460
1666 1551 4521 4523 4537 6278 8276
1667 3000 3688 4284 5712
1668 3406 4057 4779 8303 10143 10435
1669 1742 2017 3206 5899 6383 6824
1670 5305 5948 7579 8718
1671 1329 1331 1721 5485
1672 1492 3456 3811 5583 7078 7742
1673 457 587 833 1222 1229 6282 6336
1674 5054 5991 6882 8156 8742
1675 1727 5823 9189 9296
1676 2852 5551 5960 5961
1677 429 5719 8154 9849
1678 769 2555 4120 4719 7491 7908 8161 8625 10321 10331
1679 907 4852 4859 8106
1680 1853 4361 10431 10552
1681 484 7689 7860 9546
1682 704 1982 4298 5824
1683 1727 4214 6772 8920
1684 95 260 1127 1666 2000 2057 3277 3453 4468 4571 4597 8057 8178 8196 8207 9166 10495 10552
1685 155 162 583 588 2877 8231
1686 707 1329 1721 4883 6087 6284 8494 10423
1687 584 717 5077 10117
1688 588 593 1178 3706
1689 3619 6264 6926 8103
1690 2600 4934 8230 10207
1691 119 1255 1730 7085 8128 8618 8718 8722 9493 10239
1692 6225 7020 7672 7759 8686 9271 9770
1693 1932 1990 5641 6234 6941 8680
1694 1066 1893 4302 7266
1695 305 2069 3634 4850 4932 6642 6733 8641 9065 9695 9782
1696 1319 3986 7423 10266
1697 149 173 344 4452 5576 5984 6696 6699 6985 9403 9783
1698 1249 1340 1868 4507
1699 3749 6740 7402 7584
1700 641 4063 6418 7289 7765
1701 1953 4359 5578 6663 9209
1702 5650 5851 7823 8554
1704 131 4615 7815 7874 8103
1705 2414 7636 8082 8802 9310
1706 1446 4739 7432 10075
1708 1251 7909 9663 10550
1709 30 583 588 1050 4098 10482
1710 94 467 2567 2605 2803 3938 4090 4391 5113 8988 9856
1711 5680 6556 8212 8536
1712 1744 3331 4104 5805 6059 8150
1713 5914 7295 8084 9916
1715 707 1329 1331 4014
1716 1932 4452 5672 6377 8039 9331
1717 407 604 896 3556
1719 707 1331 1721 6701
1720 467 3457 5372 6051 10239 10283
1721 1151 2123 4203 4210
1722 101 7942 9148 9493 9641
1723 436 2360 4404 9259
1725 641 4061 7461 8372 8718 8903 8914
1726 4990 5478 7998 8659
1727 1232 1970 7823 9572
1728 868 1316 1532 4910 6548 7569 8573
1729 6482 6505 6560 6823 7217 9043
1730 546 889 1858 2583 3094 3310 6895 7023 8424 8789
1731 318 5493 5600 8953
1732 2859 7041 7463 8956
1734 1172 2302 2305 6391 8106 9471
1735 2077 2163 5982 7722
1736 1574 2673 3740 8415
1737 204 361 7576 9493
1738 24 2064 2162 2555 3430 7854
1739 711 1849 5655 5872 9054
1740 180 181 204 354 538 569 662 707 1178 1331 1340 1495 2091 3925 4452 5765 6701 8103 8106
1741 1635 5125 6648 7523
1742 1472 2179 6017 9120
1744 311 312 1540 2264 4414 7025
1745 439 6701 6958 9174
1746 26 27 5157 5320 6740 7883
1747 2491 3875 4292 5119
1748 1375 3649 3840 4423 4841
1749 581 1827 2670 3077
1750 2483 3000 8128 10424
1751 707 1329 1340 1868 6299
1752 35 103 502 1434 2129 2563 2886 3859 4417 4556 4584 9590
1753 95 100 185 193 210 385 397 1773 1893 1894 2341 3455 3986 4571 7081
1754 378 379 1421 9204
1755 2882 4451 7819 7823 9580 9984
1756 1268 2849 3355 4830 5351 7492 8831
1757 605 3730 7270 7818
1758 1223 4768 7054 8823
1760 1103 2064 2143 2810 2849 2875 4475
1761 86 2650 2820 4466 5522 9318 10473
1762 1005 1007 1700 2391 4014 6424 8718
1763 542 1049 4694 6386
1764 1331 1721 2124 2145 2522 5271 6645 7817 8905 9386 9859
1765 4219 4820 4854 5550 8097 10270
1766 24 1463 1542 1597 1727 6360
1767 381 606 4198 7818 9025 9529
1768 2141 6042 6392 10262
1769 321 1568 1732 4198 9727
1770 1150 1451 3719 5874 7075 8176 8271
1772 24 4198 4275 6969
1773 211 355 635 1223 4030 4364 5630
1774 746 1892 2613 8207
1775 2153 3830 5207 5574 8762 10574
1776 511 538 1213 6831 9659 9972
1778 381 1727 4198 5460 5466 8718
1779 1255 6890 7402 7721
1780 1457 2452 9884 10140
1781 538 579 5721 8106
1782 2047 5079 8795 8950 9174 9885
1783 1726 4093 5396 8350
1784 6079 6348 7823 8971
1785 25 1340 4475 9329
1787 1173 3730 4068 8514
1788 2737 4372 9138 10605
1789 187 1665 4417 7027
1790 1856 4422 5604 7097
1791 4311 5657 6899 8231
1792 534 7816 9723 10349
1793 707 1329 1331 3841 6522 6544 10047
1794 149 589 8918 9210
1795 1728 3000 4391 4847 4935 5214 5601 5874 7032 8391 8520 8521 8563
1796 870 2534 3663 4077 5291 6938
1797 2103 5300 6906 8070
1798 2815 4214 6068 8653 8819 9054
1799 1383 2154 2598 2679 2754 4316 4968 6740 8617 10025 10266 10421
1800 362 583 588 8231
1801 569 1123 1514 4200 5460 9850
1803 387 3622 3874 3939 8665
1805 6890 7402 7883 8128 9493
1806 149 1178 1568 8106
1807 76 149 204 721 874 2284 2555 4280 4649 6664
1808 1223 1446 3346 4452 5460 5946 6576 8106
1809 1899 2199 3925 5549 6408 7700 9729
1810 520 5823 6605 7376
1811 542 1568 7277 8103
1812 1139 1403 1659 3194 5523 6894
1813 8106 8116 8554 8990 9360 9605
1814 3604 6042 6889 7925
1815 5478 9905 10242 10429
1816 149 204 359 1222 1346 1451 1569 1813 1911 2189 5744 6070 7213 7330 7832 8467 8554 8754 9161 9209
1817 707 1329 1721 2548
1819 1594 5300 7655 8197 9175 9658
1820 1246 1446 4869 5863
1821 691 707 1329 1721
1822 376 2982 7674 7932
1823 29 2560 2704 4869 6741 8702
1824 3844 5657 9468 10239
1826 18 422 1305 3648 5020 5043 5812 6087 7078 7706 7713 7909 8137 8939 9047 9102 9637 10315
1827 641 4465 5688 6192
1828 95 1346 4198 4405 4667 4845 5932 6749 7438 8039 8424 8444 9679
1829 1340 1868 7579 8448
1830 1446 1894 2704 9542
1831 165 2265 2270 4198 5874 6429
1832 149 204 2311 6884
1833 154 538 1177 1178 1568 9234
1834 167 1330 1710 1892
1835 1202 1203 3679 6699
1836 1144 1592 5349 9674
1837 520 609 2983 8563
1838 1263 1296 2629 2987
1839 183 1206 2095 3992 4700 7941 7966 8189 8690
1840 1394 2563 4577 7491 7909 8758 9529 10362
1841 3020 9202 9493 9528
1842 478 1223 1340 1868 1930 8058 8811 9460
1843 389 583 588 2853 5946 7145
1844 381 1282 6958 8116 9296
1845 635 1456 2649 4822 7145 7335 8813
1846 5142 7423 9249 10447
1847 25 2051 8465 8610
1848 329 444 1847 2375 2768 3938 5332
1849 9 1081 1346 2376 2653
1850 469 1894 6440 6596
1851 727 2867 4062 4485 9025 9588
1852 2661 2859 3634 9576
1853 30 63 306 1255 1846 3688 4783 5657 5664 5797 7275 9936 10239
1854 710 1866 2546 3240 8751 9219 9589
1855 1285 1310 3547 4830 5392
1856 1330 1710 5460 5984
1857 3369 4846 9723 10147
1858 77 420 1150 1151 2704 4069 7823 9485 9733 10137 10411
1859 1868 2179 5830 5873 8106
1860 707 1331 1721 4214 7823 10331
1861 123 2514 3258 4940 8425
1862 36 2509 5460 7491 10400
1863 7817 7818 7819 8625 9160 9240 9386 9701 9782 10331
1864 1330 2828 2978 4082 4104 6631 7502 9449
1865 43 3734 4189 8889
1866 195 4417 4451 8683 10426
1867 149 204 1340 1868
1868 3206 6236 7937 8353
1869 339 569 3551 3707 5797
1870 37 1255 7308 7323 10189 10576
1871 554 4475 5947 8103 10450 10464
1873 3706 5804 6356 8729 9810
1874 1914 6498 7943 8184
1875 588 590 595 4417
1876 353 1249 6055 6081
1877 700 2239 8103 8381
1878 469 707 722 1721
1879 1528 3132 9355 10485
1880 703 1596 2457 2803 4287 5460 8800
1881 604 4020 5325 7891
1883 539 1487 1577 4532 6463 7567
1884 3368 9312 10101 10118
1885 6522 6565 6979 7537
1886 662 783 1186 1187 1375 2762 3646 3691 3708 4700 5143 5721 5985 6463 6816 9276 9489
1887 389 511 1673 3668
1888 26 8098 10292 10457
1890 628 706 713 2590 3664 4826 8537
1891 962 2364 3094 3314 3747 4830 5259 5711 6179 7178 7477 8555 9143 9719 10473
1892 2576 2801 5972 9133
1894 1399 3000 5823 5929
1895 900 2153 3000 4390 5460 6269 6842 7540 7685 9850
1896 707 1329 1331 1340 7555 8074
1897 913 917 6515 8088 8511 8857
1898 295 523 6541 9731
1899 2224 2300 3463 8650
1900 407 907 1069 4833 7300 8215 9553
1901 707 1331 1721 8978
1902 2474 2804 4297 4475 5745
1903 351 1340 1868 5823 5909 6701
1904 2454 2665 6039 7787 10065
1905 1592 1795 1932 6982
1906 1424 2684 5398 6695
1907 551 553 6724 8097 8353
1908 583 1914 7925 8273
1910 706 3509 8390 9157
1912 5885 6125 7878 8520
1913 3050 3202 3440 4585
1914 1541 1902 6287 10597
1915 583 588 593 6577 6587 8337
1916 5079 7131 7180 8811
1917 2820 5401 5490 7215 8270 9727
1918 1576 2784 4198 4588
1919 947 1797 2559 3663 5291 5356 7099 7556
1920 1329 1721 5672 10489
1921 1469 1497 8902 9054
1922 765 1886 6111 7742 7765 9265
1923 14 696 2636 2753 3365 4639 4990 6763 7168 7433 7957 8448 9443 9626 10478
1924 253 3672 3746 6816 7116 8362
1925 211 1284 1893 2246 3019 4391
1926 381 1603 7835 8717 8903 9043
1927 414 1988 2589 3106 4048 4063 4214 6453 6673
1928 63 127 169 2315 4223 6042 7018 7273 8448 8471
1929 1096 1346 4850 8103
1930 3133 7695 8585 9861
1931 507 643 644 1436 2491 4993 5702
1932 2124 3467 3938 7432 8424 8449 8922
1933 49 588 1156 1724 2868 8273 9403 10097
1936 319 569 936 3803 4575 5721 6354 7208
1937 937 1866 1878 2512 7979 8963
1938 5677 5782 6850 7052
1939 538 579 5874 8481
1940 149 204 1568 5986
1941 3593 5466 5721 10546
1942 35 400 4052 7179 7447
1943 381 591 7534 7672 7950 10518
1944 583 588 2746 5347 8103 8231
1945 1346 1868 5460 9043
1946 2492 3670 4543 5666 7306 7649
1947 1666 7241 7273 7827
1948 1108 1314 3502 5901
1950 1209 1269 5771 5780 8381 10314
1952 271 366 707 1329 1331 1721 8663
1953 406 870 6699 8415
1954 34 2276 5976 7093 8920 9554 10011
1955 1423 2811 6434 7012 8479 8631 9685 9781
1956 381 579 1459 3576 3955 5828 6001 6497 8127 8343 9736 9892 10021
1957 641 1957 2253 3449 5093 6124 7925
1958 436 1953 3891 9335 9674
1959 288 545 569 1164 1310 2150
1960 1340 6164 6831 10060
1961 547 707 1329 1721 1868 9025
1962 125 1284 2384 2579 2589
1963 2688 5793 8609 10514
1964 583 588 8137 8231
1965 4899 5379 8444 8606 9139 10150
1966 84 376 1032 1037 1421 4735 5565 7023
1967 1565 8751 9087 9952
1968 350 397 2845 9491
1969 583 588 1666 1894 6835 9229
1970 1974 7968 8298 9885 10239
1971 260 707 1329 1331 1340 1394 1721
1972 569 1727 4649 5966
1973 1459 2841 9025 9347
1974 354 2185 2545 2681 3318 9380
1975 1838 1839 2704 5598
1977 311 416 9335 10148
1978 707 1329 1331 9155 10603
1979 351 381 1980 2060 2265 2300 2967 5874 6323 6465 7215 8134 8303 8448 8704 9025 9036
1980 1017 1070 2305 9296
1981 1696 2858 5622 7996
1982 485 1188 5008 6984
1983 573 1727 2930 5987 6701 8130 8487
1984 240 1592 4922 5460
1985 1346 2983 4693 4900
1986 1340 1868 2853 3904 7997
1987 5728 7844 8818 9311 9886 10437
1989 1868 2178 4110 4297 4768
1990 583 588 1269 1726 1960 2141 2362 2365 2754 3199 7987 9595 9692 10249
1991 357 1152 3150 4384
1992 4171 6600 7447 8398
1993 1186 1928 7159 9240
1994 583 588 2132 3436 4055 9252
1995 583 5482 6968 8026
1996 1404 4588 5681 6648 7876
1997 410 972 1013 1016 1045 1046 1421 3497 3564 4117 4762 5294 7569
1998 1446 1732 4098 10482
1999 1280 3649 3686 3743 4635 5460 6016 6110 6400 6837 7665 10279
2000 371 1008 1645 1727
2001 1329 1331 1721 6217
2002 641 3385 3643 4417
2004 602 1349 2270 2939 5478 5803 6786 6918 7525 8231 8273 9280
2005 583 588 4510 9542
2006 1394 4068 8465 9542
2007 3747 4672 4942 8381 8882
2008 516 1359 4223 10315
2009 1329 1331 1721 5006
2011 1932 6715 9049 9296
2012 2094 3652 7964 8959
2013 583 1172 1269 1720 1868 2283 4198 4726 8103 8273
2016 538 4215 8618 8729 9598 9716
2017 2123 2323 2999 6460 7438 8350 9259 10559
2018 1937 2927 3953 7635
2019 707 1329 1331 4830
2020 4204 7026 7199 9382
2021 4551 5166 6355 8117
2022 216 378 379 3218 9384
2023 34 1191 3317 7052
2025 149 204 571 1586 7166 8103
2026 2082 3899 7852 7859
2027 587 914 1613 1877
2028 629 1478 1528 4538 6247 9493
2029 3135 4033 8322 8481
2030 569 3610 4584 4700 6482 8320 8375 9706 9741 10444
2031 1153 1213 1893 2051 3698
2032 583 588 5823 8231
2033 147 1106 1955 3327 5837 8521
2034 3553 6111 6565 8137 10300 10391 10450 10488
2035 351 4687 6455 8553
2036 995 1408 2779 4510 6686 9013
2037 1740 6552 6991 7982 9607 9632 10242
2038 1597 3453 8207 8795
2039 298 359 2162 2659 2763 3161 3365 3782 4988 5282 5790 6762 6765 8959 9193
2040 2293 6299 6831 9499 9589 10545
2041 2482 2942 5489 8047 9627 10263
2042 2295 6301 9546 10530
2043 24 1222 1534 1578 1617 1913 1942 2240 2495 2658 3135 3885 4465 4704 4869 5001 5394 5719 6070 6196 8074 8192 8251 8384 8447 8785 8786 10579
2044 1621 7435 10331 10479
2045 583 613 662 1371 1386 2094 2687 8557 9492 10468
2046 4033 7159 8106 8647
2047 1122 2766 7891 8415 9727 10060
2048 149 204 542 926 2046 5395
2049 1773 4738 7099 7215 8415 10464
2051 584 3902 5077 7080
2052 23 1797 3519 3792 6429
2053 34 2718 2945 5562 6216 6448
2054 45 112 4974 5634 6890
2055 354 1932 6409 8303
2056 365 3588 7484 9723
2057 2617 2640 5460 8103
2058 361 472 745 774 1603 1874 3671 4254 4584 6079 6333 7966 10452
2059 1932 4577 7970 8709
2060 1073 1722 3896 7569
2061 1246 1285 1385 1446 1727 2120 2214 3000 3463 3650 3813 6959 9885 10533
2063 86 442 3135 7484 8489
2064 7891 8650 9897 9980
2065 275 1174 2149 2885 6767 6776 6956 7347 7989 8028
2066 1998 2761 4002 5170 5353 6355 8933 10110
2067 2638 4623 8588 8829 9782 10528
2068 545 609 675 10027
2069 3000 4327 8044 10239
2070 2576 2724 2936 4214 6699 7054 7929 8303
2071 6946 8018 8677 8867 9160 9386
2073 376 3501 5657 7844
2076 1893 2391 5045 8754
2077 2013 4280 4297 5300
2078 1454 1780 2055 4307
2079 3887 4366 5478 8272
2080 2118 2497 2567 3297 4584 7799 7817 7818 7819 9785 10406
2081 662 5642 6194 9151
2082 351 1831 2576 5004 5515 5717
2083 707 1228 1331 6831 8207 8499 8841 9745
2084 4976 7572 8025 8424
2085 207 211 354 371 378 379 380 490 882 922 998 1006 1142 1239 1271 1340 1870 1883 2046 2114 2216 3000 3427 3938 4700 4915 5163 5389 5804 5929 6079 6965 7167 7254 7673 7674 7817 7876 8102 8106 8661 9139 10172
2086 4700 7282 7817 8822 9240
2087 605 1780 5470 5530 8551
2088 1553 1909 3138 4203
2089 2655 5721 9186 9806
2090 26 2623 7052 10011
2092 583 588 4409 8176
2093 78 4936 6696 9728
2094 149 588 1446 1576 2689 7405 7898 8740
2095 469 1940 2112 2253 4301 4700 5151 5282 5309 7816
2097 1105 4785 5725 8087
2098 371 378 379 568 2631 2911 4791 7375
2099 251 963 2220 2773 4645 5617 6494 10238
2100 381 511 1775 2744 5724 6666 8665
2102 410 819 880 9124
2103 2695 2808 2941 3312 4639 5297 7603 7926 8544 10123
2104 221 222 865 1096
2107 1191 1268 6194 9485
2110 381 707 1329 1331 1463 6876 7335 7489 9566 10186
2111 583 588 589 1285 1512 8231
2112 2042 6616 10047 10370
2113 1529 4869 9160 10319
2114 583 588 3576 8231
2115 176 1023 1727 6185 6653 10062
2116 660 1329 1331 1721
2117 821 1565 2931 7019
2118 707 1721 1807 8343
2119 4557 6229 7884 8544
2120 1178 2784 4615 5053 5178 5648 6627 10512
2121 16 2819 3006 10033
2122 24 651 1177 4931
2123 5460 6626 8920 9903
2124 1330 1710 2331 6363 8424
2125 2128 3000 6699 7175
2126 930 3202 3346 8118
2127 1643 1662 4615 5837
2128 584 1330 1710 5787 9240 9424
2129 2186 2771 3383 9322
2130 4588 4590 6982 6990 9335 10324
2131 1398 2207 2544 3988 4219 5501 9380 9386 9996
2132 706 1914 5823 5826 6260 6783 6905
2133 2565 4700 8964 10560
2134 1932 3986 4797 6003 9971
2135 873 5966 7841 10175
2136 299 594 1174 10057
2137 4020 6740 9311 9847
2139 547 2565 2886 3346 4581 4821 9160
2140 797 2813 5837 7816
2141 662 2695 4700 5668 5721 9462 9569
2142 187 412 569 2886 5151 9909
2143 926 1569 6905 8332 9375 10040
2144 629 3992 6908 7143
2146 7727 8195 10009 10424
2147 652 771 6494 9140
2148 1295 2535 5586 8718
2149 7659 9109 9642 10253
2150 1293 7619 7643 7834
2152 24 381 519 569 662 1329 1331 1451 1932 2960 4700 5823 8526
2153 1446 1653 8444 8872
2154 2941 3481 5567 6421
2155 78 696 1068 3000 5529 6966 9561 9885
2156 280 1193 5535 10334
2157 1138 4604 6916 7054
2158 2509 6438 6835 6946 8194 8215
2159 408 1591 1828 1868
2160 187 389 1932 3749 4072 5851
2161 4700 10051 10076 10452
2162 380 4686 4715 5254 7745 10411 10512
2163 707 1329 1331 1340 1721
2165 3576 5171 5267 5929 6956 8987
2166 151 583 588 1711 2008 3352 3858 8597
2167 707 1096 1329 2280 2993 3864 5557 7006
2168 183 365 3971 3981 4298 5302 6862 6968 8129 9166 9521 9802 10441
2169 149 204 1856 7438
2171 583 588 5016 5796 6164 6989 8231 8767
2172 675 1186 1187 1711 2766 4214 6970
2173 583 588 1282 5721
2174 359 1223 4452 5388
2175 168 707 1329 1331 1570 2280 2658 6016 6163 6505 7263 8590 9027 9693
2176 2413 2983 3451 5681 5932 6628 8563
2177 348 358 569 583 1144 1346 2070 2914 3944 5460 5721 5871 8272 8317 8402 8511
2179 34 102 3115 6905
2180 211 355 381 1632 2051 5349 10266
2181 374 5294 9471 9810
2183 1529 1930 4841 5837 6989 7054 7852 8704 8813 8978 9865
2184 320 434 1446 2076 2178 4323 4470 4667 4905 5378 6439 9177 9908
2185 583 588 2583 8231
2186 2047 2229 2962 6115
2187 6071 7131 9380 9874
2188 1178 1911 2238 6259
2189 1262 1319 4990 6763
2190 2404 5672 6251 6570 9236 9653 10453
2191 470 1722 3896 5037
2192 1945 4762 7932 9281
2193 35 628 1762 4584
2194 149 204 3819 9023
2195 444 2845 3645 6247
2196 505 1697 2390 2761
2197 696 922 2957 3463 5750 6222
2199 579 2094 3202 4719
2200 3899 7289 7779 8978
2201 36 2567 3127 5460
2202 2178 7752 9278 9651
2203 3995 4191 5180 7166 9275
2204 139 194 540 1456 1464
2205 74 228 706 1394 2814 3856 4055 5099 5100 5837 6311 6831 7027 7600 7705 8824 10365
2206 1330 1448 3759 4399 5036 6483
2207 24 485 576 627 707 1331 1461 1602 1914 2096 3134 4821 6976 9471 9758 9892 9955
2208 562 2755 4827 6632
2209 900 1622 4393 5602
2210 548 7367 9228 10327
2211 630 635 1468 1528 3672 5903
2213 610 1025 1047 1880 2023 2200 4785 6755
2216 214 1099 3079 6226 9063 9177
2217 707 1329 1331 6184 9952 10610
2218 752 5460 5914 6701 7829 10369
2219 210 1255 1894 3758
2220 1144 2090 5704 5705
2221 183 359 641 2067 2815 5874
2223 583 588 3105 6435 7054 9726
2225 149 204 569 1239 1340 1342 1868 2689 6842 6874
2226 707 1329 1331 1340
2228 411 787 2329 5111
2229 38 5510 6321 9206
2230 1394 5217 5812 6333
2231 154 381 1459 3707 3877 4304 4766
2232 863 924 3726 5300 5424 7157 7209 7487 7857 8270
2233 149 662 1818 2089 4106
2235 5535 6552 8444 9670 9801
2236 4214 5767 7491 7542
2237 149 204 569 1048 2051
2238 48 1446 7914 10426
2240 3859 6741 8279 8556
2241 1577 4858 4941 5794 7143
2243 1894 2512 2583 4695
2244 2118 2120 8157 8223 9416
2245 381 2123 5684 7163
2246 24 718 2746 3632 4990 9539
2247 662 1727 7022 8465
2248 4895 6154 8060 8207
2249 1242 5945 9782 10411
2250 2546 3463 5634 6411
2251 381 3339 5919 6971 8467
2252 7159 7704 7891 8866
2253 662 1394 2889 5253 7125
2254 1166 1655 2723 3657 3793 9346
2255 1446 2413 3000 8582
2256 1459 2355 5984 6402
2257 1414 1978 5326 9427
2258 43 1528 2583 3501 9189 9761
2259 606 707 1329 1340 1868
2260 1394 4089 6299 9515
2261 5771 6213 7887 9240
2262 99 359 8494 9885
2263 569 641 1868 2412 5871 8103
2264 131 894 3211 4699
2266 333 469 838 1251 1346 1425 1576 1855 3526 3554 4049 4691 4695 4801 5543 5851 6087 6681 6926 7720 8387 9637
2267 470 1373 3565 4830
2268 511 2185 7012 10577
2269 3568 4646 5291 5460 5462 8867
2270 173 1822 2661 4727 5460 6088
2271 903 1340 1782 1868 4198 7891
2272 1092 3646 4172 7289
2273 275 4532 6747 6825 7997 9192 9806
2274 1092 1710 5535 8105
2275 768 874 2391 4686 10512
2276 899 963 969 2691 5494
2277 116 841 1327 1488 3342 4020 5348 6059 9189 10614
2278 152 542 548 1137 1711 4664 5672 7703 8711 9680 9832
2279 1047 4111 6905 8106
2280 422 1017 1319 1905 1941 2642 4941 6210 9490 9745
2281 1291 5514 6105 6411
2282 1868 2719 5460 9275 9277 9906
2283 2576 3796 5460 7127 7237 9034
2284 7799 9386 9775 10411
2285 2319 5947 6377 7028
2286 583 588 1568 8231
2287 1727 5874 8207 10056
2288 195 1868 4941 5422 6831 6884 7814 8105 8106
2289 305 1331 1721 8385
2290 2019 4091 4214 5129 9939
2291 37 4667 5838 8729
2292 187 3382 4768 5020 8272 8536
2293 2462 2567 2804 4714 8131 8388
2295 1489 6048 6565 6657 7712
2296 38 67 102 1239 2494 4873
2297 389 6757 9329 10583
2298 2293 2677 3000 10239 10533
2299 7891 10112 10482 10519
2300 211 1186 1727 1932 2257 5141 8795 9151 9485 9488
2301 381 1394 2564 4452 7205 10315
2302 449 662 1891 2555
2303 164 2881 4401 5159 5650 7637
2304 481 6691 6692 7976 8033 8402
2305 251 579 6985 10145
2306 2057 3237 3742 7028
2307 417 538 579 1459 1478 2293 5984 6667 7457
2308 797 1282 1632 1992 2609 7321
2309 362 1597 1666 3615 3704 4666
2310 18 1878 5475 6507
2311 571 4035 4768 5874
2312 596 3314 4078 4172
2313 3830 4974 5305 8448 10373
2314 1284 1327 5460 7208 8481
2315 24 436 641 859 1568 2264 2305 2360 4198 5584 5672 5688 5748 5944 5966 6170 6494 7438 8471 8867 8932 9598 10237 10489
2316 654 819 5004 7023
2317 771 1094 1408 1429 1565 1834 2931 5015 6462
2318 352 3709 4352 8704
2319 3754 5289 5972 7874
2320 583 590 2823 3610 4615 5576 6475 8273
2321 1284 3016 3318 3738 4768
2322 351 605 684 744 1300 1930 2419 2420 4214 4267
2323 1191 1327 1910 2689 7751
2324 2815 3100 3754 5871
2325 272 2599 4574 4869 8618 8887
2327 1568 4452 4841 8177
2328 283 1846 5149 5354 8100
2329 3000 3830 6514 7237
2330 3702 3708 7180 8471
2331 348 2738 5874 7788
2332 4719 5450 6212 6528
2333 211 4069 4608 6664
2334 2043 2207 2349 3240 6247 9025
2335 2295 4405 5544 6034
2336 63 7030 7920 9155
2338 2751 5762 6307 8162
2339 149 195 204 351 488 1342 1404 2647 3853 4081 6431 6673
2340 1576 3610 5992 9240
2341 35 4214 6117 9988
2342 718 1568 2059 2229 3223 3925
2343 569 666 3986 5771 5984 6115 7289 8287
2344 1497 3932 6546 7145 8111
2345 999 1421 3427 3912 5609
2347 351 1274 1282 1942 2358 2596 2964 3538 4824 5344 8106
2348 1269 2207 3653 4467 8106 8369
2349 3930 4349 4644 8590 9832
2350 654 670 1420 7187
2351 24 1568 5823 6741 9049
2352 3519 3588 3792 6761 7450 8207
2353 2917 5070 5601 6494
2354 2153 2440 4020 5688
2355 1255 1568 4417 6985
2356 583 588 5721 5746 8231
2357 703 1092 1186 1187 1303
2358 9154 10369 10370 10371
2360 1720 2285 3509 6997
2361 302 486 3134 4990
2362 2046 7497 7841 8854
2363 313 1177 2360 3702 5556 5746 5990 6393 6394 6890 8481
2364 301 835 985 1081 1644 1757 1870 1883 2105 2328 2538 2824 3946 4194 4387 5564 6607 9688
2365 2125 5796 6662 8587
2366 866 7521 8088 9073
2367 775 1934 6541 6889
2369 1262 4198 8106 9212
2370 41 4020 4869 6458
2371 469 1955 2178 4199
2372 2726 4604 7780 8212 9558
2373 359 1246 6611 9005
2374 5812 7487 7713 8822
2375 2206 6085 6192 8056
2376 2323 4968 8350 9334 9692
2377 350 602 1585 6962
2378 5491 7581 7819 9054 9634 9768
2379 583 588 1340 1868
2380 583 588 8465 10477
2381 78 1246 2717 3277
2382 707 1329 1331 1721 2632
2383 914 1804 2958 3556
2384 251 764 2855 4537 6327
2385 583 1177 5823 6660 8073
2386 678 3691 3971 5031 6049 6108 6989 7201 7625 8179 8181 8278 9386 9491 9782 10049
2387 1394 4830 7418 8679 9329
2388 397 717 1223 1727 2196 3649 7836
2389 1446 5051 5108 8110
2390 1187 1893 3127 7748
2391 3645 3765 6545 7054 7823 8625 9249 9723
2392 369 568 2631 6928
2394 1516 5370 5472 5565 7682 9988
2395 2983 4584 5008 6448 7093 9139 9561
2396 253 4862 5874 9581 10578
2397 420 3838 3839 7588
2398 697 1794 3890 4136 5660
2400 4442 5248 8103 10539
2401 23 641 2105 3302 3652 5255
2402 1071 1124 1194 5799 5927 7086
2403 273 707 1329 1331 1721 3276
2404 376 546 1609 1685 1819 8448
2405 1172 2229 2853 6462
2406 1308 2302 3811 4700 5031 5653 6039 6554 6975 7213 7214 7289 7567 7688 7880 8467 8536 9433
2407 5823 6990 8103 8106
2408 1911 7294 9671 9701
2409 210 3463 5239 10239
2410 667 4556 5395 5633 7653
2411 3050 5250 6969 6976
2412 36 202 408 2305 2964 3766 4582 5824 5837 6236 6363 6756 7262 8328 8786 9447
2413 352 1340 1868 6985 10159 10350
2414 683 2202 3950 4732 5478 6199 6253
2415 707 1329 1331 2184 3156 4280 6066 7349 8432 9655
2416 8231 8366 10078 10098
2417 3749 5697 8415 8880
2418 380 490 1879 6781 7777 7899 8648
2419 3447 4479 5066 5379 5652 6958 7569 9666
2420 149 204 707 1331 1720 1721 4014 4366 9350
2421 7845 8290 10002 10357
2422 1568 4770 6701 8765
2423 305 926 1346 3453
2425 3830 3873 6514 8449
2426 216 1061 1122 1600 2264 2302 4906 5115 5594 5823 5872 6460 7569 7930 7997 8116 8292 8856 9209
2427 876 3558 3644 4067 7195 7659
2428 276 2426 3423 5051 5166 5170 7754 8115 8424 9167 9733
2429 3486 5189 5517 6283
2430 408 2801 2859 4417 10533
2431 2560 2931 3609 4700
2432 323 1025 3887 6924
2433 354 583 588 1568 5460 10269
2434 1174 4193 6896 7708
2435 6577 6587 7896 9712
2436 746 2115 2621 4214 4700 6889
2437 583 588 597 700 1096 1311 2236 2403 3538 4198 5094 5863 6456 7567 8750
2438 1359 2626 6199 7807 7948 9485
2439 1552 1569 2283 9174
2440 261 1762 3206 8189
2441 1727 8415 9296 10316
2442 381 389 569 1314 1727 2283 4834 6003 7835 8718 9546 9924
2443 866 4674 5237 5493
2445 149 204 485 588 590 5721 5984 6196 8106 10250
2447 353 2260 2852 5984 6194
2448 359 1394 3436 4197 5018 7354 8103 8625 8895
2449 545 1165 2173 2649 2766 2936 4906 5664 5747 6212 8725
2450 367 662 1469 4649
2451 125 361 7131 9659
2453 354 1340 5173 10261
2454 4883 5874 6001 6709 10220
2455 14 311 374 437 470 651 660 985 997 1011 1021 1040 1405 1511 2457 3035 3346 3896 4405 4613 5545 5955 8103
2456 7131 9065 9586 9937 10573
2457 235 579 1137 1523 2265 5730 7113
2458 780 1340 4979 5804
2459 1617 9781 10239 10497
2460 256 4378 5050 6422
2461 707 1329 1331 1721 7099 10313
2462 3616 5060 6324 9240
2463 2596 3204 5837 6096 6583
2464 4472 5395 9951 10310
2465 386 4245 6825 7080 7997 8798
2466 1330 1710 5823 9861
2467 409 771 1429 1565 1834 5483
2468 1138 1375 2639 4585 4948 6101 7935 9174
2469 1330 1710 3423 5008
2470 544 2555 7568 9240
2471 1007 1728 1945 1998 2462 2958 3830 4700 4994 7569
2472 538 641 1170 3575 5139 7659
2474 2589 2590 3339 3995 5204 7126 7442 8553 8902 9045 9581 9741 9958 9981 10131
2475 2388 3086 9685 10110
2476 1597 2931 6522 6527 6565 6620 6639 9527
2477 1329 1331 2686 4770 6047
2478 1246 1574 3000 3163 5753 7883
2480 1447 2152 7935 9521
2481 1446 3043 4005 4700
2482 3588 4376 5100 9748
2483 542 1569 6194 7054 9560
2485 1239 2482 7799 10347
2487 639 7709 8503 9475
2488 662 3076 4246 6258 9773 10402
2489 583 588 1256 1348 6377 8231
2490 5871 6705 6831 9166
2491 35 2689 3936 5332
2492 374 5394 6051 9329
2493 4754 5153 5289 7542
2494 75 1246 3688 5672
2495 542 2263 5226 6195
2496 7402 8165 8384 8786
2497 205 1394 3889 7080
2498 359 707 1329 1331 1721 5100 5652
2499 583 1177 1314 5719 5721
2500 897 3869 4674 9073
2501 408 1255 2508 4589
2502 719 4438 8795 9488
2503 63 756 2424 5982
2504 6464 6743 7083 7131
2505 951 1890 1963 1967
2507 569 1666 2567 7684
2508 6778 8022 8424 10467
2509 14 587 907 1942 2457 3924
2510 30 525 2684 4629
2511 2758 5460 5604 5711 7047 8798
2513 515 1089 1261 1710 1921 2049 2207 2468 2634 2786 3416 4345 5129 6207
2514 2661 6504 6673 9517
2515 407 1391 4675 5478 5947 8286
2516 2331 3940 5300 5721
2517 2030 2979 5657 6071 8641 9923 10425
2518 211 488 527 1330 1710 2815 2931 2932
2519 369 381 568 822 935 5874
2520 6547 6560 7145 7779 8554
2521 1179 2744 2931 3652 9139 9396
2522 588 2411 6542 9081
2523 414 707 1241 1329 3588 3800 4084 5863 7397
2524 746 1007 1955 3120 5363 5570 9136 9989
2525 211 1177 2758 3472 5672
2526 28 183 1190 2580 2849 2861 3802 7870 8424 9745 10084 10215 10260
2527 5395 6620 6743 6904
2530 24 3000 5478 5947
2532 569 1340 1868 2320
2533 629 1761 4609 5987
2534 1191 4349 7367 8324 10339
2536 4700 5871 9286 9830
2537 6522 6577 7777 9527
2538 173 338 351 763 8422 8543
2539 1314 1860 7054 7667
2540 1142 1143 5173 5338
2541 444 457 463 1582 6692 8978 9318
2543 1329 1331 1721 4082
2544 4906 7114 7725 8206 8722 9836
2545 5448 7659 9040 9277 9492 10131
2546 2051 4644 7308 7878
2547 569 589 2658 5039
2549 38 210 1246 2581
2550 25 7342 8828 10041 10145 10316
2551 1255 1425 1830 2801 4397 5343 6434 6775 7437
2552 1023 1355 2154 2570
2553 24 569 1331 1568 1721 2091 4198 4824 7335 7833
2554 1253 6087 7380 7450
2555 318 319 4665 8583
2556 2265 2408 5672 5704
2557 351 5823 5872 8605 10440
2558 1269 4198 7175 9392
2560 3558 4103 6576 7171 8497 8732 9358 10332
2562 511 1186 2129 4558 6068 9025
2563 3519 3792 8105 8578 9296
2564 3887 6664 7350 7510 8795 9734 10199
2566 583 588 7376 8718
2568 707 1331 1340 1721 1868 2207 5721 6108 7131 8137 8616
2569 2889 7073 8569 10172
2570 16 25 662 1164 1280 1329 1331 1705 1721 1891 1893 1904 2078 2293 2564 3558 3575 4584 4607 5650 5874 7531 8106
2571 366 641 4830 6915 7179 9240
2572 501 1207 1340 2591 3240 5984
2573 1775 3681 5871 9277
2574 717 1570 2867 2936
2575 2043 7818 8106 9296
2576 611 1099 2162 2875 4425 4426 6906 6954 7130 9443
2578 26 36 1893 1989 2240 5087 7008 7860 10400
2580 355 3032 8162 8625
2581 569 6247 8343 9240 9493 9782 10331 10495
2582 149 204 705 2744 2837 5094 8103
2583 5984 8896 9250 9546
2585 1305 1459 1676 4055
2586 3545 3982 4422 8369
2587 1191 1830 4417 6124
2588 24 362 571 579 583 8231 8718 10423
2589 1036 5657 5863 9329
2590 24 4597 6599 8162
2591 542 4080 7937 8490
2593 404 1061 2407 4347
2594 3000 3875 4214 5874
2595 597 1174 7395 8312
2596 4473 6004 9589 10331 10349
2597 2677 7506 9160 10411
2598 272 7131 9023 9316
2599 707 1329 1340 1721 5947 8555
2600 211 2300 7845 8103
2601 588 2766 8231 8902
2602 1326 1394 2358 2989 4472 4725 5392 7001 8014 8271 8902 9753
2603 3077 6264 6991 8665
2604 3634 3680 5077 5553 6697
2605 77 586 588 1329 1721 8637 8701
2606 3394 4893 4968 8350
2607 1340 1868 5672 6253
2608 7402 8128 9329 9493 10014 10418
2609 992 1819 2328 4325
2610 2574 3423 5964 8114
2611 2272 3610 6979 8858
2612 569 583 588 1052
2613 30 1446 1786 2391
2614 1177 2229 3248 6268 7289 7482 7573 8695
2615 1899 2746 9240 9560
2616 1456 3932 4609 7145
2617 606 3337 4708 4841 6108 6152 6741 8344 8636 9249 9276
2618 629 1868 3551 6593 8714
2619 204 824 1211 1832 3508 5023 6194 7835 8103
2620 1178 5672 6639 9370 9678
2621 579 583 587 588 707 1057 1331 2367 2843 4674 4700 4896 5049 5563 5597 6108 6411 6529 8231 8625 8718 8797 9073 9825
2622 1612 2105 5460 8015 8350 8471 9023
2623 5478 7846 7921 10429
2625 484 5367 5724 7289 8979 8980 9759 10608
2626 234 1255 1845 7773
2627 542 2958 5782 10432
2628 2161 3950 6940 8656
2629 276 1221 1246 1530 1704 2162 4020
2630 3501 4284 5537 5863
2631 2012 3665 8497 9209
2632 2595 4974 6036 7274 7381 8688
2633 1342 1941 4256 8103
2635 164 1704 3249 4649 6124 6831 7773 8951
2636 4781 6852 7028 8625
2637 1527 3051 7317 9160
2638 2649 7408 10359 10523
2639 2889 3513 3858 9352
2640 36 95 4618 5711 8194 10400
2641 2583 3660 4796 6296 7054 10239
2642 490 2550 2564 3609 4054 4865 5209 5290 5533 5967 6522 6717 6928 7386 7486 7660 8598 9038 9217 9930 10060 10305 10580
2643 78 1239 2702 3143 5984
2644 5065 5565 5802 8601
2645 734 1064 2114 2729 2787 2868 3686 3948 4548 5319 6263 6597
2646 970 2046 7660 8424
2647 457 1582 2870 7028
2649 1258 5984 6831 7054
2650 511 579 1340 3681 5604 5643
2651 409 420 1977 9675
2652 6991 7638 7931 8650
2653 3394 4506 6846 8985
2654 1858 6934 7692 9493
2655 1295 2132 6741 7484
2656 3109 5478 5672 5688 5966 7424
2657 203 569 5966 7188 8554 10083 10203
2658 777 1612 2300 4838
2659 8120 9380 9723 10411
2660 635 10117 10452 10478
2661 4700 5604 7179 7427
2662 707 1329 1331 2590
2663 2964 4869 7718 7987
2664 1284 4667 7808 9240
2666 1858 8093 9981 10239
2667 163 1081 1726 2234 9885
2668 1108 1241 4768 5762 7282 8874 10145
2669 164 1177 1346 1683 3615 6071
2670 583 588 1268 8103
2672 1437 1438 8037 8146
2673 3627 3933 4850 8280
2674 2482 2874 4214 7317
2676 1926 2705 4455 9140
2677 1128 2846 2908 4136
2678 1858 3094 7987 9092
2679 3202 5093 6547 6577 8316 8344
2680 381 548 8308 9025
2682 2463 5531 7194 7274 8139 8580 8874 8984 9247
2683 2565 3872 4214 5486 5874 8091 9782
2685 1968 6530 8897 10350
2686 917 1727 3944 5553 5644 7880
2687 588 2732 4893 9861
2688 5721 7551 7777 9005
2689 6896 8587 9123 10609
2690 355 583 588 1711 1712 2742 3541 5966
2691 1568 1727 3889 5460
2692 2984 3575 4172 4574 7112 9874
2694 1523 1666 1868 3919 6501 8039 9063 9893
2695 103 507 1297 5165
2697 1747 7884 7962 9023
2699 520 2766 6701 7211 8363 9074 9238 10393 10459
2700 247 6299 7064 7884
2701 351 2719 4198 8769 9321
2702 1018 1150 1151 2529 7723
2703 149 5075 5079 5460 6108
2704 1340 1868 5826 9702
2705 360 1298 7394 8717
2706 2761 4579 8113 8634
2707 160 554 5129 6940
2708 135 381 545 593 1394
2709 366 569 1568 1710 7182 9455
2710 449 583 588 590 7508
2711 4019 4532 4536 4768 5199 5424 5721 9169
2712 583 1340 1868 6762
2713 2511 5820 6927 7451
2714 501 920 2255 2533 3883 6354 8415
2715 569 707 1177 1329 1331 1711 3730 4205 5050 5081 5829 6496 6601 6876 7054 7450 7672 8236 8271 9214 9887
2716 1329 1721 2974 3094 7181 7309 8018 8787 10009 10590
2717 589 2105 5984 7639
2718 1394 6319 7089 7233 7484 7643 7906
2719 24 1186 1187 4805 5219 5709 6047 10533
2720 5493 5538 6135 10198
2721 402 494 609 1735 1791 3326 4349 5393 9829
2722 198 707 1125 1329 1331 5257 6699 7112 8664 10119
2723 420 3423 4552 9733
2724 928 929 1186 1187
2725 587 857 2200 3445
2726 2495 4975 5984 7131
2728 588 591 593 706 2614 5460 5851 6073 6377 9569
2729 6225 6593 7414 7526
2730 119 711 1426 2660 5370 5379 6446 7048
2731 569 2270 2689 3551 4166 4214
2732 455 1933 1947 3588 6108 6195 8236 9169
2733 4068 7054 9386 9976
2734 593 1250 1893 7430 8219 9456 9989
2735 3771 5874 9214 9753
2736 629 635 636 1733 3212 4700 7848 9017 10266
2737 2511 5722 6496 6942
2738 754 2366 4475 4873 5359 7560
2739 297 842 1943 5099 7731 8463
2740 351 2178 3986 4156 5874 6486 6923 8162 8902 9114 10109
2741 125 348 4895 5338 5863 6305
2742 28 3000 4001 5863 6276 6596 6597 7874 8002 8444 8609 9329 10514
2743 2815 5728 6133 8390
2744 24 2207 3319 6608
2745 420 2390 4396 9733
2746 569 1568 1775 2668 2744 4352 6429 7199 7289 7522 7947 9240 10247
2747 216 767 2328 9885
2748 988 5666 6358 7374 9338
2749 455 1308 2494 7603
2751 583 588 1858 2067 4072 4198 6876
2752 1314 1727 5501 7291 7456 7822 8722 8819 9305 9380
2754 540 662 6168 8105
2755 1463 1528 1529 2964 3454 4000 4779 4895 4938 5013 5917 7173 7818 9581 10176
2757 279 1178 3132 4036
2758 149 204 345 662 707 1282 1331 1346 1523 1569 1647 1721 1989 4385 5747 5871 6491 6958 7054 7112 7304 7858 8415 9160 9329 9420 9424 9835 10155
2759 362 4700 5460 7878 8569 9461
2760 2622 2629 6784 8521
2761 3315 5319 7054 9346
2762 96 2059 4784 4960 5176
2763 588 4072 8231 9276 10416 10447
2764 149 204 662 1254
2765 1329 1331 1892 5338 5984
2766 2424 7628 9482 10579
2767 19 1661 1722 1727 1858 2123 2145 2204 5410 5782 5863 7023 7668 8161 10030 10047
2768 1666 5634 7194 8303
2769 434 905 1666 2457
2770 1394 4755 7663 9955 10031
2771 354 641 1394 2046 2658 4298 4602 7767
2772 874 2484 4045 6808
2773 362 1329 1331 1721
2774 2265 8106 8458 8765
2776 621 1894 9149 9286
2777 5604 6985 8554 8695
2778 23 3712 6775 7437
2779 1246 1593 4214 5859 7211 7874 8800 9885
2780 1144 5899 6108 8066
2781 707 953 1329 1331 7848 8189
2782 77 1186 1559 2804 3471 4391
2783 707 1329 1331 4830 6494 8272 9157 9492
2784 2875 3464 3465 4954 8078 8806
2785 115 274 1171 1177 2746 4175
2786 4020 6740 7402 9450
2787 1603 2850 4312 5478
2788 181 711 1496 10550
2789 1340 2092 2391 2541 5601 5823
2791 77 1469 5826 6720 6844 7603
2792 583 588 9135 9230 10343
2793 3599 6069 7678 10006 10500
2794 2583 6375 6474 6475 9370 9468
2795 583 588 4687 7004 8231
2797 1568 4830 6394 7180
2798 545 707 1177 1329 1331 1721 1868 2914 4243 4700 6554 9363 10488
2799 202 1539 3486 5616
2800 9189 10014 10457 10489
2801 2126 2857 4172 4981
2802 3513 4674 6411 8879
2803 583 588 2568 2709 7962 9530
2804 928 1841 5982 9403
2805 1459 4605 4654 8147 8421 8920
2807 1332 1565 1819 2290 4918 8152
2808 24 633 1125 1191 1239 1394 1465 1790 1874 2035 2047 2054 2115 2592 2661 2961 3091 3576 3609 3904 4066 4431 4606 4641 4768 4938 5649 5672 5721 5724 5889 5929 6375 6491 6664 7078 7934 8132 9296 9303 9485 10033 10117 10400
2809 2464 2724 4468 8536
2810 5788 6079 8184 10437
2811 588 1163 8718 9286
2812 2056 2843 3646 5324 8103
2813 2791 3179 8144 8854
2815 1269 2312 2696 3486 4198 4587
2816 60 542 1178 5460
2817 63 381 502 593 1090 1284 1558 1771 1920 1928 2009 2259 3730 3932 4582 4583 5134 6599 6674 6700 6836 6876 6920 6974 7291 7439 7731 7872 8465 8737 8939 9025 9559 9741 10135
2818 1280 6073 7823 8371
2819 149 1177 4165 4842
2820 9081 9268 9269 10139
2821 316 320 323 325 926 1387 2308 3770
2822 203 1576 3873 4547 6905 8338
2823 1010 1149 1269 2640
2824 1023 1329 1331 1721
2825 311 1404 1405 10262
2826 511 1256 2993 5747 6905 8106
2827 2207 5128 7338 7402 9673 10069
2828 643 2979 4882 5863 6741 8448
2829 662 2391 2704 2958
2830 3691 6774 7002 9648
2831 125 1108 1329 1331 1721 2766 3269 4770 5874 6029 6377 7131
2832 4981 5988 6018 6440
2833 460 462 464 2351 3579 7081
2834 34 381 588 2150 2576 8068 8554 10239
2835 917 1391 4789 8919
2836 707 1331 9189 10410 10611
2837 1980 2613 2746 4415 5001 10069
2838 204 1861 4077 8535
2839 7498 7798 7940 8072 8519 9217
2840 1049 1561 3824 6664
2841 4700 7819 9158 9318
2842 2046 2509 5688 7710
2843 1693 9492 9679 10266
2844 3830 5478 5746 8227
2845 655 658 3111 8207 8881
2846 1329 1331 1340 1721 1868 2303
2848 235 1394 5460 5474 6557
2849 1174 1780 2114 8448 9976 10111
2850 583 588 2265 5604
2851 1186 1284 2047 2123 2522 3110 4463 6816 6941 8506
2852 3558 4377 5478 7891 9400 9435
2853 707 1329 1721 1868 2590 2607 2724 2931 3645 3986 6429 8207 8599
2855 887 3569 5472 7642 8748 10237
2856 641 1222 2229 4428 8496
2857 707 1331 1721 8797
2858 4261 4974 5016 7663 10413
2859 2621 4592 5735 6741
2860 24 354 538 542 746 1255 4703 5375
2862 1216 1446 4764 9420
2863 2928 7385 7644 8310 9029 10229 10383
2864 1186 4700 5812 7040 9025 9489
2866 1749 5396 5721 6245
2867 1329 1331 1721 1773
2868 1802 2670 5600 7438
2869 668 1300 8569 9661
2870 2820 4719 8375 10120
2871 213 697 819 2853 5973
2872 359 1499 2590 2668 8064 8436 8704 9386 10056
2873 903 5123 6814 8722
2874 117 149 6428 10451
2875 3526 3845 4011 4684
2876 420 1007 1061 1332 1430 2162 2164 2383 2982 4020 4734 7807 8731 9714 9733
2877 847 848 1932 2236 4996 5460 5778 6099 9023 9609
2878 2581 3988 6081 6125 7098
2879 183 588 591 4214 8231
2880 472 1254 2368 4968
2881 390 706 1340 2188 3943
2882 2364 4797 7674 10077
2883 5558 7543 8074 10120
2884 2945 3072 6157 7961
2885 2941 5621 7023 7933
2886 1246 1255 1298 1446 4261 7874 8000 8388
2887 501 1081 8106 8718 8765
2888 263 381 579 583 678 1446 2098 2884 5530 6642 6715 7628 8162 9240 9767 9933 9952 10146
2889 569 1727 5984 8106
2890 635 1329 1331 1721
2891 2959 3120 7248 10355
2892 1932 2215 3773 6494
2893 1868 5721 5728 7491 9123 9885 10147 10578
2894 293 766 2642 4214 5526 5977 9849
2895 1246 2509 2802 4450 7028
2896 1342 4700 5947 6206 7054 8323 9971 10305 10508 10537
2897 125 1617 1894 2122 2445 4382 7441 7874 9005 9148 10022 10069 10578
2898 95 149 183 204 354 359 784 1330 1340 1394 1710 2105 2115 2262 2343 2561 2567 2576 2649 3472 3674 5060 5721 5981 6014 6968 9885
2899 3683 4198 10155 10160
2900 380 1219 1790 2504 5363 7874
2901 389 641 6299 6709
2902 662 1139 4975 6901
2903 353 679 1550 5223 7881
2904 2149 3043 6731 8057
2905 179 569 1727 4980
2906 975 995 5802 7266
2907 1127 4014 7049 9919
2908 3841 4472 5080 5308
2910 2760 6499 6831 8036 8369 8795 8948 9025 9386 10266
2911 2811 3984 4517 6263
2912 2815 4168 4604 6862
2913 91 5265 6209 6831
2914 4318 5430 6925 8039
2915 489 2974 4267 4945
2916 2185 3730 6560 6823
2917 35 351 6076 6764 8486 9145 9493
2918 1340 1868 5075 5194 6393 9979
2919 1346 3683 4505 5053 5180 5682 6034 6692 6743 7523 7717 7770 8033 8524 8919
2920 352 1327 1346 1394 6985
2921 353 425 678 1568 1708 4563 5001 5307 8516 8972 9937
2922 24 1894 4198 5478 5706 7691 8116 8815 9064 9155 9349 9442 10261
2923 2317 4588 4589 8103
2925 5905 6876 7489 8738
2926 125 1340 1868 2845 3254 6846
2927 5830 6881 7003 7435
2929 420 4893 9541 9733
2930 1255 1446 3000 9550
2931 351 381 1552 1569 1721 2265 3211 6645 6782 9441 9481 10295
2932 5657 5984 8444 8763 9740
2933 3352 3652 5643 6740 6775 8379
2934 3094 3223 4214 6905 8404 8849 9386 10411
2935 1246 3000 3956 6293 7164 8198
2936 211 2560 3454 4883 5657 6468 6546 6553 7415 7817 7818 7819 7865 8300 9165 9386 9768 9813 10371 10596
2937 150 2047 3094 7165
2938 1568 5246 5719 8946
2939 145 703 708 1340 1657 1673 1868 2658 3958 5656
2940 2047 3249 5807 8164
2941 5359 8415 9005 10035
2942 164 7600 8039 9216
2944 1878 5462 5721 5823 5947 8162
2945 7006 7823 9723 9775
2947 7435 7596 7794 10478
2950 2576 2661 3317 4417 4475 5932 6345 7558 8479
2951 573 1523 2162 5285 5823 6113
2952 14 583 588 591 662 1330 1451 1710 2652 2729 3022 3094 3254 4436 5736 6699 8103 8231 10450
2953 2811 4953 5207 7577
2954 7289 7935 8686 9144
2955 203 4537 8106 8672 9515
2956 1329 1331 2043 2766 5778 6959
2957 1749 1813 5314 6982
2958 199 355 520 579 586 1261 1329 1575 1660 3393 4773 4915 6004
2959 459 573 579 8132 8551 8834
2960 635 1191 1894 4991
2961 545 569 641 1240 1451 1469 2960 3645 3961 4068 6545 6876
2962 2208 7646 8783 9259
2963 253 302 308 932 1553 2516 2761 4050 8103 8115 8369
2964 1494 1918 4864 7054 7069 7460
2965 1290 1971 4111 4741 5569 6079 8128 8786 10239
2966 5721 8746 8936 10261 10375
2967 35 381 1249 2328 2564 3000 7691 8185 8375 8418
2968 3000 8285 8620 9481
2969 351 569 583 588 3000 3248 7942 8231
2970 36 5884 6787 8222
2971 703 1102 2047 2126
2972 2042 4437 5653 6699
2973 7402 8664 9406 9813
2974 1961 2495 5722 6039 6264 8381
2975 1878 2269 6001 6916 8763 8941 9791 10058
2976 9966 10032 10161 10555
2977 1454 1710 2015 2655 4582 6164 6504 8065
2978 7063 8381 8497 8763
2979 707 1314 1329 1331 1496 2047 6494
2980 707 1331 1666 1721 2885 5333 9713
2981 149 204 273 274 1980 1985 3302 7166 7815 8272 8424 9169
2982 569 1868 6989 7013
2983 1092 2253 3632 4537
2984 23 1535 1594 4992
2985 858 3556 3896 4198
2986 437 588 662 1411
2987 569 583 5460 8231
2988 1329 1721 5794 6527 6545 8795
2990 273 4464 4744 5562
2991 25 164 569 982 1152 1340 1445 1569 1726 1727 1853 1868 2310 2744 2967 3680 3752 4256 4383 4473 4691 5300 5861 5983 6390 6429 6886 6905 6923 6942 7272 7338 7566 8006 8007 8090 8201 8369 8676 8728 8771 8795 8867 8963 9128
2992 5506 6359 7233 8237
2994 200 1329 1331 1721 2189 2240 4830 8928
2995 116 253 2860 4349 4500 7245 7637 7925
2996 1294 1773 2564 4700 6992 7799
2997 1891 4480 4830 8362 9025 9782 9899 10341
2998 5102 5994 6805 7335
2999 583 588 2592 2696
3000 420 5535 5943 9733
3001 2989 4696 5703 8621
3003 2900 3216 3819 5040 6831 7484
3004 2040 3941 6122 6740
3005 24 211 351 381 569 662 805 1186 1187 1269 1775 1893 2253 2678 2873 3043 3132 4198 5807 5929 6001 8636
3006 900 3924 4356 7931 8093 8902
3007 291 366 2043 3337 5460 6546 6717 10330
3010 211 260 569 697 782 784 1186 1187 1213 1293 1331 1705 1721 2523 2546 2729 2815 3138 3342 4214 4590 4685 4700 4817 4875 4876 5064 5244 5305 5543 5724 5892 7312 7374 8106 8444 8499 9030
3011 1340 1868 5478 8625
3012 4098 7163 7891 10482
3013 1178 2047 2123 2745 7833 8106 8313 8711 10025
3014 1285 4422 5947 10482
3015 18 87 1007 1132
3016 351 569 2615 5672 8103
3017 711 1892 5256 6527 6776 8921
3018 668 848 1008 2216
3019 707 1329 1331 1721 8106
3020 1177 2850 8516 9157
3022 1340 1868 3798 6113 9005
3023 3690 9005 9408 9542
3024 459 628 679 889 2000 2590 3934 4063 4860 5101 5466 6087 6154 6471 9166 10214
3025 186 195 211 486 1055 1886 2578 2841 3925 9339
3026 104 1121 1617 5337
3027 1246 2265 6777 7275 7491 10549
3028 2128 2798 4465 7271 7949
3029 187 734 1125 2815 5506 5870
3030 149 204 1810 6519
3031 656 668 3427 10053
3032 3199 5328 7054 8039 8106 8322 9946 10608
3033 1139 1256 4906 6710 7876 8369
3035 155 583 588 2074 6941 9137 10060 10579
3036 440 442 6730 7289
3037 613 2162 2391 5260 5337 5581 10422 10424 10496
3038 2599 6209 6946 10442 10548
3039 1213 3519 3588 6876 8558 9903
3040 579 723 2864 3094
3041 989 2923 4289 8442
3042 1725 1982 6161 8711
3044 1240 1266 6938 8106
3045 420 1700 9733 9824
3046 706 1666 6172 8619 8720 8871 10110 10355
3047 408 409 583 2413 6576 8503 10024
3048 485 1373 2185 2452 3091 3731 4846 5724 6344 6476 6546 6564 6568 6590 6594 7140 7141 7394 7527 7532 7574 7737 7747 7758 7761 7777 7781 8876 9016 9365 9397 9556 9557 9589 9717 9741 9888 10003 10093 10300 10417
3049 2162 4351 4418 7927
3050 5300 6677 8225 8295 9266
3052 2413 7506 9823 9852
3053 747 8448 9346 10457
3054 1721 2261 4062 4746 7561 8235 9071
3055 354 1452 2293 5984 8116 10539
3057 71 130 264 502 532 1666 2555 2661 3867 5732
3058 311 437 4472 5179 9334 9820
3059 354 583 1979 6008 8231
3060 1970 5479 6661 7783
3061 1932 9677 9924 10017
3062 1298 1361 2801 5932
3063 1894 2661 3707 4148
3064 1635 2150 2262 2702 3634 4472 5077 6545 7143 7270 9084 9985
3065 2766 3440 4198 4687
3066 351 2590 5460 5871 5911 5947 6654 7215
3067 639 1319 4207 5154 5454 6447
3069 623 788 5564 7070
3070 2684 5475 6673 9261
3071 1213 1634 2194 4214
3072 128 2555 2852 4328 5608 5726 7133 7233
3073 1911 4423 9903 10331
3074 3519 3792 6698 7408
3075 2676 5721 7739 10356
3076 1019 1882 2454 7387 7816 10327
3077 2162 5797 7942 8408 8652 10239
3078 1796 1825 2134 2162
3080 707 1329 1331 1943 3302 3928 6958 9461
3081 25 35 1329 1721 2986 4911 5247 5334 7659 7937
3082 313 1404 5836 7504
3083 936 1285 2296 3783 3902 4690 9274 10425
3084 1329 1331 1349 1721 2590 3718
3085 351 689 691 1721 1888 2095 2184 4214 4741 4958 5217 5489 6737 7519 7677 8371
3086 3085 4104 8233 8700 9338 10312
3087 1280 1625 2238 6740 7239 7563 8511
3088 4585 6494 6861 6862 7025
3089 2567 4974 6774 6905 6947 7684 9311
3090 1464 2726 3945 7350 7356 7429 7877 8515
3091 707 1331 1346 1580 5034
3092 7823 7934 9832 10452
3093 125 400 485 622 1711 2254 5338 6779 10184
3094 1459 2886 9212 9462 10371
3095 34 3000 7402 8375
3096 484 2179 5080 6247
3097 89 4905 6130 6985
3098 1132 1320 1528 1866
3099 251 2773 3431 3434 3492 3494 5190 5617 6283 8030
3100 28 713 1191 5393
3101 211 707 1329 1331
3103 253 328 1191 3217 4184 7500 8498 9612
3104 583 588 8231 9831
3106 1340 1868 5436 10516
3107 598 641 1932 2246 7072 7180
3108 187 3588 4809 4883
3109 24 707 1329 1331 1721 1904
3110 54 608 2156 5626
3111 538 1342 2555 4475 5736 7289 9769
3112 1830 2579 4689 9548 9659
3113 24 7148 7777 8515
3114 2215 2913 4975 5160 5747 5873
3115 959 1096 1620 1864 2897 6494 7007 9268
3116 195 883 3000 10145
3117 181 768 4923 5038
3118 348 641 1568 4198 6982
3119 3513 5706 6806 8415 8652
3120 1438 1894 6797 9150
3121 2443 2444 6518 6941 7093 8711 9222 10426
3122 2510 2511 4417 5796
3123 18 24 588 1721 1911 2238 5721 6701 9109 9386 9590 10495
3124 707 1721 2207 3473 4277 9578
3125 381 2359 7721 8424
3126 588 639 5228 5721
3127 707 1329 1331 1721
3128 1782 2178 3139 3252
3129 2596 3277 5147 5874
3130 707 1329 1721 8207
3132 4584 4858 6983 9380 10239
3133 540 1496 1810 3091 4608 5564 5702 5721 5966 6505 6722 7475
3134 662 707 1331 4199
3135 24 583 588 1937 2800 4041
3136 18 69 1249 1331 1443 1721 1727 2424 5647 7230
3137 1226 1380 5251 8230 9105
3138 2824 3950 5721 6624
3139 165 4495 8911 10350
3140 2820 7358 8046 8894
3141 363 3134 3150 3645 3937 4172 4485 4524 5672 5807 6837 10266 10334
3142 1980 3974 8285 10356
3144 6070 8034 10249 10482
3145 309 576 1508 3355 6518 6943
3146 583 588 5460 8231
3147 8106 9067 9440 10132
3148 228 361 381 472 4700 6905 9792 10069 10256
3149 770 1061 1447 4554 7569 8112
3151 1255 1743 1944 4338 4959 5518 5647 8442 9746 10239
3153 4198 6163 6494 8337 8415 8704 9025
3154 5460 9240 9937 9970
3155 1498 2564 7799 7823 8717 9406
3156 413 1049 1178 1568 5460 5761 5778 5836 6140 7142 7551 7765 7950 10013
3157 292 583 588 9113
3159 1708 7402 10125 10373
3160 305 4719 8080 8081
3161 3728 4066 6245 6575 9982
3162 361 1568 1959 3717 5746 7205
3163 969 1369 2220 2772
3164 1421 4734 9052 9993 10541
3165 707 1721 5947 8303
3166 303 814 909 1384 1628 2494 2653 2709 3783 4556 5383 6846
3168 2421 6026 9128 9499
3169 2366 2394 3427 6265
3170 7229 8157 9048 10170
3172 675 1459 1484 1727 2115 2265 5137 9054
3173 203 459 523 529 538 579 635 641 707 1079 1152 1210 1285 1329 1331 1394 1452 1528 1703 1721 1836 2108 2229 2377 2590 2744 2837 3318 3579 3672 3811 4357 4779 4780 4830 4862 4896 5031 5556 5747 5984 6496 6527 6701 6713 6876 6989 7262 7533 7763 7865 7908 7937 8047 8111 8363 8429 8437 8511 8636 8874 9178 9421 9956
3174 9 101 5634 7275
3175 75 4297 4355 4674 5356 6134 6582
3176 154 2498 5874 6136
3177 76 97 3000 3365 3657 3691
3178 311 437 1246 4576 6276 7353
3179 3664 5428 6421 8902 9858
3181 5982 7722 7940 9800
3183 410 2010 4117 5246 6494 6580 7484
3184 428 2684 7306 8872
3186 1094 3269 4557 4825
3187 3521 4509 6106 8230
3189 2593 3858 4691 5747
3190 169 2763 4475 9162
3191 177 579 583 588 722 960 3707 4638 5460 5863 6290 7708 10558
3192 707 1329 1459 1721
3193 1526 4773 5321 8625
3194 1340 4463 5722 6377
3195 187 351 711 1269 3519 4207 4584 5851 6076 7028 8343
3196 6611 9767 10120 10452
3197 2661 4686 6435 8039 10512
3198 638 6556 7731 10136
3199 5209 5779 6147 6831
3200 1469 2921 3920 6941
3201 583 588 5460 8231
3202 366 583 588 6076 7180 8231 8337 8652
3203 762 2824 3941 4010 8103 9025
3204 707 1246 1329 1721 4512 10420 10534
3206 1005 1306 1408 5339 6547 7659 9052
3207 187 1888 2965 8826
3208 1256 2658 3726 8248 8610
3209 4943 5711 6435 8194
3211 3318 4830 5460 8511 9469 9750
3212 2766 6545 6978 8988 9714 10386
3213 354 378 379 583 588 1080 1599 2143 2328 2949 5223 5321 6819 6878 8231 8644
3214 1955 2339 4974 7289 8717
3215 408 1246 2649 3458 3688 7783 9220 9329 10457
3216 87 208 1176 1345 1666 1981 2253 2565 3051 3382 3451 4684 4700 5482 6070 6969 8039 8346 8552 8744
3217 603 608 761 906 1120 1340 3556 8106
3218 130 2583 4350 5393
3219 527 3259 5460 10478
3220 2030 2364 5460 8599 9485
3221 1014 2216 2848 3000 9241 9590
3223 366 1340 1868 4452 4550 4768 5460 6958 8485
3224 649 707 1329 1331 1721 5929
3225 706 2689 5128 8448
3226 160 501 569 1955 5300 6989
3227 416 6070 6868 6888 8509
3228 149 204 1340 1868 2639 2782
3229 3961 4554 5159 6031 8837
3230 588 784 2211 4628 7442 8231
3231 515 707 1330 1331 2237 2475 5050
3232 1727 2195 6958 7126 8165 9267
3233 2627 3619 7639 8116
3234 24 721 1694 2384 2558 3318 4584 7412 9265 9745
3235 2677 4915 8106 8285
3236 34 1576 5874 10147 10322
3237 707 1329 1331 4349
3238 4718 6808 7914 8128
3239 1727 4198 7619 10479
3240 439 2949 4621 5265 7215 7627 8122 8641 8711 8880
3241 707 1331 1721 6429
3242 1310 1773 4592 5576 7284 8695
3243 1304 4869 4915 6496 7880 9732
3244 501 1667 1895 3830
3245 1340 1868 2590 6931
3246 583 588 2552 7964 7976 8350 9148 9806
3247 2583 5378 7402 9493 9679 10450
3249 496 652 998 1727 2369 4733
3250 5984 7335 9722 10583
3251 348 2270 2613 3652 8272
3253 149 5721 7619 9442
3254 583 588 5466 9386
3255 889 1213 1858 1893 2043 2457 2664 7289
3257 569 2237 4748 6108 8343
3258 176 261 1932 2364 5460 5874 6438 6701 9975
3260 1969 5807 6182 6478 8607
3261 273 274 903 1142 1143 1144 1340 2884 7833 9588
3262 405 780 5456 6494
3263 210 2555 3000 5379
3264 554 902 1245 2732 9861
3265 469 1222 4877 7180 8637
3266 2793 6117 6333 6905 7096 7698 7760 8143 9712
3267 318 587 3869 4674
3268 156 583 588 2217 4139 8231 8401 10583
3269 569 1319 3899 5478 5846
3270 1451 4700 7823 10466
3271 1890 1967 2332 4891 5362 5460 6392 7114 7235 7338 9147
3272 1246 2713 6122 9885
3273 4198 5724 7619 7758 8106 9684
3274 579 697 2677 3564 6701 6873 7009 7773 8257 8751
3275 274 1222 2965 4050 4623 4700 6247 7022 7358 7998 8389 8399 9214
3276 1404 2586 5643 8390
3277 360 1780 1939 5984
3278 606 3645 3956 4698 8162 8590 9115
3279 2524 6004 8448 10450
3280 211 554 4527 4642
3281 583 641 1186 1187 2047 4108 8103
3282 308 1330 1710 2828 4454 8244
3283 540 3361 3645 3646 4289 8988
3284 2768 6385 8136 8272 9810
3285 366 545 1329 1331 1721 2051 2820 3318 3819 4214 4700 5079 6831 7075 7264 9160 9572 10311
3286 2509 5535 9782 10113
3287 149 348 470 1340 1868 2631
3288 4603 6701 7107 8987
3289 1641 1959 2512 3000
3290 639 1932 6701 6743
3291 1847 5001 5014 7783
3292 24 204 299 313 964 967 6564 7592 8141 8309
3294 5835 8350 9259 10559
3295 2856 2879 2888 5620
3297 409 4932 9546 9661
3298 605 707 1329 1331 1721 2015 4066 7059 8813 9370 9678
3299 24 299 2377 3520 8338 9166
3300 620 2127 2377 4684
3301 318 857 898 1010 1387 2586 4189
3302 5545 5791 7172 7438
3303 1446 3000 10064 10167
3304 379 2216 2983 7440 8413 9915
3305 5529 7690 7711 8487
3306 583 707 1331 7338 8231 8764
3307 211 1868 2766 5672 5721 5823 5871 9023
3308 12 641 5296 7273
3309 630 636 892 1104 5721 7054
3310 1862 5460 5721 8415 9599
3311 3644 6837 9782 10354
3312 101 5712 5861 6533
3313 5761 6502 6594 7143 8205
3314 164 306 351 467 747 952 8401 8637 8909 8921 9493 9908 10201
3315 305 635 3593 9219 10156
3316 149 179 2658 4101 4214 4589 4700 5736 5780 6073 6169 6180 6403 7908 8094 8569 8662 8902 9949
3317 1921 1928 6108 6569 6737 9041 9386 9928
3318 246 1228 2229 2962
3319 707 1329 1331 1721
3320 8056 8182 9031 9180
3321 18 2958 6124 8106 8303 9046
3322 2162 2555 4481 7432
3323 569 3615 6914 7266 7751
3324 998 1008 1645 2321 8827
3325 2102 2202 5642 5706 8665 9395
3326 486 2886 4452 9339
3327 662 707 1329 1331 1710 2283 4936 5698 8053 8859
3328 203 662 6968 7448 9442 10266
3329 1182 6627 7880 9470
3330 260 5040 9244 9624
3331 1280 1755 1876 2732 6192 8338 9861
3332 1326 6073 6427 7678 9809 10290
3333 866 3797 6445 9177
3334 56 1156 1446 2382 2555 2576 5686 7808 9005 9416 10020 10076 10118
3335 2570 3000 9091 9723
3336 211 261 775 1177 3248 3553 3813 4261 5277 5574 5779 5984 6122 7572 7639 8128 9372 10574
3337 213 1007 2446 2556 2631
3338 1827 2214 2536 4011 4361 4362
3339 211 484 1329 1331 1721 5537
3340 1711 1868 2720 4588
3341 311 2391 8471 8725
3342 1662 4261 7996 8498
3343 4072 4198 5984 6094 8633
3344 7823 8064 9998 10570
3346 154 651 5349 6550 10198
3347 167 8148 8793 9782
3349 1148 3604 3689 5129
3350 301 470 767 819 1408 1624 3896 5456 6166
3351 1007 4283 6914 7133 8555 10047
3352 191 293 5828 7878
3353 729 4838 5763 8919
3354 514 2285 5984 6252 9485
3355 1311 1346 4403 9758
3356 583 588 606 609 707 743 1459 1477 1721 1761 2590 2808 4891 5121 6336 6536 6737 7481 8231 9873
3357 228 3050 4584 7822
3358 5370 7977 8172 10535
3359 3522 5573 5943 7545
3360 211 1576 3505 7054 8106 8902
3361 299 626 1478 1888 3456 4967 5031 6701 6872 7195 7336 7687 8052 8054 8285 8603
3363 1568 3609 6639 6985 8103 9712
3365 730 1280 4475 5728 8762
3366 4475 5118 5779 5884 9338 9764
3367 507 987 2080 5366 5702 7472 8424 8699 8731 9338
3369 2284 5856 6619 6743 7516 7537 9680 9773
3370 215 381 768 819 997 1799 4014 5250 5832 7569 7821 8919 10533
3371 253 951 1935 6936 8965
3372 2026 4139 4328 7233
3373 216 251 424 585 610 654 786 812 892 917 1001 1007 1282 1338 1529 1586 1645 1858 2027 2171 2215 2217 2227 2364 2494 2555 2672 2949 3094 3445 3619 3888 3979 4366 5244 5395 5762 6253 6717 6831 6891 7022 7097 7181 7737 7845 8010 8415 8463 9611 9727 10041 10162 10239 10453
3374 351 362 1177 1399 3758
3375 1894 3646 4207 7862
3376 1394 1727 2047 2327 2538 2720 2825 3652 5721 7338 7833 9029 10069 10137
3377 15 16 190 309 346 362 412 488 538 554 692 693 765 1090 1144 1269 1371 1566 1754 1893 2060 2105 2108 2207 2766 2961 3352 3713 4045 4050 4214 4306 4583 4741 6339
3378 767 1879 2982 3914
3379 719 1340 1868 2260
3380 662 1155 1327 1454
3381 678 2070 3581 5079 5984 9983
3382 1346 2049 4910 5040 6136 6246 9346
3383 2859 5129 6405 6686 7739 8424 8665 9134
3384 2364 3858 8057 8952 9046 9286 9588 9609 9624
3385 351 353 692 706 1347 1868 4830
3386 1340 1726 1868 4198 6985 8555
3387 469 1830 4474 6775 7052
3388 1096 1222 1568 2757
3389 1617 4020 7039 7952
3390 355 2002 2974 4120 5001 5225 5625 8443 8569 9802
3392 6070 8048 8732 9607
3393 3436 7136 8055 8598
3394 3622 4098 5478 8116
3395 547 629 2541 2915 4535 6245 6565 6598 6643 8062 8886 10137 10354
3396 104 756 1841 2811 4351
3397 261 728 2624 4198
3398 814 2397 2591 6494
3401 721 1193 2708 3312 6854 8285
3404 260 1861 2256 4123
3405 579 5154 6597 7435 7987 8569
3406 501 1561 3020 8846
3407 874 1534 1666 7807
3410 765 2976 5884 5993 6228 6478 7089
3411 498 520 2589 5911 7376 7505 7621 7783
3412 381 6001 8106 8269 8885 9240
3413 707 1329 1331 6699
3414 3645 4523 6107 6882 9306
3415 586 1186 1187 2105 5721
3417 4558 5460 6989 10552
3418 2164 3915 7361 9550
3419 4264 4442 5736 5993
3420 365 588 3653 8105
3421 618 1340 4678 8743
3422 1941 2004 2105 2627
3423 211 1213 5460 6884
3424 2565 4068 5526 5929 6406 6497
3425 2427 5059 6739 6784
3426 1459 1489 2194 2884 4611 5635 5728 10424
3427 86 594 3645 9186 10415
3428 1790 1868 2149 4869
3429 2120 2162 2749 8506 9627 10257
3430 149 204 964 1369
3431 5094 6071 7007 9269
3432 7823 8074 9058 9470 9813
3433 1953 2704 4556 8471 9492
3434 2704 4948 5460 9762
3435 1894 3615 3923 4337 5678 7440
3436 5721 5874 6873 8446 9329 10086
3438 2321 3000 5304 7899
3439 3451 6024 6623 8039
3440 591 650 707 1331 1338 1376 1394 1721 5536 8424 9166
3441 641 662 3094 3135 8106
3442 1539 4533 5984 9132
3443 5075 6108 7013 8830 9161 9872
3445 155 162 361 571 3769 4565 5460 6641 7166 8251 8271 9677
3446 1724 1792 6645 6891
3448 1837 1838 1839 8313
3449 311 437 1574 3006 5125 5460 6391 7558
3450 707 1331 1721 6833
3451 257 1092 1932 2286 8795 8844 9025
3452 2757 4838 5553 9668
3453 662 2119 2125 2585 4475 4601 7266
3454 392 540 2487 6076
3455 321 611 1106 3874 4732 6494
3456 653 6715 8106 10458
3457 1914 3649 7356 7706 10232
3458 1256 7685 8278 8468
3459 2851 5424 5500 5984 6566 9493
3460 962 965 3844 5412
3461 3730 6259 9543 9588 10420
3462 408 3859 10378 10408
3463 1078 1378 2956 3837
3464 2695 4700 7567 7817 9097
3465 2992 2993 5338 6214
3466 351 583 1832 8231
3467 1271 7796 10256 10611
3468 502 2155 2555 2993 6905 9790
3469 78 118 3609 6831
3470 418 658 1819 8039
3471 371 986 1014 1062 2275 2908 7569
3472 260 351 1304 3934 5873 7509 7925
3473 87 2152 2402 3758 8106
3474 334 2010 5376 5943 6281 10079
3475 1489 2178 6896 9357 10391
3477 8 130 351 668 1550 1558 2243 2440 2536 2541 2658 2870 3077 3096 3411 3575 3702 3867 4076 5077 5433 6350 6627 6644 6940 8315 8342 8746 9060 9691 10333
3478 81 662 984 1340 1732 1868 3803 5747
3479 2323 2360 2598 4930
3480 1330 1710 2240 9861
3481 101 982 1340 2250 3560
3482 1246 1732 6775 7096 10017
3483 59 2762 3723 3927 4214 4881
3484 305 9277 9650 10425
3485 4639 5379 6739 7927
3486 1538 1568 1667 5672
3487 1329 1721 2786 6497
3488 164 719 1019 1304 6121 7684 9546 10130
3490 195 410 703 2171 2524 2833 3726 5104 6982 8302
3491 4392 5153 6442 7180 8278
3492 0 149 204 5392
3493 1203 1327 1946 4214 4974 7829 8162
3494 246 268 520 707 1329 1331 1340 1721 1868 4557 5823 8106 8551
3495 210 2153 2377 3985
3496 554 874 4640 5054 5724 6824
3497 2746 4990 6217 6499 6941
3498 361 639 1346 1355 1673 1826 1853 2000 3712 4557 5395 8106 8599 9513
3499 569 586 640 2123 3223 3986 4601 5133 5584 6367 6876 8057 9261 10394
3500 3507 3966 5728 5984
3502 25 5664 7511 8522
3503 880 1001 8748 10047
3504 1827 4599 5874 7936
3505 19 20 262 9252
3507 1327 2384 3128 4214 5068 7685
3508 25 225 423 4537 5024
3509 798 2877 3318 3347 3519 8314 9748
3510 4214 7823 8625 9723
3511 149 204 569 1666 2818 6673 7402 8368
3513 23 28 425 1178 2179 2805 4758 6076
3515 532 1175 1329 1576 1721 2118 2179 2364 2658 2724 3043 3174 5404 5723 6076 6077 6545
3516 1194 2677 3346 4304
3517 1433 2880 5398 6349 7464
3518 1350 3989 4472 6196 7090
3519 2674 4190 5461 5874 6299 8106
3520 156 305 1366 4193 5788
3522 371 380 1188 1893 2801 4478 7262 9008 9785
3523 583 588 1148 4365
3524 451 652 1421 1422 1977 2329 4686 7569 10512
3525 1223 1452 1568 1904 2555 2660 6958 6959 6982 8053 9166 10117 10239
3526 5489 7817 7819 8587 10411 10591
3527 1498 1893 2768 7823 9449 9830 10452 10473
3528 6496 6577 7138 8205
3529 2153 2470 2521 2583
3530 151 678 707 1314 1331 1721 1868 6160 7525 8759 9388
3531 18 1383 4690 4943
3532 1489 7145 7523 9517
3533 125 366 397 932 1066 1291 3000 4622 5055 5874 6019 7006 8751 9054 10146
3534 34 253 1207 1617
3535 579 3094 7103 10281
3536 3582 4859 6576 6985
3537 588 1894 2211 2621 5313 6686
3538 381 998 4667 7891
3539 8106 9157 9160 9588
3540 511 1346 8103 8555
3541 569 1340 1868 7923
3542 4622 5879 7331 9266
3543 596 1589 3331 4350
3544 963 3632 5190 6314
3545 352 1246 2109 2564 4435 5672 6594 8524
3546 1191 1666 3344 4214
3548 714 799 909 1122
3549 4171 4667 5379 6926
3551 8575 8675 9376 9852
3552 587 761 926 1862
3554 149 358 1052 1371 3472 9240 10069
3555 3772 4622 8718 9215
3556 1287 1790 2650 7905
3558 36 2509 4698 10400
3559 1609 4208 4462 5335 6701 7211 7887 8127 8421 8485
3560 1523 2688 5871 7205
3561 583 7131 8231 9015
3562 5001 6078 8207 8236
3563 31 1727 1972 2437 4667 7808
3565 368 999 1003 2807
3567 1177 3646 5460 7823
3570 583 588 2295 2549 2688 2766 3793 4896 5984 6194 8231 8795
3571 579 1893 3992 5874 6108 6386
3572 763 2567 2849 3235 3638 5984 6728 6941 8554
3573 707 1331 1721 3878
3574 1529 3382 4468 4538
3575 707 1329 1721 5984
3576 271 1269 2561 6076
3577 1108 1453 1712 2123 5250 5316 5851 9034
3578 1329 1331 1340 1721 1868 7964
3579 381 707 1079 1329 1340 1721 1868
3580 1340 1868 4198 8106
3581 623 788 1081 1666
3582 24 1329 1331 1721 7533 7616
3583 583 1589 8203 8425
3584 935 2556 4347 6437
3585 1619 1755 2062 4812 5984 8316
3586 569 588 707 1329 1331 3900
3587 6919 7787 8696 9102 9492 9605
3588 2740 3542 3925 5173
3589 257 366 1568 8555
3591 1340 1868 3020 7087
3592 381 569 662 1394 1568
3593 26 27 1246 1446 4554 4784
3596 706 1340 1868 1932 8534 8717 8795 9979 10296
3597 782 1955 2801 3802
3598 636 1457 1459 2260
3599 2162 2983 3471 4233
3601 1859 2317 3279 3999 5746 6991
3602 5 164 611 862 9177
3603 211 2113 5446 5967 6546 7335
3604 293 606 4773 6565 8127 9589
3605 30 7098 7697 10400
3606 103 1219 1831 4493 4639
3607 5305 6756 7306 7649 9546
3608 211 1177 1186 1187 4014 4048
3610 4646 8075 8185 8799 8865
3611 3830 3886 5176 7236
3612 1103 2170 2990 5721
3613 206 569 1340 1868 1980
3614 7080 8146 8797 8798 8916 9174 9215
3615 350 519 583 721 1459 1485 2533 2726 4214 4430 4575 4604 5175 5887 5907 5917 5992 6363 6879 6967 6975 7473 7704 8848 8991
3616 938 9189 9715 9903
3617 473 1265 2162 2846 3962 4132 4133 7065 7341 8039
3618 3000 6775 7391 8677 8873
3619 26 6276 6889 9493
3620 14 3094 3615 9025
3621 2083 2886 4584 4719
3622 101 6195 7929 8624
3623 2952 4261 5604 5721
3624 2824 4906 5369 6290
3625 843 4045 4700 5043
3626 3581 8390 8867 9148 9453
3628 4606 4938 6245 7526
3629 29 1647 2621 9493
3630 30 2136 3406 3639 4592
3631 3260 6660 8209 9823
3632 297 430 554 689 1300 1832 2237 3667 4304
3633 204 1342 2118 3473 5721
3634 569 688 707 1329 1721
3635 160 588 1223 8231
3636 1830 3020 7028 8106
3637 1256 1269 1727 5721
3638 3558 4097 4556 4678 6689
3639 5867 8369 9194 9532
3641 713 1623 1671 2268 3835 4149 4755 5637 5992 9920
3642 253 1268 2484 6076
3643 7463 7855 8424 9134
3644 2555 4557 5975 7465
3645 18 351 2153 2555 2661 4733 6151
3646 651 721 1576 4203
3648 356 845 1065 1177 1908 2115 2229 2287 2295 3707 4147 4335 5057 5476 6316 6868 8270
3649 668 1298 2579 4273 10355
3650 1239 1643 1646 2578 2801 2901 2981 4242 4315 5071 5692 7556 7673
3651 4391 4700 5247 6076 7755 9654
3653 2621 3758 8405 9615
3654 569 1932 3689 4198
3657 554 1330 1710 6671
3658 9345 9480 10031 10089
3659 4108 6377 8039 9255
3660 1394 4214 4581 6592 6701 7760
3661 2237 3850 8176 9214
3662 1107 3467 4417 4971 5242 6192 8627 9376
3664 4665 5916 10140 10319
3665 2051 2270 2689 4352 5749 8106 8972 9756
3666 3104 3507 5554 5779
3667 264 675 1067 1239 1568 1666 7068 8128 8901 9808
3668 662 707 1329 1340 1721 1932 2494 3688
3669 641 673 5984 6115 6268
3670 1133 4452 4959 7447 7475 7577 8292 8590 8769 9139 9718
3671 583 588 1990 8231
3672 308 2299 2340 2343 3091 3454 4779 5126 7503 9885
3673 490 1543 1589 3692
3674 179 1932 5461 5803 6876 7176 7793
3675 1658 1860 2617 4374 6884 7211
3676 2602 2636 2644 2974 3105 3813 5676 8457
3678 354 1868 5863 5984 6936 7554 9309 9522
3679 1932 6169 7794 7945 8921 9240 9257 9592
3680 520 5874 6772 8085 8534
3681 204 1340 1894 6001
3682 5525 6409 8896 9231
3685 707 1329 1331 5247
3686 1893 4757 8342 8795
3687 7081 7807 7930 8572 9462 10136
3688 392 1497 5788 7455
3689 3094 4869 9452 10321
3690 10 354 707 1329 1331 2740
3692 1936 4351 6279 8721 8922 8931 9679
3693 6039 6958 9025 9054 9491
3694 3758 5672 6399 8215
3695 538 6664 8290 9755
3696 190 1020 1449 1673 5781 7022 8207
3697 4078 5155 6765 7059
3698 2012 3665 5166 7577
3699 1342 1346 1452 1711
3700 1568 2364 6701 7022 10124
3701 1726 4407 5823 7438 8015 8471
3703 1421 3588 4741 7961
3704 517 832 936 1802 3558 7106 7720 9365 9493
3705 374 2352 4136 9539
3706 381 6590 6601 6898
3707 707 1331 2590 4896 4938 5316 5460 5721 8967 9489
3709 86 583 588 1346
3710 165 3991 4830 5899 8867
3711 579 2418 3348 4475 9645
3712 7308 9493 10164 10544
3713 2162 4417 5625 8563 8934 9940
3715 2117 2145 2633 4868 5092 5533 6660 8387 9427 10272
3716 707 1329 1331 4440
3717 5975 9416 9482 10168
3719 1394 2205 9240 9394
3720 1123 2640 3665 10478
3721 4475 5195 5460 5797 6163 8795
3722 707 1329 1331 1510 1721 4169 4532 4768 6111 6333 7131 7523 8401
3723 269 1284 1940 8493
3724 318 587 857 1100 7438 9837
3725 2592 5517 8103 8380
3726 707 1329 1331 1721
3727 195 1178 1294 1568 2177 2178 2647 2731
3728 696 1446 1732 3000
3729 351 5724 7876 8103
3730 1149 1344 1510 1943 2457 4300 7878 8548 8795 9537
3731 1249 4667 5721 7376 10239
3733 579 914 4452 4834 5577 5778
3734 356 1293 3819 5395 6440
3735 190 527 2823 6905
3736 4283 4554 6741 7335 7342 8555
3737 195 721 5498 9329
3738 24 420 728 1727 2766 4432 5943 9733
3739 361 1868 3844 6114
3741 154 160 595 1171 1178 2960
3742 1727 3463 3827 4162 7008 10000
3743 36 757 3000 6033 6884 6905 9493
3744 602 688 1868 3981 3982 8106
3745 1727 3135 4014 4802
3746 707 1329 1331 1721
3747 622 1211 1569 3436 3505 3988 4821 5388 6286 6429 7089 7489 8106 8747 9535 9713
3748 228 362 439 579 707 711 765 1329 1331 3000 3161 3588 5316 5501 6001 6003 6121 6159 6307 6365 6546 6882 6982 7220 8061 8697 9240 9286 9329 9485 9931 10202
3749 1784 4702 9279 9471
3750 194 3827 5316 7489
3751 1638 2427 5337 6404
3752 2726 9045 9047 9503
3753 1173 1269 1568 2047 2238 5190 6530 8278
3754 4668 4824 6099 7131
3755 1892 1928 5441 8040 8448 9160
3756 428 1096 1282 8106 9335 9708
3757 2672 4000 4575 4872
3758 5703 6259 6555 8569
3759 179 1329 1331 1721 1727 3436 4198 5230 6769 9335 9750 10146
3760 372 647 2718 7011
3761 338 1346 5189 5190
3762 378 379 3972 5223 6334 7874
3763 432 540 864 1122 4744 9885
3764 7289 7925 10108 10280
3765 641 1576 4198 5460 5874 6342 6905
3766 8303 8795 9842 10478
3767 1967 2208 2999 4559 8821
3768 24 1018 4667 5080 5824 5874
3769 15 2287 2569 2572 2886 3521 3576 3578 4582 4583
3770 7491 8593 8648 10226
3771 1878 4719 5535 7194
3772 305 1340 1868 6835
3773 149 204 588 5984 8231 8701
3774 6834 8366 9103 9733 10504
3775 211 569 1090 2283 2815 3726 3961 4307 5268
3776 155 162 1340 1868
3778 4981 5460 8976 9490
3779 5837 8128 8557 9095
3780 570 2264 2323 8106
3781 211 718 2178 2639 4566 4640 4719 6230 6824 6884 6959 7397 8338 9382 9462
3782 37 253 716 799 1047 5575 8795 9546
3783 24 569 9849 9883
3784 511 4198 9761 9970
3785 2746 4581 4591 10060
3786 210 952 1195 2741 2758 2811 4629 4936 5287 7016
3788 205 5325 6999 7936 8698
3789 583 588 673 707 1331 1721
3790 515 1643 2330 4329 4955
3791 275 7997 8649 10578
3792 4078 4798 8345 9662
3793 997 6320 7682 10299
3794 210 1594 7096 9314
3795 664 1562 3514 8442
3796 24 926 1346 1489 1833 1834 2280 6879 7799 9353 10191 10431 10469
3797 4374 7388 8718 10123 10199
3798 195 2066 2094 4214 8956 9122 9723 9885 10260 10331
3799 2607 6455 7736 7745 9016
3800 149 204 6876 8272 9174 10545
3801 35 1280 1480 3453 3588 4862 6659
3802 3866 7289 7612 8372
3803 354 1227 2772 6846 8503
3804 1329 1721 4214 4768 4892 5984 6943 8943 9950
3805 1142 2122 2744 4915 7140 7475
3806 767 1565 4198 4686 4734 5672 10239
3807 7380 7830 8536 8545
3808 354 1340 1868 6377
3809 381 579 4700 6438 7925 8702 8948 9766
3810 186 1150 7162 9233
3811 36 38 69 1264 4104 10400
3812 211 357 1888 1943 2768 4700 5351
3813 583 588 2535 8231
3814 3749 5873 9086 10234
3815 31 2801 2811 3093 3240 4417 4475 4964 10533
3816 362 586 1666 1932 1986 2891 4772 5723 5953 7492 8303 8921 9025 9490 9952
3818 2122 2487 2489 5475
3819 1584 3371 6876 10068
3820 583 588 1868 2243 4770
3821 707 1329 1721 7617
3822 204 2070 5460 8103
3823 1512 4990 6108 6962 8207 8441
3825 2571 2886 4584 8156 9380
3828 351 569 1329 1331 1371 1721 2116 2237 2607 2984 3135 4172 4768
3829 350 583 588 4183 6108
3830 210 1708 3982 8044
3831 1979 3486 6316 6454
3832 6198 6576 6951 9411
3833 8582 9800 10485 10493
3834 1246 1727 3683 7143 10021
3835 1375 1813 8844 9396
3836 0 77 361 600 984 1346 2047 2068 2689 3787 5460 5734 5883 7491 7833 8665 8936 9543 10062 10124 10125 10143
3837 5984 7383 9201 10344
3838 210 583 588 1256 2240 3889 4050 4638 5460 7333 8303
3839 1246 4739 7914 8044
3840 211 1583 1608 3864 4860 8349
3841 1989 2062 2651 5823 6968
3842 187 520 4214 10159
3843 275 1065 2302 4627 5553
3844 4754 6253 8108 8497
3845 362 586 1222 2057 3501 5984 8255
3846 1096 2348 3189 7897
3847 149 204 1568 8103
3848 1199 2629 6577 8779
3849 1459 5013 5874 6941 9471 9723
3850 249 891 1901 6212
3851 1173 1329 1721 3151 7264 8795
3852 4603 6923 7554 7723
3854 3792 7925 8628 8629
3855 3615 5935 7237 8506
3856 569 1459 6070 7742 8939
3857 587 681 1867 3122 4469 10361
3858 1487 2590 4860 5302 5698 5716 8467 9025 9892
3861 569 579 1346 3346 5672 6577
3862 635 1577 3135 7604 8303
3863 6001 6003 6657 6822 7519 8119 9928 10433
3864 641 1024 1177 2960
3865 583 588 1222 1306 1330 1597 1611 1710 1951 2229 2461 2752 2766 5271 6070 6108 6495 6528 6568 6575 6593 6609 7628 7950
3866 410 734 970 7569
3867 3211 4931 6420 9392
3868 6505 6546 6565 7093 7142 7199
3869 397 2144 2512 4700 8150 9206 10239
3870 1780 2207 2225 2590 3174 6128
3871 1526 2815 2964 3457 3672 6247
3872 420 3838 3839 9733
3873 2292 5333 8718 8921 9386 9784
3874 2047 4521 8664 8795 9843
3875 359 929 1568 6399
3876 3986 4721 4824 4899
3877 2254 5555 7159 8271
3878 1246 3758 4280 4756 4966 5313 5837 6088 6409 7096 7245
3879 569 1340 1868 3431 6982 8415 9850
3881 34 2576 6743 7875 8788 8804
3882 4757 8959 9200 10445
3883 184 1186 1187 1293
3884 668 2668 5553 7700 8116 10138
3885 2510 5863 6905 7274 7491 8688
3886 37 2162 8087 9148 10494
3887 1149 1178 1327 4719 5874 7013
3888 149 216 880 7708 8103
3889 355 1200 1394 5745
3890 2295 3485 3486 3730 4537 5191
3891 6943 7356 7363 7545 7879 9233
3892 1577 4826 8537 10417
3893 913 1067 1538 2774
3894 5070 5846 6036 7049
3895 707 1329 1721 6751
3896 3369 3610 4583 5460
3897 216 492 1824 2982 4121 4689 5373 5882
3898 2942 3649 4700 4705 6840
3899 1732 9226 9846 10239
3900 253 1514 1835 4646 7674 10451
3901 228 7751 8269 10069
3902 1327 2854 3471 8629
3903 3163 4022 4349 7385 8618 10161 10252 10423
3904 767 1051 2293 2877 5565 9608
3905 78 2143 4990 7582 8444 8557
3906 1138 6262 7050 9323
3907 2214 3601 5460 6689
3908 569 1340 1868 4198
3909 4279 4280 9673 10291
3910 306 3202 10143 10423
3911 2815 4615 5334 6941
3912 211 351 707 1329 1331 1606 1695 1721 2564 5932
3913 0 3420 3707 5322 8916
3914 244 1854 5987 8342
3915 635 636 1496 2609 4048 8362
3916 1268 5379 8358 9338
3917 1293 3283 5929 6580 6929
3918 472 542 5823 7211
3920 1453 1483 1783 3143 3844 4662
3921 165 319 341 1599 1721 3253 3726 3925 9999
3922 1340 1868 1932 3020 10507
3923 2833 4827 8741 9148
3924 96 240 542 543 678 2240 2492 2690 2814 2815 3237 3240 3644 3925 4214 4299 4584 5012 5343 5460 6645 6831 6889 6958 7738 8413 8554 9723 10500
3925 125 305 2480 2768
3926 588 3683 5418 8231
3927 18 538 3436 3988 5984 6184 7774 7782 8431 8772
3928 125 1486 2825 5149 8243 9524
3929 525 2684 3429 4768 5318 5846 9518 9726
3930 5663 5807 7405 9801
3931 7793 8137 8555 9488
3932 4667 8645 9067 9441
3933 554 1340 1868 2942 7865 8361 8451 8836 9030 10287 10475
3934 1255 1708 3163 7054
3935 4902 5672 6145 7306 9588
3936 2264 4929 5478 9322
3938 2766 6985 7338 8765
3939 641 1711 1909 2250 2749 4824 6764 8278
3940 202 538 1451 2404 2474 5823 5874 6666 8579
3942 389 1000 2945 8106
3943 4020 7402 7415 9813
3944 1268 1280 1791 3265 5171 7987
3945 2257 3264 6082 8863
3946 24 1394 3000 7236 7934 9329 10167 10533
3947 934 1377 1378 4709
3948 417 449 6108 9174 10290 10452
3949 1481 4013 4635 6606
3950 36 2509 3054 4336 4488 4944 5863 5902 9716
3951 1726 5478 5570 6324 6805 7891 8665
3952 6985 7934 8080 8128 10120
3953 7 2567 3852 7833 8470 10291
3954 1329 1331 1721 5672
3955 204 362 455 3808 7215 9743
3956 381 4072 6830 9773
3957 3000 3514 6740 7402
3958 3730 4012 4214 5721
3959 2280 3965 4178 7964 8350 8435 9492 9692
3960 2279 4198 8555 8679
3961 1239 1534 2877 8036
3962 3020 5478 6689 7891
3963 4361 6663 7740 8013
3964 1329 1450 1459 1469 1495 1721 2476 3252 4860 4899 5029 5080 5268
3965 1330 8207 9485 10049
3966 596 2128 2849 2856 2941 3885 5338 5374 5379 5883 6696 6815 7046 7383 8108 8289 8353 8448 8918 9454 9724 9751 9903 10266 10375
3967 492 566 625 668 1340 1408 3569 3908 4127 4722 5409 5460
3968 583 588 6650 8505
3969 1347 3974 7308 10264
3970 569 707 1329 1721
3971 2102 5871 8106 8551
3972 5425 6545 6678 6758
3973 2580 6072 8326 9898 10290
3974 3310 5874 6004 8390
3975 1852 2561 2891 4350 6905 7819 7823 7967 8038 8489 9386 9785 9904 10182 10331 10420
3976 538 4422 6593 9493 10078 10134
3977 4668 4846 4870 7113 9669
3978 1870 5214 6197 7544 8292 8730
3979 124 2597 2875 3792
3980 149 2227 2660 10479
3981 5672 6958 8116 9542 9600
3982 2172 2654 2754 2998 2999 4094 4404 5115 8471 8472
3983 2477 4749 8106 10030
3984 221 222 328 865
3985 583 588 606 2461
3986 2469 4137 4717 5366 8140 9257
3987 1107 2872 5982 7033
3988 706 707 1329 6076 8470 9907
3989 34 641 700 924 1955 2403 2406 3163 4198 4475 4974 5436 5721 6874 8106 8444 9412 9493
3990 3419 3530 3604 9546
3991 914 1066 2178 6628
3992 361 5316 7957 9952
3993 1360 9025 9485 9493
3994 3702 3783 4175 7131
3995 903 2075 5679 6569 7944 9092
3996 86 1673 6593 9775
3997 327 1862 6411 9177
3998 6890 7572 7874 8195
3999 198 707 1329 1331 1340 1350 1721 1868 1896 4006 4198 6786
4000 1436 3174 5536 7211
4001 707 1329 1331 1721 2265 2293 2579 2886 6124 8956 9054
4002 1329 1721 8413 10413
4004 707 1331 2377 6160
4006 1099 1727 2719 4370 5874 8718
4008 673 2689 3576 5068 5460 5901 6114
4009 707 1280 1329 1742 1988 2240 2590 4830 4858 5422 5489 6076 6572
4010 2280 3664 4700 5984 7910 9492
4011 2238 4214 5721 8207
4012 4280 5536 6958 7874 8303 9643
4013 1203 1327 2689 8249 8257 8258
4014 195 559 569 1988 2486 2590 2815 4465 5334 6536 6831 7341 7659 7894 9200
4015 4700 7242 7423 9972
4016 103 2254 3315 6556
4017 405 409 656 935 6095
4019 366 5641 7435 8264 10253 10586
4020 1284 1831 2983 3471 4475 7761 8103
4021 348 583 1868 3551
4025 5478 6991 9791 10530
4026 1502 2079 2845 5829
4027 34 624 715 1330 1710 3961 5338 6873 7196 7907 9768
4028 3449 4480 6625 10242
4029 662 1249 5235 8106
4030 2800 4073 4125 6341
4031 7252 8103 8134 9451 10069
4032 569 1209 5460 6311
4033 3628 4015 6762 9581
4034 579 588 4198 7400
4035 173 1868 2649 4198
4036 2153 3000 3638 5688
4037 1932 1982 2683 3419 4405 5519 5545 5778 7176 7266 7335 7368 8497
4038 91 354 725 6635
4039 538 6643 8105 8106
4040 147 1441 3122 3869 5772
4041 1329 1331 1721 4215 7833 8310 9350 9898 10229 10291
4042 545 1108 1187 7986 9600
4043 2270 5672 8175 8544 8546 10561
4044 204 1727 9493 10020
4045 205 2264 4684 5116 5603 7639 8103 8396
4046 169 1807 3429 5479 5736
4047 519 792 1007 3079 7166
4048 3206 4496 7241 9932
4049 707 1329 1721 9214
4050 1188 6763 9025 9650
4051 149 1375 4557 6204 6589 8106
4052 2458 4109 4172 5914
4053 4591 5217 5540 9244 10204
4054 1329 1721 4146 8248 8252 8483 8813 9946
4055 151 496 1727 1736 3841 6691 7302 7837 8138 8470 8919
4056 2506 5765 6299 8326 8452
4057 28 3646 5300 9219 9796
4058 419 1286 5086 8551
4060 1568 3956 7343 8390 8795 10466
4061 520 2238 3453 5003
4062 866 4893 8832 9036
4063 571 1329 1331 1721 4741 5779
4064 569 1340 1868 8103
4065 583 4726 5984 6429 6860 8103 8231 8369 9485
4066 211 1933 4472 4830 5721 7216 7489 9600 9723 10007 10411 10461
4067 149 641 6982 8795
4068 579 707 1329 1340 1346 1721
4069 45 2053 3730 9379
4070 569 1329 1331 1721
4071 3947 5547 5672 6195
4073 2457 3887 4632 4838
4074 2555 6361 6409 8044
4075 1321 1568 5984 6701
4076 579 1446 2369 5823
4077 362 1710 4077 10595
4079 587 1894 2007 9088
4080 603 1300 1726 2683 3869
4081 1666 6849 7899 8827
4082 34 2557 3639 6364
4083 3993 4112 4611 8781
4084 641 1174 1568 2717 2810 2889 3707 3875 4140 5043 5837 5874 5879 5984 6175 6247 7180 7861 8146 8920 9203 9315 10472
4086 5256 5520 7659 9588 10491 10615
4087 520 707 1206 1329 1331 2060 4221 5490 5823
4088 5594 5851 8162 9546
4089 369 371 568 5536
4092 351 641 1171 1314 1569 1980
4094 569 588 641 1178
4095 351 569 588 1568
4096 2042 3453 4198 6982 8106 8555
4097 118 2625 3904 5574 6241
4098 187 606 1504 2053 2178
4099 275 361 370 1005 1429 6388 8133
4100 126 3867 4234 7618
4101 2 2285 2408 3726 4670 5721 5724 6199 6314 6663 6987 7699 7809 7936 7971 8030 8932 9537 9668 10050 10080
4102 968 1632 2697 4253 6202 6205
4104 96 210 2153 2378
4105 4695 6799 6826 9490
4106 2154 2801 4351 7374
4107 2081 3064 4001 5863
4108 1070 3928 7376 8074 10183 10466
4109 1066 2766 4198 6135
4111 717 5349 5721 6036
4113 1849 4581 10423 10546
4114 305 2679 9386 9542
4115 240 1152 1222 2293 4860 6863 8287
4117 1239 1246 1830 5379 5672 5688 6740 10201
4118 1342 3028 3607 6816
4120 24 1576 4449 6876 8350 9692
4121 89 2574 6739 10102
4122 5721 8201 9977 10220
4124 1665 2661 2801 3017 6466 6878 7208 7934 8931 9330 10113
4125 1583 1894 5863 7385
4126 520 707 1329 1331 1457 5874 6701 7006
4127 75 413 606 2260 2884 4012 5424 6108 6699 6831 6863 8038 8184 9782
4128 1326 5907 6107 6108 6494 7492 8704 9268 9491 10516
4129 1790 3317 5678 7499 8871
4130 3043 4214 6496 8625
4131 7325 7817 7818 9415
4132 1798 1955 2077 7776 8001 8036 9540
4133 924 2951 4123 5295
4134 330 604 2255 3556 6494
4135 1982 2305 6982 9485
4136 2706 2707 2967 8586 8795
4137 189 5604 6307 8106 8249 10348
4138 211 641 1331 1721 2936 4768 6494 7860
4139 1404 4968 6494 6788
4140 4861 6701 7397 8494 8795 9129 9154 9738
4141 435 532 1845 3703
4142 1340 1868 4989 6371
4143 2292 3864 6919 8106
4144 722 3749 9885 10239
4145 361 790 2105 2603 5075 6108 9268
4147 546 1032 2088 2329 6889
4148 5244 5789 7419 8967
4149 1006 2555 4455 4673
4150 1222 4655 5424 6004 9581 9956
4151 579 1082 1246 1970 2652 9386
4152 381 579 2260 3502 4943 10371
4153 1894 1910 2579 4830 6158
4154 2501 2590 6386 7742
4156 583 588 1329 1721 4349 7390 8197 8231 10143 10241 10252 10383
4157 362 1340 1813 2689 3150 3217 5721
4158 4615 4688 4900 8634
4159 4214 6262 6724 7935 8658
4160 662 1633 2162 5185 7033 10116
4161 492 654 697 2216 4325 4510
4162 1887 3782 5217 5230 5808 6418 7925 8310 9108 9112
4163 187 290 294 579 2845 3454 4700 5851 6067 9556
4164 24 35 2293 2815 2819 2843 4768 4830 5276 7131
4165 1286 1394 2269 5037 5178 5369 6658 6876
4166 1683 2766 5494 6348
4167 381 579 1177 3545 7935
4168 391 1307 2689 8059 8136 9493
4169 4292 4329 6868 7582
4170 247 1017 1177 1452 2805 6316
4171 30 355 1157 1932 6831 8278 9875
4172 707 1307 1721 3607 7542
4173 1828 4275 8082 9240
4174 2162 3726 6816 8729 9212 10050
4175 1330 2228 3968 4861 9515
4176 293 1589 7140 9161
4177 1979 2295 4912 5143 5658 5882
4178 637 1476 1494 2921 3920 4826
4179 2042 4473 4590 5578 8509 9435
4181 1894 5176 6728 7776
4182 905 1868 6699 7809 8313 10308
4183 2409 8698 9585 10371
4184 215 908 1966 2046 2328 2381 3447 7119
4185 1000 1246 5116 6276
4186 1635 5931 7542 8867
4187 99 2704 4947 6556 6824 7755 8625
4188 1469 2815 4063 7145
4189 283 1099 1557 8103
4190 155 162 351 1331 1721 1980 2875
4191 169 1998 2468 5811
4192 2066 8448 9857 10015
4193 1259 3758 4974 8716
4194 1490 2604 5719 8106
4195 1568 1892 4584 5765 6003 6429 6538 6831 7180 8514 9212 10050 10171
4197 5984 7579 8709 9990
4198 2538 7891 8497 9281
4199 1826 3394 3581 4467
4200 1177 1568 7159 9883
4201 16 204 1569 2853 3135 4110 5460 10524
4202 252 1394 1604 5460 6800 6901
4203 717 2016 3346 3939 4041 4253 5080 9392
4204 1329 1331 1721 1868
4205 9146 9201 9472 9615
4207 588 4299 9285 10314
4208 4105 6664 6750 7897 8951
4209 8389 8766 8973 10325
4210 2134 5761 6152 9188
4211 1569 4622 5984 6001
4212 662 3590 6958 9906
4213 583 588 6675 9914
4214 149 351 3889 8106
4215 2801 4229 4553 5574 7299 7672 8424 8987 9271 9823
4216 1187 1255 1894 3346 4557 4999 5176 8103
4217 49 5268 8285 9025
4218 9124 9125 9170 9716
4219 381 1746 2276 6851
4221 1943 2483 2787 5273
4222 5705 6377 9628 10519
4223 19 20 746 4035 5470 8551
4224 469 1609 1643 4667 7312
4225 204 678 2047 5535
4227 7817 7823 8326 8877 8979 9160 10354
4228 6921 7491 9095 9311 9727 9832
4229 354 1727 2814 3050 3259 3261 3683 4883 6676 7131 7263 7566 8737 9754 9996
4230 125 5929 8303 8573
4231 25 621 1067 1449 1949 2590 9357
4232 571 1314 1531 8343 8795
4233 2621 3830 5684 6890
4234 411 4132 4133 9073
4235 4079 7548 8031 8214 8959
4236 103 1219 5157 7998
4237 3551 4214 5333 5771 5871 6762 7823 7925 8271 9490 10371
4238 2364 6982 7575 7962
4239 707 1331 1721 2567 8717 10174
4240 261 2056 2843 7155
4241 2105 3930 6194 8018 8128
4242 5535 6545 7107 7767 9557 10619
4243 1346 1727 4337 5460
4244 1459 2824 5678 8910
4245 951 2524 2766 2800 4935 8383
4247 662 707 1331 1721
4248 4351 4440 6954 10036
4249 381 523 1191 1568 1909 3724 6076 6876 10008
4250 1340 1346 1868 7046
4252 6673 7818 9386 10500
4253 1972 4120 4972 7940 8582 9188
4254 7023 8814 9166 10413
4255 430 586 8282 8952
4256 172 1177 1451 7784
4257 635 2565 6590 7546
4258 849 5023 5278 7028
4259 3832 4612 6942 7386 8318 8786
4260 1340 1868 9501 9659
4261 4401 4719 8795 10440
4262 1710 2047 6193 6459 6589 7054
4263 1813 5079 7022 9240
4264 1346 2047 4875 8415
4265 2680 5526 6492 8535
4266 2153 4784 6775 6919
4267 678 1186 1187 1340 1868 2265
4268 2689 3653 3986 4078 5218 5616
4269 350 1327 3588 4931
4270 276 1932 5460 8444 9287 9338 10076
4271 1909 2580 3277 4082 4720 5721 7266 8103
4272 155 162 6958 8652
4273 354 3593 8424 9983
4274 5749 7294 8207 9348
4275 362 583 8231 9906
4276 1289 5634 9139 9893
4277 5183 7104 7151 8429 8813 9370 9975 10338 10588 10611
4279 761 914 4368 6494
4280 133 2210 2224 7960
4281 314 436 2071 6715
4282 2567 5871 6199 8665
4283 2764 4198 7022 9109
4284 1568 2960 3928 7934 9471 9589 9924 10032
4285 361 1570 3841 10139
4287 379 625 2534 2556
4289 1727 2162 2974 4783
4290 125 362 1563 2019 2179 2861 3505 6092 7998 8511
4291 1314 1847 2507 3153 4700 4850 5490 6923 7082 7399 7774 8207 8924 10069 10492 10545 10560
4293 34 1836 8769 9375
4294 149 1893 3020 9937
4295 511 569 5478 7874
4296 3006 4838 10033 10489
4297 273 8034 8106 8116
4298 622 5398 7404 10595
4299 569 662 1904 1922 6377 7828
4300 348 1568 3118 6376
4301 1502 5067 5650 6831
4302 579 2054 4468 7801 7823 10239
4303 1995 5772 6827 8922 9471 10571
4305 149 1340 1868 6692
4306 721 1293 2642 2942 4475 4967 6741 6827 6919 8618 9861 10084
4307 1710 2154 5460 8036
4308 583 588 1394 3076 3886 4071 4349 4405 4879 6162 7005 8434
4309 579 707 1331 1721
4310 38 3085 8525 9329
4311 7402 8637 9493 9885
4312 292 311 1177 1404 1574 1727 2300 2934 5349 5460 5586 6042 7627 7737 7757 8350 8736 8775 9198 9424
4313 583 588 3352 8273
4315 321 911 1727 1790 1862 2099 2308 2457 3000 4007 6183 7874
4316 4214 10022 10032 10562
4317 541 2119 3941 6415
4318 2872 9077 9128 9762
4319 501 807 1866 2887 5809
4320 1207 1937 2269 5035 5762 7940 9007 10237
4322 707 1329 1331 1625 1721
4323 511 6424 8337 8797
4324 596 1208 5771 6122 8128 9493
4325 1255 1652 5946 5947 6432 7815 8485 8486 8487 8731 9139 9314
4326 635 802 7453 8162
4327 3262 4280 4868 6834
4328 1223 2409 7176 8034 8103 8106
4329 322 587 1392 6411
4330 1133 5632 7339 8707
4332 14 262 5997 7241 7655 8498
4333 2583 4184 8285 9748
4334 37 381 1666 3000 4198 9493
4335 288 1534 1603 1673 2051 2463 3502 4440 4928 5338 6704 8506 8600
4336 1862 3122 9177 10571
4337 5080 5237 7937 8159
4338 554 1330 1710 4253 9297
4339 763 4700 5639 5871
4340 207 554 707 1330 1331 1340 1710 1868
4341 216 3548 10007 10293
4342 2815 3792 5112 7742
4343 707 947 1329 1721 2928 3736 8620 10499
4344 921 926 939 1000 1001 1599
4345 2457 6533 6831 7156
4346 569 1177 1340 7972 9727
4348 3056 5489 6831 7356 8021 9594 9745
4349 1122 2271 2345 3720 8415
4350 569 5478 7891 8116
4352 662 679 1813 2047
4353 2936 5153 6390 6748 9559 9886
4354 23 29 173 1831 1937 2559 3317 4198 4592 6216
4355 187 532 745 1443 2560 3471 3588 4391 4538 4700 8482 8744
4356 5967 6526 6823 9717
4357 211 1666 4584 5333 6356 7817 7822 7844 8039 9072 9200 9255 9386 9916 10123
4358 3486 5517 8231 8704 9785
4359 351 381 1186 1187
4360 374 379 401 767 912 935 1499 1624 2534 2631 2831 2964 3072 3423 4596 4612 7801 9622
4361 366 662 4198 7004 7929
4362 1053 2328 4952 5235 5576 8592
4363 2178 6094 6771 9866
4365 707 1281 1329 1721 10354
4366 362 707 711 1329 1331 1721 2960 8343
4367 5747 5871 6933 9832
4368 583 588 1666 3982 5075 6108 7178 7266 8044 8219 8231 8920 9490 9879 10442
4369 595 1529 5016 5379 7163
4370 1871 2162 2409 7024 7189 7369 7536 8293 8505
4372 2602 2815 3869 6831 9206
4373 1050 1632 2095 2784 6233 6449 6842 7408 7832 7833 8237 8382 9010 10275
4374 4494 5300 7638 9308
4375 1116 4586 5302 5721
4376 511 2265 2418 3425
4377 641 765 1213 1340 1868 7177 7509 7917 7925 8759 9952 10198
4378 273 274 706 1531 2069 2102
4379 5732 8150 9084 9150 9205 9694
4381 353 354 359 9883
4382 1943 3934 4797 5728 7484
4383 311 3420 3421 4985 5601 6313
4384 625 769 996 7876
4385 358 4452 5529 7442 8884
4386 149 362 1340 1868
4387 154 354 679 1222 1768 2253 7663
4388 101 1366 2621 6194
4389 4475 5348 7045 7374 9098
4390 1348 1384 3658 6629 6822
4391 631 1458 1459 5672
4392 1016 1400 2949 4947
4393 482 713 1499 1727 2300 2689 2746 4249 4700 4814 4820 4838 5242 5302 5974 6348 6746 6765 6831 6889 7076 7118 7127 7168 7289 7509 7925 7963 8097 8214 8285 8737 8847 9979
4394 9089 9855 10083 10272
4395 866 4852 5601 6800 7663 8092 8471 8476 8832 9588 10069 10137
4396 1361 2893 7816 8619
4397 25 1394 3381 4700 5535 6701
4398 1574 4405 4646 7931
4399 636 4816 6819 6959 7166 8448 10424
4400 1894 3105 5664 8815
4401 1403 3094 3855 4106
4402 18 21 37 2546 3000 5374 6262 6276 7233
4403 588 7796 8231 9741 10287
4404 4626 4845 8763 8919
4405 350 707 1144 1331 1874 2047 10116 10533
4406 1108 1231 2213 2960 7773 9393 10387
4407 36 4476 7177 10400
4408 1346 2084 2306 3118 4894 8103 9529
4409 2689 5075 7338 9268 9329 9944
4410 1874 4532 4773 6602 7113
4411 3252 3932 6560 6609 6823 8910 9423
4414 4422 5840 6991 7974
4415 63 9189 10009 10533
4416 3726 6698 7742 10181
4417 5672 6253 6277 7786 8415 8902
4418 207 1340 1868 5604
4419 1138 2859 4297 6740 7402
4421 14 1443 2511 3094 7706
4422 157 158 4872 7661
4423 2861 2879 3587 4700
4424 315 681 1340 1868 4450 4590 6401
4426 1576 5761 7294 7586
4427 469 747 2147 2744 3106 4125 7697
4428 543 1704 2719 7732
4429 208 560 2403 6989
4430 583 588 1589 3610 4698 9025 9825 10145
4431 707 1331 1721 7185
4432 173 351 488 573 685 689 691 707 1246 1319 1329 1892 2260 2482 3972 4902
4433 707 1721 7399 9701
4434 1067 1222 6985 7054 7851 8750 9023
4436 5165 5166 5167 5168
4438 1096 1712 1727 4019 5054 6709 7376 8242 9282 9801 9952 10374
4439 25 353 2937 4547 5395 6563 6639 8555
4440 430 2778 3588 9193
4441 2936 6701 6985 8162 8511
4442 179 641 2555 5677 5823 10533
4443 2734 7131 10331 10452
4444 3547 3658 5460 6029
4445 2843 2886 2931 4700 4719 5339 5706 5812 7561
4446 149 381 511 4835 5460 10090
4447 583 588 2263 2960 2961 4588 4615 5553 5947
4449 1269 1868 3889 4198 4214 4527 5721 7762 7818 7950 8987 9684 9937
4451 1246 2624 2661 3707
4452 428 6001 7823 9049 9581
4454 583 588 5460 7834 10533
4455 402 714 2219 6444
4456 707 1329 1331 1721
4457 583 588 7022 8704 8795 9276
4459 641 3109 5425 5721 8643 8644
4460 579 673 5531 5536
4461 1340 1868 4881 7103
4462 245 3990 4645 4974 6283 7971
4463 2178 4740 4838 7897
4464 18 686 698 1138 3000 3660 4106 10533
4465 1246 3000 5132 8704
4466 237 4870 7121 7289 8105
4468 3050 8640 9082 10143 10320
4469 1269 1531 5129 8106
4470 2624 4858 5721 7851 7852 9160
4471 1001 10123 10177 10266
4472 2512 4584 5929 7491
4473 1018 3319 4894 5655
4475 3331 4158 4879 5358
4476 7418 7476 9014 10118
4477 4719 6950 9849 10349
4478 579 707 732 926 1329 1331 3919 4686 5373 6081 7232 7294 7899 10512
4479 1568 2843 6206 8366
4480 6597 7417 7462 8197 8716 8729 9096 9526 9637
4481 1246 1830 3163 4615 5379 7308
4482 228 1666 2118 2454 2564 3609 5880 7945 8137 9075 9145 9363
4483 351 1894 8044 8116
4485 1711 2717 4264 5460
4486 5471 8873 9205 9493
4487 409 668 7204 9546
4488 7145 8278 8450 8625
4489 768 3094 9261 9967
4490 542 583 588 596 1486 2238 3430 3554 3745 3802 7434 8073 8231
4491 96 2546 3312 4020 4214 4351
4492 602 639 1366 2085 3632 4012 6701 8258
4493 545 3899 6170 7145 7758 8722 9264 9738
4494 1178 1355 2149 5626 6107 7668 8555
4495 75 7136 7407 8867
4496 183 211 416 970 1013 1316 1402 1736 2176 2269 4114 4480 5181
4497 1868 2511 4768 7335
4498 5256 6373 7731 10250
4501 19 688 2387 4078
4502 1989 2062 5874 6398
4503 31 4954 5877 8448 8498
4504 2 1457 4198 5460
4505 710 2511 2583 2661 6894 7233
4506 1932 5478 6987 7693
4507 214 371 1398 4568 4988
4508 1122 1383 3783 5362
4509 4014 4607 5339 6657
4510 507 2822 5971 6051
4511 756 5289 5688 8444 8917 8958 9481 9922 10380 10424 10498
4512 2425 2430 2983 8888
4513 257 1568 4577 8935 9005 9893
4514 1203 3615 5871 9970
4515 1329 1331 1721 1895 5954 6284 6876 7821 9264
4516 1568 3682 7558 10365
4517 1666 2065 3249 6608
4518 36 2311 4214 6079
4519 579 588 1727 4214 5863 5988 8231
4520 8439 10252 10291 10555
4522 354 1932 4023 4589 5460 6905 9411 9723 10308
4523 1007 1868 4554 6567
4524 210 2555 3526 7721
4525 1356 8268 9238 9546 10137 10479
4526 252 2027 2099 8415 8652
4527 5823 9049 9486 9558 9621
4528 3199 3886 5346 9549
4529 354 523 569 579 684 1194 1682 1704 2229 2689 2914 2960 3346 3645 3652 3725 5926 6246 6384 6392 6620 7569 8145 8551 8704 9134 9276 9960 10050
4530 213 659 878 4596 5025 6417
4531 381 1186 1187 1282 1283 1330 1331 1394 1630 1710 1721 1749 1896 2178 3277 3618 3925 4768 5110 5369 5685 6029 6070
4533 930 1736 5462 8448
4534 583 588 8231 8704
4535 149 204 583 588 3680 8273 9240 9727
4536 707 1329 1331 10290
4537 4846 6594 7435 7689 7876 8720
4538 1186 1666 3342 8039
4539 354 707 1329 1331 1721 4110 8103
4540 138 541 8036 8232
4541 5779 7501 7611 8413 9122 9347 9658 10423
4542 4020 8368 8375 9493
4543 362 1773 1892 2043 2931 4557 5101 8236
4544 204 3653 4112 4562
4545 6030 6519 6701 9154
4546 707 1329 1721 5080
4547 668 979 3890 3993
4548 101 4454 4814 6831 7819 7823
4549 1888 4214 9340 9875 10202
4551 275 482 2457 2477 9372 9977
4552 432 1862 3869 4469 9088
4553 34 7423 7765 8106 9683 10007
4554 5093 6831 7882 9557
4555 204 381 1980 2608 3758 3925 4063 4952 5256 8424 9827 9885 10007
4556 1186 1187 5874 7862
4557 2696 2936 5385 6743 6990 7333 8289 8777 9441 10313
4558 1177 2633 6278 7740 9903
4560 149 204 305 583 588 1399 5652 6073 6607 10257
4561 1147 1308 1623 3707 3942 4173 4218 5226 5460 5874 7159
4562 7244 8912 9010 9174 9952 10545
4563 24 361 8106 9758
4565 8044 9493 9673 10554
4566 866 3178 4789 9552
4567 14 49 95 149 204 262 594 707 764 969 1282 1329 1331 1340 1368 1560 1619 1711 1727 1868 2162 2295 2511 2743 2772 2773 3346 3496 3508 3856 5440 5807 6076 6189 6229 7064 7135 7168 8106 8150 8231 8337 8463 8718 8902 9155 9471 9487 9536 9600 10306 10466
4568 707 1331 1721 1922
4569 1339 5194 6307 7567 8381 8826 9727 9775 10411
4570 8704 9471 10425 10466
4571 77 351 357 520 554 1023 1049 1330 1710 1711 2003 2088 2114 2361 2700 2702 2748 2828 4310 4540 5077 6212 8665
4572 1083 1893 3794 4006 6398 9768
4573 123 1150 1177 1394 5460 6673
4574 579 1568 4830 5947
4575 588 8273 9850 10596
4576 107 4879 5630 8106
4577 896 917 8018 8619
4578 583 1087 1340 1868 6247
4579 143 4214 6872 7742 8344 10491
4580 6247 6958 7050 7686
4581 1255 8444 9409 9632 10321 10444 10497
4582 164 569 588 3947 5460 8231
4583 268 1256 1446 3551 4667 5747 5794 5856 5871 5909 6046 6199 6323 6979 8665 9902 10441
4585 413 579 4198 5874 8605 8718 9757 10371
4586 13 492 700 1037 1317 3564 6926 10436
4587 1893 5721 8421 9134
4588 2094 5460 9151 9491 10394
4589 707 1329 1721 2240 3576 7823 10409 10411
4590 5911 7742 8544 9594 9737 9956 10069 10257
4591 381 511 1773 3631 5001 5708 5984 6247 6699
4592 1035 2534 3566 4792
4593 260 718 765 833 2541 2565 3934 3992 4532 4700 4864 5478 5540 6438 6830 7937 8948
4594 506 1543 3703 4341
4595 707 1329 1331 1930
4596 469 707 1177 1329 7173 8625 9160 9493 9515 9745
4597 928 2376 2784 5778
4598 181 1932 4770 4830
4599 261 412 5874 7934 8598
4600 4363 4422 5146 7873
4601 149 204 520 736 1067 1346 1868 1951 2205 3986 4589 5016 5612 6667 6905 6970 6985 7208 7523 7807 8272 8290 8303 9708
4603 1708 2621 9601 10373
4605 352 519 4198 7835
4606 1868 5395 9970 9979
4608 361 1712 3530 8509
4609 138 2841 2942 5121 5194 7878 8344 9298
4611 359 2590 5887 6970 10026
4612 588 1665 2143 4125 5075 6701 8231 8421 9662
4613 24 165 190 569 1138 1330 1710 1868 2658 3615 4410 5349 5489 6124 8555
4614 1055 2418 4797 5552 7034 9200 9713
4615 1123 5242 7362 7957
4616 2583 5356 5378 7559
4617 2051 2150 2561 2567 2819 2826 8018 8940
4618 205 1285 1727 2409 3707 7062
4619 2046 2744 2961 8128
4621 4280 4417 6377 7402
4623 1153 2825 3873 5998
4624 1246 1652 4261 8408 10239
4625 3783 5386 5823 6591
4626 77 3346 4068 4481
4627 2043 3120 4280 5672 6029 8106 9493
4628 3732 4584 6616 7823
4629 1727 2262 8866 9589
4630 211 214 1174 1694 2660 8285
4632 355 381 2364 2420 5404 5423 7301 9114
4633 1269 1327 1394 2782 6257 6985 7154 7885
4634 210 1830 3688 6926
4635 18 36 211 649 662 721 1235 1331 1721 2265 3318 4089 4537 4666 6076 8754 9380 10400
4637 420 4440 8852 9733
4638 569 588 8231 9276
4639 261 1023 1269 1989 4144 4768
4640 569 1523 1932 2087 8086 9883
4641 5349 8181 9417 9515
4642 1866 7722 9346 9839 10231
4643 4012 7423 9686 10513
4644 917 1285 1523 1561 2076 2250 2285 2296 2670 3604 3883 4053 4422 4495 4678 4680 6663 7891
4646 2590 5874 8543 9952
4647 707 1329 1331 8520
4648 1018 2090 3653 3841 4296 5454 7569
4649 408 1255 5688 9493
4651 2579 2845 3346 3673
4652 35 1330 2978 3355 3874 4364 4557 5526 5766 6543 8381 8795 9353
4653 30 1223 7844 8039
4654 34 4784 5343 8789
4655 1383 1979 4404 5396 5946 9403
4656 707 1329 1331 1721
4658 130 276 362 496 569 641 689 693 1152 1177 1191 1200 1222 1274 1277 1314 1569 1637 1700 1714 1906 2114 2181 2287 2532 2565 2738 2744 2776 2815 2844 2888 3318 3473 3638 3707 3785 3938 4020 4068 4349 4556 4687 4742 4842 5016 5332 5368 5688 5874 6235 6241 6787 6803 6940 7937 7976 8128 8147
4659 1032 1128 7028 8863
4660 16 520 573 583 706 855 1932 1951 2333 2661 4621 5922 8231
4661 6494 6743 7929 8103
4663 1152 4565 8717 9894
4664 351 2002 2060 4933
4665 812 1878 7659 9025
4666 3022 4615 6775 9539
4668 1263 1944 4157 4292
4669 375 654 780 831 1559 1943 2329 2385 3938 4667 4711 5721 8448
4670 781 1884 1955 6194
4671 4349 8158 8382 9553
4672 251 1979 4178 4645
4673 707 1329 1331 1721 2114
4674 6259 6494 6691 7639 7834 7937
4675 4363 5049 8353 9025
4676 354 588 1246 2047 2283 3050 4261 5178 10239
4677 239 3686 9885 10479
4678 2149 2555 4783 5571 5721 8184
4679 2649 3290 7875 9679
4681 514 522 2844 3730 5151 8444 9609
4682 2023 5346 8074 10440
4683 355 1893 2041 2434 4768 5649 6625 7015 7044
4684 1830 2178 7009 9856
4685 776 3818 4384 4741 5240
4686 237 298 1027 1132 1701 1953 4238 4412 4462 4598 4700 4906 5526 5925 6178 6438 7908 8899 9035 9139
4687 2960 4864 5984 8410
4688 35 1294 1606 2088 2424 2563 2565 3202 3565 4597 4700 4768 6188 6787 7415 7815 8156 10405
4689 9471 9723 10141 10304
4690 455 4821 4869 7012
4691 2445 7259 8116 8523 9926 10468 10589
4692 354 1523 1568 2497 5460 6982
4693 525 3638 3830 3838 3839 5168
4694 125 351 2215 3582
4695 408 569 1569 6979 7579 8343
4696 7994 8564 8794 9338
4697 5004 5077 6558 8554
4698 583 1340 1868 3824 5494 8231
4699 1173 5357 7131 8506
4700 583 588 687 4700 6076 8231
4701 583 588 5501 7576
4703 1457 3000 4265 4642 5657 6905 9796
4704 2733 5621 6082 9014 9136 9547
4705 2124 2877 4869 9452
4706 143 1393 3169 6629 9668
4708 707 1329 1721 4073 4768 6818 6914 7397
4709 536 729 1081 1568 2483 4518 7925 9023
4710 5460 6046 7815 8675
4711 2283 2333 3999 4255 4669 5044 5579 8592 9690
4712 583 588 593 623 752 1150 1568 3615
4713 413 520 5851 7797
4714 588 1986 4203 4686 4741 5102 8231 10512
4715 604 730 1096 3556
4716 187 290 527 776 1855 2009 2638 2642 2920 4084 4496 9562
4717 2214 3617 3650 4101
4718 982 1666 2067 3095
4719 4700 9228 9303 9386
4720 650 1466 7765 10185
4721 766 1468 6958 7050
4723 208 2738 2739 3106 3729 5517 6856 8354
4725 5367 5854 7526 8467
4726 1246 3020 5657 6743 7750 10239
4727 2766 8338 8531 8921
4728 2240 3050 3906 4700 7054 9419
4729 3715 7235 9025 9141 9658 9795
4730 569 3436 3988 4700 8823 9380
4731 532 1685 2501 3859 3873 4405 6329 7905 9206
4732 874 1834 2383 7948
4733 311 1094 2323 8350
4734 3436 4883 7620 8106
4735 800 4009 5575 8415
4736 420 2428 5166 8651
4737 293 351 662 4768 7399 9169
4738 569 1223 1568 4768
4739 2105 3601 6689 8660
4740 545 1329 1331 1340 1868 2689 3811 5761 6701 7078 8554
4741 517 662 7294 7931
4742 4280 5217 8555 8587 9025 10423
4743 953 5328 6501 8252
4744 603 1876 1976 3000 3463 4368 6439 7300 8879 9885
4745 756 6884 7067 10475
4746 3319 10239 10335 10389
4747 569 579 2496 3308 5460 5688
4748 1568 2746 5173 8390
4749 1293 1446 1979 2661 4475
4750 190 569 721 1066 1186 1187 1246 1249 1340 1544 1868 3688 3816 4584 4585 4768 5369 5534
4751 361 2396 5954 7835 8074 10508
4752 707 1329 1331 3551
4753 195 1254 3892 4343 6229 6465
4754 3118 4386 5477 9184
4755 3277 5905 6124 8106
4756 24 1727 1932 3332 8303 8415
4757 1955 2304 5075 8811
4758 3531 5409 8310 8317 8322 8447
4759 3436 4073 7848 9955
4760 4034 5457 8042 8106
4761 720 4043 7400 9843
4762 717 1399 2749 4051 4529 4931 6501
4764 642 1827 1979 2483 7171 8638
4765 1159 1914 3150 6164
4766 1727 5874 5915 9123
4767 1346 2047 6331 9176 9566
4768 1280 6761 8225 9386
4770 707 1329 1340 1721 1868
4772 707 1293 1329 1331 1448 1642 2135 2704 2801 2877 5424 9991
4773 353 2960 6299 8074 8610
4775 2567 4556 7405 8585
4777 2300 5219 6604 8103 8346
4778 2983 4239 4401 5691
4780 1862 5943 9177 10069
4781 24 707 1331 1721 8162
4782 155 162 538 4214 4243 6003
4783 818 1751 4540 4677
4784 1213 3966 4700 6483
4786 707 958 1314 1329 9588
4787 5823 6198 6264 6991
4788 194 2043 2511 2661
4789 14 2945 3019 3994 9493
4790 207 1373 1375 1832 2768 6561
4791 707 1329 1331 1340 4198
4792 765 2498 2815 4718
4793 569 641 1459 1492 1493 1932 3091 4067 4172 4602 4605 4832 5914 6446 6881 7145
4794 3050 3576 5929 6258 6643 7493 7934 9925
4795 569 1222 1947 5747 7349
4796 3813 10312 10413 10489
4797 706 8249 9157 10411
4798 569 583 588 5863
4799 1340 1868 2661 5235 5874 6216
4800 653 1813 5721 10587
4801 955 2104 3054 4121
4802 1252 1922 1923 2036 2153 2236 2931 3202 3382 3576 4269 4700 5028 5182 5217 5655 5812 6090 6726 7188 7684 7822 9142 9160 9318 9672 9775 9825 9826 9972 10287 10610
4803 1213 5984 6197 7242 8650 9975 9980
4804 707 1282 1331 1721
4805 103 746 4869 5460 6076 6664 9240
4806 135 374 1328 1609 2065 2800 4163 4261
4807 1576 4081 4572 5044 6357 10401
4808 672 1027 1673 2253 4004 6666 7054
4809 210 311 1138 2591 3000 4968 6645 7595
4810 2887 4350 5604 8448 9059 9471
4811 155 162 603 1719 1868
4812 3687 4962 5032 6605 8555 9914
4814 900 2382 3826 6269
4815 5718 6740 9051 9893
4816 3064 3264 3830 4001
4817 211 1153 1528 3043 3318 4203 6333 6356 7684 7817 8177 8223 8624
4818 408 1568 5604 5874 6831 9848
4819 583 588 2689 8231
4820 1151 2697 5102 5873 8433 8636 8779
4821 958 1340 1868 1932 5001 7442
4822 417 4483 5766 7900 8353
4823 1152 1223 2105 4768 6392
4824 601 1097 4243 7054
4825 1893 4199 4679 5528 7296 7330 8106 8177 8486 8709 10583
4826 8718 9030 9624 10243
4827 149 204 205 5604 6207 8869
4828 1340 1868 7003 9120
4829 3373 4910 5631 8201 8352 9546
4830 195 299 707 1721 1914 2815 3691 4565 4779 5302 7168 9332 9588
4831 1340 1818 1868 2159 3000 3085 4104 4335 5366 5372 5943 5987 6217 7348 9733 9800 10076
4834 1894 2162 2859 4475
4835 318 4038 4674 5627
4836 351 1568 2624 4443
4837 1227 1795 4897 6905
4838 1568 7784 8105 8287 8347
4839 31 210 328 2437 3755 4695 7491
4843 584 2732 4738 6701 8714 9861
4844 604 608 3556 9177
4845 1122 5714 9049 9081
4846 589 1329 1721 3340 4636 8101 8102 8168 8329 8636
4847 1023 2294 2499 2931 3792 3866 4805 4908 6701 8137 10014
4848 149 204 348 8106
4849 330 913 5442 6354 6647
4850 569 6030 8248 10400
4851 351 1178 1284 2962 4198
4852 6371 7891 8665 9154
4854 2454 3095 9561 9751
4855 1256 3749 4452 5379 7284
4856 479 588 1940 4889 8231
4857 662 1451 1603 3652 3717 6876 6958 8966 9113 9708
4858 261 4432 4649 4768
4859 211 591 662 1576 1893 3726 4754 8615
4861 210 1348 1666 4405 5535
4862 8042 9025 9769 10234
4863 24 519 545 8310
4864 2850 5748 6163 8248
4865 1926 4098 8718 10482
4866 579 1330 1531 5874
4868 697 2146 7384 10393
4869 101 2178 3352 8103
4870 101 993 1599 2391
4871 740 2426 3083 9656
4872 6701 9049 9264 9782
4873 588 641 5823 8231
4875 569 1340 8444 9673
4876 1186 1187 1394 4016 5472
4877 707 1331 1721 6076 8103
4878 1980 4570 8932 9726
4879 584 2285 4838 8664
4880 9 1331 1721 1722 3658 4714 5468 5795 5984 7839
4881 2543 4901 5478 7858 8413 9519
4882 5254 5871 6740 7737 9649 10479
4883 2687 2854 2856 3473 5310 6722 7564
4884 707 1269 1329 1331 1721 1932 6583 8103 8415 8465 9006
4885 641 706 707 1329
4886 1329 1331 1721 4897 6715
4887 149 204 583 588 2276 5460 5984 6991 7567 8248 8415 8511 9607 10519
4888 210 1894 3554 5300
4889 707 1329 1331 4203 9661
4890 4301 8314 9146 9452 9980 10016
4891 1894 4452 7096 9493
4892 8625 9873 10120 10550
4893 2368 3249 8105 9025
4894 1585 6247 7930 8236
4895 4422 4700 4812 6525 7104 7217 8206
4896 119 6977 8939 10176
4897 5242 7724 7798 7979
4899 462 1478 5007 6429 8536
4900 792 3912 3915 6770
4901 520 1653 4915 5194 6801 8369
4902 5478 6434 6623 6998
4903 1666 1858 7989 8194
4904 78 1246 2802 3000
4906 205 2105 6087 7873
4907 1389 2983 5300 7448
4908 2983 3342 9749 10114 10533
4909 787 1430 2107 4646
4910 353 354 641 4452
4911 814 1138 1446 2410
4912 1004 2982 3912 10239
4913 273 274 1702 6876
4914 224 3326 6137 10055
4915 305 1329 1331 5319 8106 8919 9114 9335
4916 210 2378 2993 3554
4917 8448 10147 10191 10361
4919 858 1868 3167 6701 7627
4920 5242 7994 9885 10051
4921 466 2629 4388 9492
4922 481 1142 1727 7639
4923 1445 2153 3501 4020 7721 9481 10143 10380
4924 7294 8063 9554 9589
4925 414 4183 4184 6719
4926 273 274 381 569 707 1331 1881 4598 5535 5604 8920 8982 9441
4927 437 936 946 4638 5300 5840 8194 9089 9311 9936
4928 569 5823 6620 6701 7270 7934 8555 9025
4929 4700 5229 5947 9025 9485 10409
4930 1673 4176 5077 7060
4931 997 4117 7991 10405
4932 1830 3631 5792 6740 8522 9885
4933 291 636 1496 2724 7695
4934 346 381 4922 5987 7078
4935 2773 9029 9049 10286
4936 1186 1187 6494 8207
4937 914 2323 5594 5673 9795
4938 23 4990 5068 5400 5637 6132
4939 420 482 9733 10524
4940 2604 4541 6995 8381
4941 1222 5967 8786 9217
4942 3019 3094 4626 4703 9261
4943 115 569 1177 5460 5535
4944 125 141 415 734 1335 1833 5565
4945 214 669 676 990 1292
4946 641 5977 8343 9211
4947 2178 6494 7997 9964
4948 538 588 4243 8231
4949 583 588 662 2709 2924 7895 8231 8248
4950 35 138 1275 1276 2665 2766 3560 3575 3588 3610 7569 7677 8184
4951 5604 5807 7489 9296
4952 5823 7136 7735 8939
4953 1186 1187 2547 8316
4954 7891 8712 8795 9411
4955 775 1872 6708 7168
4956 5475 6741 7874 8135 9134
4957 195 211 269 511 721 2853 5929
4958 7290 7438 8350 10033
4959 707 1284 1329 1340 1868 6958
4960 1569 2265 4243 8714
4961 2843 5489 6583 9386
4962 229 1666 2457 4140
4963 2696 5460 9677 10386
4964 1329 1721 1754 2211 5626 6066
4965 1139 3702 5984 7988 8103
4966 2293 5346 6664 8786
4968 1125 1358 2667 6993
4969 2507 9340 9386 9485
4970 707 1329 1528 1721
4971 164 264 410 767 998 1459 1638 1666 1780 2122 2243 2270 2295 2403 2766 2843 3095 3202 3230 3453 3463 4127 4475 5051 5242 5747 6158 6498 6639 6643 6701 6765 6766 6982 6992 7050 7179 7259 7281 7591 7798 8645 8740
4972 306 5300 5403 6903 7294
4973 662 2555 4698 5703 6353 6775 7275 8103 8555 8630 8795 9137 9197 9240 9286
4975 1169 1759 1765 8362 8636 9487
4976 210 467 5275 6007
4978 4073 6234 6701 8197
4979 4199 4573 4796 6247 7442
4980 2935 4651 6905 7468
4982 590 5423 7303 7399 8499 9490 9903
4983 371 375 378 379
4984 391 583 588 8231 8511
4985 24 707 1329 1331
4986 1451 1487 6356 6983
4987 538 2285 2991 7851 8042 8198
4988 1569 2448 8738 8765
4989 4768 5721 6262 7633
4990 355 2270 9537 9546
4991 3955 4397 5031 5393 9005
4992 302 1133 4691 6076 6676 7558 9492
4993 6804 7891 8227 8228
4994 339 579 707 1331 1578 1721 6003
4995 186 707 1329 1721 3454
4997 520 1552 2736 3550 5947 8162 8343 9415
4998 659 1007 2391 5294 6965 10246
4999 149 2781 6666 8106
5000 264 2893 2927 4475 4878 5837 7816 8448 9970
5001 1223 1568 1932 6985
5003 14 30 596 758 1640 2687 3019 3813 7854
5004 571 707 1329 1568 1721
5005 2162 2377 8444 9809
5006 5332 6483 6508 6631 6632 7643 7668
5007 1138 1367 2583 2896 8387 8637 9390
5008 515 1511 1596 1790 1831 3775 4162 4490 8448 10282
5010 5692 7905 7952 9287
5011 7596 8938 9025 9826
5012 211 2240 3135 6429 7525 8511
5013 125 7139 9362 9417
5014 2194 6216 9417 10337
5017 1568 6286 7576 8175
5018 520 1167 1281 2145 4375 5195 7817 8042
5019 1014 1177 3645 4493 4883
5020 1217 1858 2162 2622 3249 8190
5021 707 1331 1721 7511 10042
5022 351 381 538 707 3609 6761 7823 8084
5023 617 3889 4314 4349 5902 6545
5024 1533 5649 7917 10082 10477 10592
5025 858 1439 1515 2672
5026 1144 1308 1868 2837
5027 210 3064 3830 4001
5028 1611 6667 6674 8277 9937
5029 539 635 4782 5500
5030 361 588 2139 8231
5031 1568 3926 9240 9992
5032 1123 1246 1568 3000 9885 10239
5033 347 351 374 668 707 1329 1340 1569 1704 1721 1836 1920 2051 2238 2746 2802 4030 4284 4382 4830 5104 6156 6206 6765 6990 7634 7682 7698 7989 8094 8555 8704
5034 588 7935 8273 9650
5035 1946 2689 5036 6310 10151
5036 1446 5634 6409 6775 7996 8871
5037 1662 2555 2661 6927
5040 3645 5103 6428 10225
5041 1096 3230 3889 4597 7324 7926 8874 9400 10034 10060
5042 662 2746 4415 6087 9204 9268
5043 253 569 6950 9140
5044 784 1298 3938 6307 6917 8368 9493 9724
5045 1284 5460 6699 7179
5046 357 362 713 4927 5721
5047 793 1290 2105 8000 8303
5048 5204 7822 8625 9849
5049 361 3528 7263 7962
5050 2779 2983 9148 9346
5051 350 569 1269 1955 3928 4700 4878 4975 5300 5721 5858 6176 6429 6971 7078 8526
5052 501 1122 1178 1340 1868 2280 4537 7097 8608 9122 9151
5053 356 357 2740 3076
5054 183 627 713 8287
5056 1773 2952 4496 6331
5057 583 1256 3101 8231
5058 1375 3687 5090 7878
5059 412 1213 2590 2608 2762 3818 4527 4652 4863 5973 6079 10069 10349
5060 24 588 2265 2497 4198 8106
5062 2745 7832 8554 9543 10031 10069
5063 542 2162 2409 5077 9084 9885
5064 164 3104 5346 6511
5065 23 108 2484 2928 8387
5066 125 1329 1721 2253 2565 6067 6876
5067 1177 3043 5230 6100
5068 5724 6476 6683 8185 8626 9505 9536 10026
5069 6547 6568 6571 6591
5070 1347 1574 1727 1952 2043 2264 2766 3683 4114 5460 6982 7438 8497 8610 8763 9715 9885 10438
5071 355 362 4243 4616 5075 6429
5072 354 583 588 4768
5073 746 2580 3206 5500 6204 9228
5074 1403 3067 3740 3792 3819 5052
5075 3003 5461 6645 6818 8128
5076 1329 1331 1721 1939 2555 4611 5788 9952
5077 583 588 1980 5984 9315
5078 250 407 2004 5823
5079 488 641 3043 4027 6280 6450
5080 78 174 183 583 588 662 2178 6189 8231
5081 1233 2366 3145 3427
5082 571 847 848 1178 2226 2240
5083 204 569 5851 5874 9212
5084 605 1243 1306 7412 8106 8206
5085 2114 2576 4475 5856
5086 4203 8913 9661 10294
5087 538 1125 1255 1569 2124 2523 2576 2886 4869 5168 6051 7540 7816 8326 10407
5088 2317 2591 5478 6070 6323 7891 8048 8116 8493 10120
5089 583 588 1221 9067
5090 1528 2594 2920 9108
5091 1281 6394 8207 8874
5092 4259 4862 9017 9956
5093 2661 7123 9067 9636
5094 149 204 917 3551
5095 583 588 8418 8505
5096 420 5118 5460 8402 9733
5097 240 1174 1389 1653 1918 2002 3889 4698 5268 8972
5098 1177 3093 3634 5823 6440
5099 800 4537 7881 10172
5100 7684 7844 8448 10028
5101 59 149 204 1568 4770 6985 9401
5102 1246 1864 2660 3000 7897 9542 9925
5104 628 1293 1329 1331 1721 5434
5105 821 1565 1772 2520
5106 1330 1340 1710 8106
5107 747 7472 7506 7556 9416
5108 4410 8592 8918 9240
5109 1550 2914 4667 5868 8128 9906
5110 767 819 1061 1408 6784 6840 10101
5111 24 571 5379 7896
5112 492 1565 7254 7941
5113 3019 4405 7438 7633 7880 8797 9122 10141
5114 2476 5361 7874 9135
5115 38 786 787 1000 5223 6965
5116 103 554 569 990 1238 2385 2709 3400 5407 6620 6699 8550 8920
5117 1329 1721 6717 7672 8326 9271
5118 569 1394 3135 10139
5119 99 1630 2047 6628
5120 204 1878 7376 8128
5121 2274 5663 6247 7054 8207 8236
5122 357 3913 8870 9990
5123 162 588 3665 4054 5823 8231
5124 1796 3095 8039 8929
5126 149 204 1346 9158
5127 583 588 591 5278 6890 7491
5128 1666 1949 7348 9311
5130 369 568 957 1008
5131 747 782 1534 5786
5132 211 1213 1932 4830
5133 569 1285 2123 2655 5216 7204 7882 8306
5134 7793 9971 10486 10589
5135 588 5460 6876 7054 9240 9489
5136 1526 2079 7830 10270
5137 173 207 579 849 1342 3025 3033 3593 6989 7338 7668 7779 8206 8813 8978 9386 9490 9773 9946 10314
5138 2123 4054 4405 5673 6052
5139 1457 3928 5874 6816 9306
5140 548 571 1222 4452 7523
5141 4974 6803 10221 10411
5142 2082 2115 4665 4819
5143 796 1609 1843 1845 2822 7046 8191
5144 2511 2555 2621 2865
5145 2843 2886 3051 4700 4719 5812 6117 8641 9386
5146 4507 7385 7434 9429 9430
5147 303 2000 3733 3786
5148 951 2457 7197 10404
5149 538 4213 4418 8521 9417 9893 10060
5150 707 1329 1721 5296 5679 7131 9258
5151 2697 7844 9297 10452
5152 671 1429 2546 4117 4735 4974
5153 4452 6701 7952 8106 9005 10266
5154 331 4221 5100 8066
5155 2511 4224 6986 7219
5156 1330 1710 2313 4289
5157 583 591 7794 8231
5158 12 3802 6075 6231
5160 1446 4104 6483 9344
5161 155 162 601 6715 7489 8640
5162 190 195 1279 5851
5163 383 4601 6565 6738 6893 9016 9770 10500
5164 523 579 707 1329 1340 1466 6816 6966 8250 8251 10146
5165 2704 2738 5171 7031 7054
5166 2649 3369 3551 4577
5168 2427 4236 6849 8935
5169 3124 4443 5068 7897 8103 9471 10277
5170 570 1123 1727 3601 6689
5171 799 864 4677 10148
5172 595 707 1329 1331 1721 4622 9865
5173 1256 4434 5249 7211 7935 8103
5174 5077 6825 7997 9471
5175 18 525 5475 8128 8194 8335 8896
5176 195 308 5194 6822 9386
5177 8042 8209 8239 8279 8290 9101 10037 10076
5178 707 1329 1331 1721
5179 2391 2905 3429 5543
5180 501 1383 3749 4665 4894 9493
5181 432 1457 2162 2889
5182 413 711 953 1688 1887 2097 3458 3889 4073
5183 7822 7823 9386 10349
5184 1394 1710 6876 7171 7859 8509 8813 9542 10443
5185 1705 2377 3652 7159 9311
5187 1346 6259 6320 9171
5189 1467 2189 2960 8268 9723
5191 18 422 424 472 579 605 792 1265 1329 1340 1466 1528 1721 1727 1834 1893 2095 2870 2871 2887 3672 3986 4198 4205 4214 4537 4846 4881 5489 5807 5828 5880 6016 6490 6496 6532 6674 6843 6878 6885 6942 7691 7773 7937 8042 8446 8607 9071 9131 9722 9962 10032 10123
5192 3830 4001 5287 6247 8375 10163
5193 511 3576 4214 4462 7054
5194 204 205 275 1404 3602 5077 5460 9372 10482
5196 1330 7623 9838 10411
5197 149 204 1375 2661 7550 8808 9275
5198 1910 2047 8369 9068
5199 1344 3202 3453 4584 4768 6496 8207 8743 8945 9380
5200 88 1293 3730 4948
5201 470 3896 7492 9628
5202 4576 6229 8074 8313
5203 583 588 1246 2856 5179
5204 253 583 2318 8044 8231 9737
5206 24 2238 8207 9212
5207 4861 5316 9005 9785
5208 707 1329 1331 8554
5209 4830 5368 5713 9796
5210 1340 1445 2154 2161 2699 2701 5289 5290 5553 5708 5984 7567 8251
5211 392 703 1023 1260 2808 5460 7198 9066 9260 9706
5214 25 1280 2694 2777
5215 205 1742 1893 5788 7229
5216 34 2127 2555 3463 3473 7160
5217 470 2186 3896 5536 6647 6928
5218 420 1637 2849 3473
5219 345 409 546 747 2124 3563 4943 5746 7569 8424 9377
5220 245 3486 3827 4537 7093
5222 415 493 568 1037 2366 7642 10299
5223 273 274 662 1492 2740 3358 4121
5224 583 588 3653 8231
5225 583 588 7338 8231
5226 216 359 368 1284 1727 2561 4283 5423
5227 361 641 707 1249 1721 2738 4198 4615 5932 6271 7964 8106 8322
5228 1377 6138 9837 10202
5229 1448 1493 3933 4832 7455
5230 186 260 483 569 579 641 662 1294 1430 2051 2870 3318 3346 3454 3889 3934 4068 4243 4770 5142 5468 5540 5721 5929 6667 6717 6982 7006 7909 8103 10029
5231 4698 6529 8704 8718
5232 351 4619 5761 6959 7006 8715 8866
5233 366 1568 1727 10257
5234 858 2672 7306 9806
5235 1222 2672 8374 9177
5236 3680 4556 5672 5842 6003 6071 6367 6959 7000 7493 8998 9998
5237 35 3675 5757 7358
5238 706 2506 6299 9163 9959
5239 6741 8039 8194 10237
5241 149 204 354 3850 4768
5242 8561 9620 9767 10147
5244 3423 5636 8635 9416
5245 1666 2457 6736 7303 8817
5246 366 683 721 3513 6647 7305
5247 641 5724 6667 9277 9668
5248 247 248 2772 5190
5249 348 583 591 1570 1779 5823 6620
5250 1446 1757 1894 2640
5251 6619 8527 9275 10324
5252 1708 7871 8185 8786
5253 1463 3968 6069 6676 7050 7774 8197 9875
5254 605 2419 3928 4758 5490 8995 9380
5255 4084 8116 8654 9923
5256 1959 3356 3429 4974
5257 1921 2566 3050 4719
5258 716 799 800 926 1080 2653 4370 4677
5259 3576 3641 5460 8485 9023 9628
5260 27 5313 7942 8018 8637
5262 1279 3382 3576 3806
5263 707 1331 1371 1477 1721 2985 3672 4295 4830 5447 6003 6989 8244
5264 5501 5751 5842 6037 8729 9386
5265 1139 1340 5598 8318
5266 1152 5077 6199 6310 8554 10429
5267 548 2347 5632 7846 9677 10141
5268 1177 2815 6831 9515
5269 268 3321 6715 8511 8675 9268
5271 6259 8236 8474 10355
5272 160 1727 4198 4768 8867
5273 1451 2178 3794 5478 8795 9691
5274 1239 2479 2577 7961
5275 4349 6840 6849 7352
5276 707 1329 1721 3246
5277 211 2240 5065 6889
5279 707 1329 1331 9331
5280 1833 2602 3105 9329
5282 1281 3319 3986 8277
5283 4441 4505 5002 5535 8162 8534 9661 9782 9983 10336 10411
5284 1727 4679 4686 10512
5286 1255 7354 8920 10598
5287 1258 1617 1676 2260 3326 3686 4215 6855
5288 7341 9025 10055 10491
5289 3051 4700 7967 8120
5290 162 2603 9281 9906
5291 561 1571 5634 5655 6701 7737 8598 10578
5292 299 3424 6096 10160
5293 1727 1780 3751 4585 5785 6577 6761
5294 14 678 3986 5883 6664 6923 8929
5295 4578 8939 9148 10248
5296 167 1878 3864 9589
5297 2240 2604 5721 9128
5298 125 1340 1868 4350 4838 5254 5672 8106
5299 583 1178 1191 1634 1941 1943 6520 6578 7065 7419 8844 9335 10069
5300 414 569 707 1329 4015 4391 5846 7863
5301 118 2838 3519 3808
5302 2067 7109 9216 10138
5303 101 5642 6087 7886
5306 1294 1727 3025 3033 9924 9937
5307 2726 3717 5641 8362
5308 1071 2000 2053 3792
5309 569 2183 2205 2853
5310 216 328 668 1600 3676 5509
5312 203 2551 2689 8231 9028
5313 1116 1529 2815 3057 6136 7659
5314 381 1727 5604 5721 6701
5315 319 896 1376 1996 2200
5316 23 1135 3451 5320 5695
5317 1340 1868 6979 9661
5318 6546 7105 7766 7773
5319 2561 5882 5967 8237
5320 164 348 4198 5395 6499 7407 9335
5321 402 407 7679 9177
5322 635 1177 1213 1943 5721 9362 9931 10266
5323 2036 4746 5911 8795
5324 251 2855 4537 5316 6295 6327 9542
5325 541 2425 2426 5379 5683 5692
5326 4399 5543 8873 9493
5327 597 598 1383 1726 2047
5328 707 1331 1721 4181
5329 357 707 1088 1331 1595 1721 2997 3501 3821 4574
5330 351 6593 7419 8333
5331 6278 6401 8048 9154 9604 10112
5332 1711 1811 4152 8264
5333 1178 1784 2179 2847 9290
5334 540 569 707 1329 1331 1721 2364 6737
5336 828 4452 4796 8105
5337 571 1346 4198 9761
5340 5214 5712 6059 9721
5341 1909 5136 5423 7234 7668 7685
5342 8783 9493 10143 10497 10576
5343 2661 4757 5820 5972
5345 1727 4687 7639 8227
5346 5691 6577 6926 10023
5347 1620 1666 2463 2829 4798 5300 5574
5348 24 227 511 538 1177 1308 1340 1512 1868 2047 4198 7708 7916 8717 9259 9566 10572
5350 417 583 588 733 1495 1802 1944 3730 4490 4846 5873 5913 7506
5351 354 1568 1609 1905 5724 8105 8968 8982 10372 10591
5354 2295 5395 6987 9788
5355 641 1932 3841 8106
5356 207 1998 2949 7874
5357 1435 5709 6958 7143 8463 8554 9216 9261
5358 4364 5984 8549 10482
5359 9148 9636 9800 9989
5360 2162 5179 8555 10145
5361 305 583 594 8231
5363 2621 3758 8405 9493 9885
5364 274 359 361 579 721 1314 4020 4963 6569 6701 6740 7491 8511 9240 9589 9883 10120 10143 10415 10460
5365 584 641 1932 2102 5871 7022 7717 8704
5366 2316 2366 3427 3733
5367 4384 6741 7194 8449
5368 1225 2664 2814 3956 5319 5460
5369 593 1635 1868 1916 6618 6767 9650
5370 1428 2564 4584 9249
5371 545 571 1269 4906 5604 5721 5724 5803 5873 6070 6259 6512 7566 8494 8855 9600
5372 1811 1887 1894 5194
5373 999 2677 2893 3550 4136 4532
5374 2474 2621 7028 7587 8382 9341
5375 4631 7542 7576 7659 7684 8948
5376 1294 4391 8472 9972 10199
5377 438 1980 7750 8485
5379 367 3373 5598 9971
5380 381 1548 1915 1927 2193 4583
5381 4242 6036 6175 6272 6820 7752
5382 1893 2419 4342 4373 4375
5384 826 999 2245 3120 6964
5385 1210 1704 5338 6438
5386 952 4350 4475 5503 5506
5387 1738 2222 4346 9441
5388 123 3704 5724 6363 6505 8585 9054
5389 662 1523 6822 7669
5390 2546 8134 8436 9430 9542 10508
5391 36 149 4475 4813 5721 6990
5392 5672 6278 6772 7078 8227
5393 707 1329 1346 1721 1868 5721
5394 410 546 1157 1282 1489 2095 2295 4429 5882 7423 9713
5395 152 513 790 1715
5396 1092 1886 4452 5178 5397 8106 9265
5398 1239 2849 2856 4349 7874 10357
5399 1817 3609 4125 4214 4615 7407 7773
5400 1291 1652 4451 10055
5401 708 1131 8350 9259
5402 707 1329 1331 1710
5404 86 346 1251 9490
5406 4667 5345 5478 9575
5407 2211 4452 9311 9493
5408 5095 7935 8278 8362 8636 10363
5409 611 1862 3513 5981
5410 546 680 1787 4918
5411 437 4405 6491 10239
5412 24 2704 3463 3661 4371 4685 7731 8375
5413 585 875 997 1316 2248
5414 3057 3229 4150 4700 5334
5415 707 1329 1721 2214 4710 9598
5416 2068 5634 7402 9493
5418 583 588 4452 8231
5419 5515 7639 8086 8509 8705 10112
5420 203 1568 2162 3000 5657
5421 1523 1749 3754 4198 4452 5851
5423 149 204 1621 1946 2225 2270 4650 6001 7727 9515 10167
5424 2614 4462 4768 10262
5425 211 1780 2124 10534
5426 1255 1708 2378 7942 10125
5427 4198 5307 7338 10062 10362
5428 2806 3672 3817 3830 5287 7500 8387 9816
5429 1985 2565 8845 10032
5430 711 1905 2108 3935 7659
5431 1023 2293 4214 6388 9143
5432 6316 7386 8920 9335
5433 361 366 569 4966 6464 7198 9413
5434 253 1862 2802 2970 3191 8159 8880
5435 67 4592 5513 6276
5436 569 1186 1187 4299
5437 215 652 2936 6262 9063 10168 10478
5438 1019 1671 1689 4491
5439 1246 2162 2509 6150
5440 2105 5466 8231 10301
5441 55 5634 7382 7383 9673
5442 1173 1225 1340 1380 1399 1813 1868 1967 2160 2191 2332 3447 4261 4301 4303 4453 5294 5873 7299
5444 2760 4563 7627 8048
5445 622 2524 2541 2583 5663 8343
5446 329 2375 3061 3361 4486 6312 7311 7585
5447 351 1329 1331 1453 1478 1494 2035 3628 5891 5893 7078 8050 8536 8537 8858
5448 381 579 2293 6247
5451 3502 3887 4719 5460 8718 8754
5452 4638 5081 5536 7266
5453 1935 2414 6122 6905
5454 1568 2801 2893 5543
5455 2391 2726 3672 7964
5456 569 1568 2837 7930
5457 1280 2779 5478 7964
5458 569 1868 2122 2941 3802 6685
5459 3067 5570 6070 7544
5460 423 678 5721 10060
5461 2127 5460 5851 8448 10496
5463 2639 6829 7072 8665
5464 206 6146 7166 7685
5465 25 583 8231 8759
5466 1246 1291 9443 9885
5467 707 1329 1331 3615
5468 1876 3974 3975 10164
5469 376 654 819 996 997 999 1031 1061 1883 2216 3710 4526 6964
5470 1637 4717 7449 9180
5471 9 353 500 501
5472 75 276 420 1732 5167 9416 9636 10110
5473 707 1329 1331 1931 8207 8921
5474 1884 2047 2541 4215 4510
5476 211 3610 6406 8128 9875
5478 1633 1711 1868 7832
5479 650 1855 2110 2561 4700 4901 5369 5851 6969 7925
5480 96 2136 2546 5471
5481 359 651 5460 5947
5482 5194 7619 7879 9025 9054 9972
5485 76 655 1404 2588
5486 579 1246 1666 2949 3000 8413 9893
5487 48 1246 1894 4974
5488 2122 2854 6062 6606 10101
5489 662 1597 3436 4557 5450 6251 6565 6604 7150 7515 7605 7934 9770
5490 583 6566 8231 8867
5492 14 6740 8194 9311
5493 579 4198 4733 5460
5494 3571 6546 7144 7783
5495 5436 5947 7931 8487
5496 2110 2815 3502 8263 8343 8467 8740
5497 2102 3006 4159 10033
5498 351 542 548 1255 2137 5129 5227 5576 5721 5984 6246 8106 8310 9276
5499 125 1891 2259 6966
5500 154 305 538 1375 2630 3451 4122 4198 4243 4356 8127 8488 9261 9275 10140
5501 1186 1187 5823 8555
5502 60 2548 8555 9782 10145 10316
5503 583 588 1666 4533
5505 352 354 583 588 8231
5506 1734 1894 3803 5634 6293 8197
5507 4540 5147 5575 5925
5508 1394 2661 2747 3269 5420 6022 7515
5509 2154 2483 2865 8988 9487
5510 569 1088 2002 2238 2766 6884 9883
5511 30 350 1394 2660
5512 5478 9459 9926 10244 10505
5513 512 7734 9741 9772
5514 574 5815 6715 6884 10330
5515 587 604 1893 3556
5516 707 1329 1721 7316
5517 707 1331 1721 10316
5518 625 3019 3094 5690 7023 10208
5519 583 588 2837 9110
5520 149 354 583 588
5521 662 765 1552 1893 6486 9471 9627 9782 10145
5522 1854 2052 5248 5999
5523 24 2983 5230 8425
5524 2119 2595 2974 3291 4091 7050
5526 569 1340 5874 6842
5527 38 2509 2510 2684 9036 9287
5528 2661 4104 8578 9430 10476 10506
5529 24 2293 4048 8810 9332 9680
5530 2123 4554 5721 5883 7002
5531 583 588 3810 8231 10411
5532 8241 8654 9423 9490 9551 9631 9633 10394 10526
5533 2285 3874 4975 8106
5534 707 1255 1329 1721 3755 6797 7434 8675
5535 1446 2046 2410 3886 4457 5519 7119 8090
5536 707 1329 1721 2784 7329
5537 511 1854 1932 10480
5538 1760 3931 4967 5367 6162 6554 6569 6603 6638 6955 7526 7738 7792 9017 9049 9337 9559 10039 10108 10141 10562
5539 204 351 5984 8106
5540 520 707 1331 4770 6247 7763 8236 9240
5541 5626 7145 7777 9719
5542 1346 3321 4556 5395 5591 6498 6546
5543 379 717 1158 1619 2591 2949 6904
5544 449 1346 1881 2647 4558 5235 5535 6163 6925
5545 583 588 4264 8231 8273 10355
5547 583 793 8231 9311
5548 348 588 1355 8231
5549 2047 5218 7461 8250
5550 463 8830 9212 9279
5551 1394 8207 8911 9240
5552 36 306 2576 9481
5553 14 59 164 5478
5554 210 1255 2859 10533
5555 593 1893 2004 5333 5396 6133 6522
5556 3588 3792 5744 7205
5557 593 2070 5672 8106
5558 5405 7137 7628 8162 9471 9558 9723 10417
5559 707 1331 1721 2766
5560 3296 3297 9005 9140
5561 2494 3576 4969 4971
5562 2484 2512 2812 2822 4633 7431 8627
5563 2046 3314 7977 8172 8890 9134
5564 351 662 1570 1752 6605 6757 8247 8250 8278 9851
5565 67 2114 2983 2996 7029
5567 580 2592 2596 6640
5568 4537 8103 8209 8638
5569 2154 4078 4879 7815
5570 444 1294 2820 3204 4203 4214 4584 5012 6076 10533
5571 149 204 7685 9967
5572 1100 2877 4990 8106 9687
5573 4779 5614 5851 6733
5574 1414 1878 2138 6846
5575 1294 2054 4214 6076 6079 7684
5576 1659 3707 5672 5869 6756 9423
5577 2015 5652 6073 6076
5578 353 928 1329 1331 1721
5579 1246 2546 8498 8684
5581 190 2866 5775 8902
5582 54 583 588 8231
5583 1291 6968 7239 8751 10283
5584 351 1672 3743 4864 6831 7394 8207 9328
5586 1234 1727 7964 8303
5587 578 866 1387 1862
5588 5597 5672 5909 8795 10447
5589 1246 6982 7391 9906
5590 260 3302 5664 6791
5591 2376 2392 3352 6412
5592 381 430 646 1213
5593 609 1090 9148 9297
5594 554 695 4246 4929
5596 587 4405 5493 5525
5597 1647 1708 8789 9295
5599 214 350 1000 1710
5600 18 1568 4119 5657 6245
5601 635 2237 2936 3524 3800 4439 6426 7075 7492 7659 7689 9297 9484
5603 283 536 788 799
5604 768 1007 1833 7339
5605 1666 4020 5863 6934
5606 6942 7350 7363 7429 7491
5607 25 579 1852 2564 5103 6618 8887 9574
5608 4700 7937 8176 8625
5609 2607 4700 5217 6015 6363 6959 8207 10550
5610 1092 2249 2658 5558 6429 6868 7692 7880 8074 8155 9702 10049 10199
5611 593 722 1187 1191 7236
5612 605 629 1930 5672 5724 5893 6505 6822 6977 7143 7145 8101 8127
5613 901 4218 5071 9281
5614 711 4148 4483 5359 7351 7817 7818 7819 8819
5615 2717 2803 6408 8105
5616 569 1149 1301 5642 6071 7832 7922 8100 9906
5618 583 588 4382 6107
5619 2 1187 1783 2250 4063 5570 7685
5620 1329 1331 1496 1523 1721 1725 5831 10512
5621 44 4543 5634 6775
5622 273 274 422 472 707 720 819 1077 1092 1331 1711 1799 1801 2095 2250 2601 2695 2745 2887 2959 3280 3825 3847 3886 4017 4023 4362 5300 5333 6147 6669 6831 6905 7045 8293 8439 8549 8729 8795 9079 9139 9398 9435 9543 9802 10137 10178 10355 10414 10555
5623 2766 4214 9488 10253
5624 1330 1710 1786 6051 8818 10498
5625 204 588 1177 7330
5626 1329 1331 1721 7180
5627 1932 3707 4472 9123
5628 1187 2042 5104 5706 6324 8665
5629 253 1246 5982 9205
5631 6505 7738 9236 9525 9678 10081
5632 1704 5871 6381 7263
5633 202 353 354 1625 2609 2994 5788 6108 6553 7935 8499 8690 8829
5634 934 1098 1867 6123 6272
5635 48 3857 4990 6905 7263 9243
5636 246 273 354 389 569 784 1087 1186 1187 1340 1399 1446 1793 1868 4537 4830 5035 5948 9885
5637 6338 6350 7652 8661 9358
5638 1457 5874 6001 7376
5639 368 376 1130 3896
5640 49 129 3851 8098
5641 381 2555 2624 7688 8384 9659 10237 10489
5642 1980 7929 8760 9277
5643 520 583 588 1466 1773 2482 5302 7356
5644 491 1330 1710 7204 7969
5646 1892 5788 6546 10120
5650 4687 6554 7004 8343
5652 1666 2180 4068 5460 7006 7722 7886 8240 9569 9753
5653 8448 8722 10143 10216
5654 1239 1830 2546 2677 3201 5678
5655 486 540 1178 3747 4087 4261 4797 6247 6879 7833 8201 8285 9339
5656 78 366 662 1304 5994 7131 8549
5658 520 2305 2558 5335 6713
5659 117 7662 9806 10084
5660 5439 6554 6565 7242
5662 138 191 627 1213 1882 2590 3242 4606 6013 7442 7484 7678 7836 8101 10615
5663 273 274 1262 1344 5484 6164 7310 9085
5664 2563 2778 4666 5535 6193 7636
5665 707 1329 1360 1721 2827 4741
5666 583 6572 8231 9975
5667 154 707 1329 1331 1721 6890 7232
5668 3000 4667 5874 7006
5669 647 1331 1469 1738 1829 2364 2763 3280 4151 4152 4653 4705 4782 5018 5043 5586 6453 6751 6762 6876 7037 7356 7400 7548 7740 8829 8918
5670 2414 5863 9921 10065
5672 1726 8164 9216 10489
5673 1188 2391 4622 5771 8103
5674 1007 1159 7535 7937
5675 351 1329 1331 1721
5676 501 889 2067 6664
5677 333 2800 2846 3275
5678 261 2257 8763 9481
5679 2236 3576 4071 5221 6552 7168 7823 8862
5680 4639 4700 6007 6333 7684 8819
5681 34 37 2661 4223
5682 862 907 910 911 1106 2058 3122 3383 3721 3857 4872 5238 8159
5684 763 1041 1569 2339 3356 6698 7590 7883
5685 23 507 784 3368 3859 3880 4186 4331 4869 4898 4971 4972 5366 5683 5732 5754 6715 10170
5686 1255 1459 3615 5294 7987 9493
5687 1340 1868 2481 9280
5688 167 1894 2640 3000 3248 4462 4661 5265
5689 245 511 707 1329 1331
5690 233 1361 2100 2804 3686 4259 5156 5692 7223 8920
5691 339 586 588 706 9847
5692 4700 7006 7709 9491
5693 149 662 1868 6985
5694 130 756 5943 6150 8182
5695 9429 9457 9564 9781 10180
5696 4098 5362 5478 10526
5697 2856 4095 4391 8703
5698 579 583 588 2197 6163 6403 8231 8704 9677 9849
5699 1404 2358 8350 8471
5700 5604 7482 7691 8106 8928
5701 982 3891 5549 7593
5702 2872 3473 7348 9662
5703 588 3413 8231 8800
5704 4646 5106 5804 9930
5705 1568 4591 5535 9025 9967
5706 4198 5460 8561 9296
5708 805 1628 1802 2192 2565 3050 4114 7254
5709 49 480 727 1027 1480 2295
5711 569 2047 4198 4768
5712 1150 1151 5586 8625
5713 1210 1256 1505 1777 4572 5586 6258 6565 7341 7491 8162 10094 10573
5715 347 654 697 1833 2903 3164 8237
5716 4171 4561 5119 6831 6840
5717 351 1597 1953 2069 2070 2884 3747 5561 6238
5719 583 588 679 2047 7492 8686
5720 4350 5287 8098 8510 9429 10239
5721 641 1150 1151 5984
5723 3830 6740 9011 10511
5724 707 1239 1331 1342 1710 8303 8724 8795
5726 707 1329 1331 1340 1721
5727 914 3601 4732 6689
5728 204 342 511 538 588 1186 1187 1340 1342 1355 2364 4218 5721 7970 8201 8231 8340 8717
5729 6199 7891 7903 9194
5730 3790 5478 7054 8760
5731 1547 5672 8554 9116
5732 584 1209 1955 5077 8868 9154
5733 1297 2149 4384 9686
5734 361 2349 5705 6701 6851 6942 7891 10232
5735 2555 2852 6775 8028
5737 2086 3050 3689 4659
5738 588 5721 6816 8273
5739 361 583 588 3135
5740 583 588 5984 8231
5741 353 354 1340 1568
5742 1346 3339 4700 6386
5743 583 891 2295 5130 7980 9234
5744 255 359 3974 7585 7772
5745 381 2567 6079 9970
5746 502 6741 8424 10450
5747 569 583 1340 1868
5748 721 4820 5204 5873 6385 7492 8103 8533
5749 1074 6762 7314 8704 8715 8965 9588
5750 707 1329 1331 8194
5751 1246 2019 7054 8415
5752 1144 2004 3352 9999
5753 2884 3091 5915 6655
5754 351 707 1331 1721
5755 583 588 662 666 8273 9212
5756 149 204 1223 1340 1749 1868
5758 3617 8103 9322 9727 9806 10124
5759 24 297 583 588 707 1186 1187 1276 1329 1331 1346 1721 1893 2009 2095 2377 2452 2700 2766 2784 3153 3206 3502 3607 3730 3927 4214 4253 4537 4700 4770 4779 4896 5302 5404 5527 5757 5929 5944 6247 6307 6606 6905 6936 7037 7325 7408 7629 7668 7832 7925 8028 8231 8356 8534 8745 9363 9398 9588 9667 9899 10059 10222 10533 10587
5760 520 621 3440 4538 4599 6406
5761 4354 8315 9904 10584
5762 483 645 936 5874 6247 8964
5763 459 727 1067 2638 5899 6764
5764 160 4624 7131 9983
5765 149 203 204 9983
5766 2150 2567 2886 5525
5767 2209 2598 3740 5125 6042 8190
5768 588 929 2497 8231
5769 359 4475 9001 10143
5770 227 929 4906 7407 8533 10175
5771 583 3520 4906 7934
5772 1255 1662 1846 4020 4327 10194
5773 354 1980 5604 9664
5774 2603 5874 8106 9435
5775 604 2672 3556 9883
5776 641 1178 3449 5194 6860 7168 7180 10069
5777 224 1617 1666 4350 4990 6894 7598 7874
5778 178 2688 4299 5080
5779 1673 4948 6087 6337 6536 9956
5780 14 696 784 1665 2968 2983 4983 6840
5781 6108 6232 8444 9515
5782 407 8511 8555 9531
5783 2413 4004 4198 8846
5784 1316 2982 6859 7010
5785 1178 1868 5871 8795
5786 1186 1187 1790 2206 3796 4896 4997 5179 5972 7706 8290 9448 10051
5787 381 1723 2547 2766 2843 4719 7024 7179
5788 3118 4394 6407 6985
5789 361 571 5535 5765 5901 6715
5790 2162 4757 5658 5797 7721 9148 9260 9413
5791 4020 5761 7402 8338
5792 408 1790 8629 9885
5793 4869 5262 8284 8315
5794 563 586 707 1271 1282 1329 1331 1428 1526 1721 2187 2653 2964 3560 3672 4015 4277 5208 5354 5454 5501 5879 7156 7340 7345 7423 8102 8167 8169 9340
5795 583 1346 3346 3615 6741 8231 9765
5796 2960 7616 7835 9329
5799 554 2509 5207 5460 6022 6259
5800 1186 1187 4218 6108 7964
5802 5943 6849 8036 9733
5803 146 3986 5545 9191 9215 9605
5804 6972 8207 9339 9687 10232
5805 1340 1868 2885 6333
5806 569 696 1399 2868 3346 8036 8037
5807 412 1150 1151 1992 2125 2575 2736 5253 5500 5874
5808 25 240 350 455 462 606 1213 1526 1727 2565 2734 2768 2936 3202 4156 4214 4719 6598 7484 7685 9054 9061 10452 10465
5810 1246 1255 1340 1727 1868 1932 2153 2546 4198 4784 5466 5874 7245 8762 9220 9493 9952
5811 1727 6421 10059 10312
5812 2282 5721 6901 8106 8471
5813 1331 1721 2736 3051 7401 8343 9025
5814 5363 9070 9416 9987 10076
5815 381 4686 8637 9893 10512
5817 662 1070 1173 8605 9471
5818 437 3006 5125 10033
5819 473 3746 5736 8718
5820 183 1483 2054 3437 5812 7121 7684 7779 7967 8055 8185 9558 10197
5821 3346 6699 8522 8639
5822 2658 6824 7136 7835
5824 381 662 707 1331 1568 1576 1721 1905 2391 3935 4768 5721 6573
5825 1116 3206 4700 5217 6751 6831 7484 7878
5827 635 638 1466 2031 2222 2590 3811 3968 4532 5721
5828 707 1329 1331 1666
5829 77 408 1550 1731 1732 10147
5830 579 1125 1695 2589 4796 4928 5752 6652 7385 7608
5831 29 2849 5608 7988 8037 8479
5832 1007 2124 6240 7675
5833 78 381 6876 7078
5834 520 1498 3540 7168 9537 9542
5836 1884 9276 9493 9643
5837 5460 7412 7481 9920
5838 1529 2679 7156 7509 9244 9246
5839 2938 5907 7136 9380
5840 918 1068 1877 3427
5841 4167 6572 7104 7458 8209 9371 9649
5842 9 149 275 598 2506 3204 4585 5217 5460 8764
5843 2494 5650 6127 6363
5844 427 2682 4405 9707
5845 1239 1625 2202 6209 8184 9705
5846 88 1852 5460 7377
5847 819 874 2910 3563 6380
5848 765 4768 7542 8271
5849 2803 4391 4972 6740
5851 889 2784 3118 7681
5852 2876 4270 4834 8604 10004
5853 1340 1394 1893 6121 8278
5854 870 981 1549 5560
5856 767 5106 8873 10245
5857 1887 2054 3672 4182 4973
5858 707 1329 1331 1721
5859 348 794 1308 5484
5860 5489 6851 6983 8516 8964
5861 1255 1858 3085 4777
5863 570 1103 1405 1614 2472
5864 406 848 993 1032 1037 1565 1861 2366 3427 4722 4792 5291 6320
5865 728 1926 2708 2856 3662 5972 6685 7054 8106 10337
5866 589 1340 1868 5338
5867 1727 8387 8637 9211 9226 9248 10260 10423
5868 6259 7440 8476 9079 9688 10555
5869 707 1329 1331 1721 1868
5870 1299 2007 2655 2926
5872 211 412 1893 1980 2766 2942 3519 3792 4490 4821 5217 5501 5517 5874 6433 6539 6599 7659 7799 7817 7819 7823 8588 9158 9883 10331 10354 10411 10452 10495
5873 38 210 1255 4974 10346
5874 2791 6804 8552 8732 9210
5875 1404 2264 3163 4020 7402 9493
5876 276 1240 5129 5724
5877 630 4532 6495 6577
5878 1410 5384 7262 7777 8808 9317
5879 554 6373 8987 9485
5880 1552 2283 3000 4932 7554 9240
5881 420 9098 9682 9733
5882 1040 1421 2534 3120
5883 6695 6905 7402 8678
5884 520 545 707 1331 1575 1721 1775 2694 2921 3766 3920 5539 5593 7366 7519 8503 8555 8636 9329
5885 583 1177 6842 8231
5886 210 1255 3886 4223 8375 10230
5887 37 3085 3315 3668 3846 3972 5179 5682 6007 6195 7057 8234 8448
5888 1666 5300 5863 7773 9336
5889 2162 3342 4020 4680 6308
5890 1329 1331 1529 1721 4907 8278 8738 9212 9669
5891 417 662 1023 1373 1375 1471 1985 3091 3932 4068 4687 5655 5724 5755 5917 5954 5992 6251 6476 6505 6526 6568 6605 6654 6683 6897 7049 7111 7136 7143 7218 7303 7349 7384 7523 7765 7961 8912 9008 9236 9317 9323 9505 9509 9511 9559 9581 9655 9686 9736 9873 10055
5893 2770 4565 6876 8998
5894 707 1329 1721 5245
5895 1459 3419 4532 6418 7668 7758 7950 8084 9275 9333 9471 9581 9927 9945 10515 10608 10617
5896 833 7274 8207 10258
5897 1482 1888 3483 3484 3494 8918
5899 206 2436 7402 9202
5900 2866 5574 5695 6409
5901 2046 5823 8963 9481
5903 2801 3624 4036 5348 5632 5929 7815
5904 78 1246 3300 4443 4462 4543 7206 8112
5905 1353 5560 9254 9782
5906 110 2162 2893 5118
5907 176 260 5874 7006
5908 4199 5672 5730 6964
5909 253 1868 5460 5874 8555
5910 224 4350 4700 7908
5911 4974 5634 5837 7383
5912 351 588 662 1102 1330 1568 8106 8642
5914 253 6522 9562 10516
5915 891 3859 4104 4214 9338 9379
5916 583 588 717 1569 4968 6076
5917 211 1632 1633 3145 3794
5919 1280 2719 2815 2838 4700
5920 1404 3194 4198 8793 9546
5921 5706 5915 6104 8704
5922 6741 8412 9315 9417
5923 583 588 2816 8231
5924 1147 1568 1727 8497 10507
5925 1609 1894 3327 6124 10090
5926 1451 7489 7958 9752
5927 216 780 887 7023
5928 6972 7571 7830 10011 10533
5929 149 204 9481 10183
5930 6096 7484 9326 10411
5931 3000 6928 7054 8495
5933 1446 2215 2583 3760 6263 8197 8405
5934 6051 6482 6590 7346 7664 7777 8762 9881
5935 354 707 1331 1721 3621 4565 4830 5041 5721 6429 8642
5936 351 361 511 569 1171 1172 1868 3551 6299
5937 14 426 780 1040 1128 1281 1979 2295 2933 3000 3732 4343 4417 4571 4584
5938 554 579 707 1159 1269 1329 1331 1502 1721 2766 5948
5939 428 4254 4364 8103
5941 1727 4767 8588 8731
5942 210 2583 2941 4349 5328
5943 584 3634 3817 7974
5944 3056 5047 5338 6813
5946 707 1331 1721 5312
5947 579 1456 2822 6955 7753 7765 9462 10608
5948 4719 6593 7672 8337 8738 9271
5949 488 3560 3672 6712 7801 8064 9486 10007 10546
5951 469 571 1410 1509
5952 654 835 892 1255 1998 4615 4748 5195
5954 588 8231 9049 9329
5955 2856 2893 4331 5982 8935 9493
5956 131 894 4968 7408
5957 2845 2934 4970 8719
5958 441 711 2125 3678
5959 1660 1749 2042 3020
5960 662 707 1331 1868 2847 3707 4214 8106
5961 1239 2555 8618 9493
5962 2576 4639 7506 9885
5963 204 583 588 3904 8231
5965 1878 2046 4979 5686
5966 686 968 1446 3747
5967 2939 3822 8106 8902 9096 9471
5968 1281 4700 8167 9135
5969 211 358 1268 1327 1908 2051 2238 3588 3726 4391 4887 5501 6831
5970 2425 4784 8378 8571 8575 8731 9379 9685 10076 10180
5971 381 1329 1331 1721 3100 6625 8103
5972 5471 6049 8002 10239
5973 2512 3938 4020 7788 7790
5975 1868 2046 2292 6888 7841 8763 9908 10143
5976 1841 8731 8888 10245
5977 4106 4472 8103 9124
5978 2043 5195 6611 10302
5979 378 379 410 5389 8807 8949
5981 95 141 214 847 1001 2024 7569 7671
5982 234 5235 6852 7422 8625 8826 9200
5983 366 5724 7222 8022
5984 5990 8039 8704 8844 9400
5985 707 1281 1331 1874 4214 6684
5986 569 1523 5460 8369
5987 5001 6941 7462 10137
5988 234 554 1187 1298 2983 3297 4475 8219 8554 8935
5989 2811 2936 4824 8429 10410
5990 3513 5276 6167 6945
5991 2820 3609 4557 4700 5929 6079
5992 1186 1187 2056 5984 7076 9025 9160 10462
5993 29 2761 4716 6679 7039 7250
5994 2545 2787 4283 4440
5996 407 4348 4847 5472
5997 540 707 1331 1721 3724 4547
5998 371 767 1062 1075 1516 3710 4689 6664 9114 9384 9810
5999 3010 3123 4989 5601
6000 2122 2144 7257 7650
6001 216 496 2328 2509 2583 2862 4440 10512
6002 1340 1868 7407 8844 9025 9772 10173
6003 37 1541 3000 4020 8873
6004 170 355 1904 5954 7190 7335
6006 95 725 2351 5861 7473
6007 3064 3749 6890 8498 8575 9099 10414
6008 200 1568 7692 9025
6009 1262 1528 2352 6761 6959 7479 7484 8207 8376 9487 9648 10354
6010 204 1340 1868 2716
6012 1979 2295 2766 5460 6194
6014 706 1375 4198 8103
6015 3699 4360 6315 7981 8611
6016 1666 2509 3877 10143
6017 1177 3707 5779 10533
6018 4615 4890 6428 8162
6019 882 3848 7682 8089 9371
6020 142 2015 2415 2885 3355 4091 4523 5197 5302 5573 6240 7799 8303 9036 9231 9392 10437
6021 1239 2868 3685 5723 8106 10239
6022 1213 2732 5194 5604 6958 9861
6023 3111 4957 5574 7417 8689 9176
6024 77 159 183 412 545 579 636 1084 1194 1346 1550 2580 4743 4768 6001 6546 7144 7524 7950 9771
6025 4974 7996 8498 9540 9542
6026 6108 6701 10061 10067
6027 1255 5672 7433 10533
6028 622 1346 4299 8451
6029 1348 1568 5556 5719
6030 806 2432 3083 7447
6031 70 580 722 1262 1346
6032 1291 7500 7816 8408
6033 1299 7224 8678 8871 8988 9211 10483
6034 1527 4214 4584 10423
6035 1568 2236 4622 5379 5874 8704
6036 1733 1813 2498 2830 5823 6950
6037 2876 5823 7934 8665
6039 5166 7402 8375 9450
6040 227 583 588 675 1394 1890 2210 2293 2364 4130 4559 6918 9406 10062 10555
6041 583 588 9664 10530
6042 1262 2015 4307 7316 7925 9148
6043 165 569 621 741 1319 1928 2009 2854 4741 5739
6045 328 4300 4301 5141
6046 4147 5420 5762 9240
6047 746 3234 4002 5532
6048 371 468 1082 1666 5428 7624 8988
6049 135 319 2616 4387 4855 9787
6050 1666 1880 4592 4709 4787 5772 7180
6051 149 204 1070 10413
6052 354 1708 4784 5150 6660
6053 554 707 1331 1340 1721 5823 6076
6054 2627 4081 8437 8835
6055 3230 3643 3887 6237
6056 2498 2590 6673 6854 7509 7797 8084 9380
6057 1394 1857 7014 8412
6058 381 1711 2614 3109 5035 5478 5984 6609 6979 6989 7187 7288 8781 9470 10386
6059 1329 1331 1721 2285 5556
6060 179 742 746 1277 1666 1909 2236 2254 4203 4213 4268 6180 6977 6989 7050 8271 9784 9992
6061 2146 5622 5811 10419
6063 77 635 651 707 1213 1329 1331 1584 2193 2815 3519 3792 4013 4923 5397 5540 6816 7081 7408 8727
6065 1177 2052 3170 3810 5250 5874 7211
6066 1726 2070 2102 5747
6067 520 583 1137 5410 6194
6068 210 1255 2378 2621
6069 4350 4869 6421 7135
6070 3091 5586 8507 10539
6071 264 4626 7024 9839
6072 611 1057 1561 2248
6073 8103 9459 10509 10519
6074 1097 1179 1375 1892 2606 3253 8263 8386
6075 523 538 3724 4352
6076 840 1946 3178 3837
6077 251 1878 2295 7891 9240
6078 707 1329 1331 1721 7159 7989 9386
6079 1497 3051 6333 6571 6705 7140 8124 9723 9928 10433
6080 1340 9181 9662 10479
6081 1846 4002 7491 8425
6082 6217 6219 7397 7663
6083 2293 4770 7758 7958 9423
6084 913 2391 4283 6534
6085 707 1329 3931 4181 5340 5425 6554 7765 8717 9374 9385 9811
6086 747 1446 2856 3413 4999 5300 6926
6087 149 1340 4198 5460 8369
6088 6546 6551 6565 9723
6089 14 7127 8039 9351
6091 203 348 569 1340
6092 9 4615 4667 5403
6093 14 654 1007 1565 4897 4918 5984 8188
6094 1225 1868 5984 8103
6095 1186 1187 2494 5982
6096 1340 1446 1868 3453
6097 5230 5460 7059 8303
6098 3006 5396 6391 10033
6099 151 199 583 588 1147 1314 7022
6100 910 1393 3167 8296
6101 1329 1721 5084 8128
6102 453 2194 5243 5914
6103 1509 3519 3792 4045 4298 8538
6104 2352 3332 3657 6298 6931 7037
6105 2659 6848 7371 8704
6106 5075 5516 6546 10095
6107 1394 3813 3889 5833
6108 381 514 522 2936 6496 8454 8677
6111 1967 2786 6478 7117
6112 569 1152 1394 5604
6113 641 1078 1574 6701
6114 381 511 513 579
6115 707 1329 1340 1721 1868 5460 6889
6116 4214 4875 4876 9784
6117 784 964 1340 1868 2304 3260 4254 4949 7601 9659
6118 2887 3483 4645 8014 10517
6119 2254 2364 5077 8759
6120 1894 4035 4691 5984
6121 1308 7157 7371 8278 9357 10524
6122 2815 3551 4198 9025
6123 1942 2676 3313 3865
6124 1894 4261 5779 9175
6126 623 1330 1975 3844 5653 9151 9490
6127 273 274 563 5460
6128 583 588 8231 8470
6130 583 6247 8231 8415 10374
6131 606 5539 7450 9388
6133 1346 3593 4097 6593
6134 1893 5501 6117 6348 9485
6136 702 1860 2837 3664 3944 4385 4726 5478 5874 6070 6164 7395 7838 7891 8764 8996 10328
6137 889 3019 3095 10590
6138 2127 7999 9295 10185
6139 1372 3431 3434 5137
6140 138 1222 2465 2647 4261
6141 2259 7136 7820 10093
6144 1018 1284 1727 4667 7022
6145 1841 2753 3366 9854
6146 351 485 1052 1348 1892 4206 8049 8173
6147 359 707 1331 4830
6148 210 947 1894 2483
6149 579 7556 7625 10000
6151 95 417 641 1019 1223 1602 1773 2603 2766 2960 3645 4700 4768 6942
6152 2162 2456 4974 7028
6153 1540 1568 1736 5672
6154 1047 2988 4218 8415
6156 591 819 1191 4214
6157 2135 2174 2628 5658
6158 4862 5888 6942 8659
6159 2849 2856 2877 7905 8449 9687 10558
6160 1336 4371 6264 7913 9207
6161 2583 2872 5678 7874
6162 501 583 586 588 1154 6793 10090 10432
6163 707 1300 1329 1721 1758 1891 5874 8287 8853 8959 10397
6164 2463 4533 5863 6059 6914 8454
6165 589 1727 1757 1796 2436 2751 3899 3989 4537 4975 5132 7266 7900 7979 8461 9023 9602 10296
6166 870 874 1032 1565 1845 2502 5902 6320
6167 14 2042 6743 8555
6168 18 6333 6373 6701 8220 9486 9491 10060
6170 6941 7223 8511 8987 9067
6171 2672 5632 6656 10398
6172 397 845 2498 2642 2841 2867
6173 150 511 4589 6029 8236 8343
6174 3899 5987 8344 10220
6175 569 1340 4915 6545 6577
6176 42 2144 3118 9251
6178 400 1565 5332 5934 6895 7236 7239 7569
6179 18 1251 3609 4574
6180 1178 1568 3170 3810
6181 1003 1186 2019 2119 2412 2719 3467 4589 5289 5721 7051 7833 9028
6182 142 2689 8381 9049
6183 2120 3333 6897 9542
6184 183 253 544 2019 2566 5606 6440 6545 7295 7743 8628 9005 9329 9885 10200
6185 1340 1868 5460 7411
6186 554 1484 2620 3756 4557 4938 5197
6187 211 1307 1463 1711 2115 5460
6188 381 1383 4411 5460 7891 10482
6189 990 2982 5973 7023
6190 2178 2596 3077 6494 8962 9168
6191 1246 5915 8442 9067
6192 1866 6959 9885 10601
6193 1003 2905 4579 8151
6194 641 668 2744 3681 4667 6280
6195 165 5028 5217 6448
6196 722 3749 4198 5460
6198 707 1329 1331 1752 4198 6884 6898 8920
6199 579 1727 4198 9240
6200 7831 8573 8872 9612
6201 3858 8587 8729 9191 9192
6202 202 1229 2665 9018
6203 1423 5608 7447 8427
6204 34 381 2066 4283 5807 5985 7926 9023
6205 276 7134 7135 7754 8398 8757 9733 9824
6206 1307 1308 1813 4399
6207 23 1830 3692 3830 3965 6775 7096 10272
6208 362 641 3132 6170
6209 571 1178 1329 1331 1721
6210 2162 5632 7506 10512
6211 2085 2746 3956 8106
6212 334 376 380 821
6213 1137 1213 10279 10618
6214 452 1727 2293 4700 7584 8766
6215 1569 3997 7386 7907
6216 707 1329 1721 3135
6217 707 1329 1331 1721 1932 4566 5984 7264
6218 1284 4579 7655 9861
6219 1327 1893 5496 8106
6220 386 583 588 1340 1868 2320 3486 4537 4990 5077 6454 8103 8231 8711
6221 554 1106 4009 7306 9948 10273
6223 488 7056 8369 8597 9212
6224 210 437 583 588 1346 1347 1894 2105 2719 3693 3758 4041 4462 5672 6701
6225 376 874 1644 1645 2631 5863 5984 9025 9240
6226 2803 2884 8718 8786
6227 706 1951 5984 8106
6228 1340 1868 5080 6667 6743 8598 8860 9881
6229 6565 8711 8714 9729
6230 381 1454 4412 10145
6231 2555 2886 4700 7087
6232 627 707 1329 1331 1347 1721 1868 3177
6233 25 1267 2679 4830
6234 241 1340 2284 6568 7834 10159
6236 569 2689 4352 4562
6237 420 1638 6058 8442
6238 579 3604 3618 5478
6239 588 1908 4768 7263 8231 9251
6240 390 1231 4834 6428 10530
6241 183 2047 2304 7834 8625 10495
6242 7136 9128 9676 10394
6243 1099 1666 2367 5493
6244 162 341 538 583 588 5079 6794 7747 8273 9999
6245 11 195 351 488 1186 1187 1190 1331 3245 6522 6982
6246 6177 6796 7385 8513 9345
6247 2564 6577 6605 6618 7386 9236
6248 613 1407 1612 2264 6392 8617
6250 707 1329 1331 1721 5929
6251 409 1446 2804 4349 6188 8160 8424 8427 9272 9583
6252 1528 2590 4125 6595
6253 1108 1918 2060 3765
6254 2377 3688 3886 6359
6255 470 3896 7658 10512
6256 81 1246 1932 2657 3096
6257 662 1023 3939 4097 6438 6940 6959 7856 9195 9197 9210 10261
6258 763 1140 5451 5740 6003 8208 10128
6259 78 641 1177 1832 1841 1878 2215 2352 2375 2653 3706 3858 3964 4536 6761 7582 9036 9139
6260 82 1536 6940 9588
6262 3553 3938 5379 8596
6263 718 2960 5984 6107
6264 2042 4767 5502 5672 10244
6265 1082 2014 4705 4856 5240
6266 3719 4867 6514 8872
6267 2408 5410 6264 6323
6268 1529 4113 4700 8482
6269 1540 5289 5553 7833 9327 10378
6270 2295 4537 5947 6301
6271 4014 5460 5874 7180
6272 7357 7363 8718 9200
6273 351 1932 3520 4906
6274 773 3057 3106 4857
6275 588 1174 2113 8231 9849
6276 1894 3000 3085 4475
6277 2697 4674 8415 9182
6278 1666 2232 2361 4093 4405 5554 5990 7025 8415 8795
6279 2 409 668 5823 7066
6280 96 210 1156 2661 4417 4719
6281 141 374 993 3887 4077 4285 10436
6282 6626 8106 8592 9668
6283 177 354 3844 6393 7168
6284 1103 2368 5079 7987 8795
6285 707 1329 1331 6550
6287 361 412 3135 3854
6288 663 706 2564 4700 5194 5217 8702 9952 9971 10411
6290 1833 3666 4123 4187 4317
6291 3348 5712 5779 6728
6292 258 540 2936 5036
6293 2855 5984 6327 6876 9967
6294 2340 4700 4705 4779 4862 4921 5009
6295 305 1137 1144 1342 6108 8369 9085
6296 707 1329 1331 1721 2019 3672 4622 6076
6297 2180 2590 5086 5280 5339 6843
6298 1643 8319 8638 9036 10069 10562
6300 149 204 1340 2047 2689
6301 1378 4674 5276 9177
6302 2017 2655 4924 5108
6303 3000 4462 8611 10114
6304 149 723 1330 1488 1576 1710 1850 2046 2105 2267 2590 2759 2835 2850 3436 3869 5869 6768 8046 8111
6306 1103 1605 2368 5495
6307 1340 1463 1888 1894 2041 5747 8173
6308 588 591 1603 6047 7405
6309 366 2942 3644 4150 4638 4705 5779 5785 6122 6286 7483 8064 8602 8812 9189 9340 9493 9713
6310 1323 1763 5984 8555
6311 569 1147 1178 4399 4588 5984
6312 584 899 930 999 1061 3427 10279
6313 583 1576 4452 6990 8231 10583
6314 34 1294 1918 6456 6831 8303 8902
6315 4020 5176 8448 9885
6316 1308 2105 2288 3648
6317 641 4194 4686 10512
6318 28 108 241 1894 2581
6319 262 1513 2118 2804 3738 3908 5721 8763
6320 1523 1632 4243 5984
6322 1239 2643 3317 9493
6323 115 376 2555 5070 9379 9885 10223 10518
6324 1285 1464 1635 4768
6325 193 1370 1498 1874 2341 2585 2681 2935 3588 6037 6309 6831 6912 8220 8243 8268 9086
6326 583 5947 8106 8231
6327 1285 2123 5666 7945
6328 21 164 1319 3687 3743 4700 8813 9040 9318 9558
6329 881 1977 5376 10038
6330 1576 2405 5079 7619
6331 542 1340 1868 2295 3277 5325
6332 1239 1394 1841 1920 3899 4532 4649 9738
6333 2162 4418 8635 10239
6334 2122 3077 3282 5678 6695 9218
6336 36 1821 4020 4692 4902 7843
6337 268 583 588 8231
6338 713 3087 6084 6333 8362 9477
6339 1340 1868 2983 3451 4327 5664 6122 9493 10142
6340 2008 5785 6379 6869 9327 10273
6341 211 1459 1576 3252 4606
6342 273 274 6108 7708
6343 1727 4768 4830 6770 6982 7646 8343
6344 357 1174 1394 1568 4869 5157 7385 7655
6345 1448 2461 4167 5949 6618 6701 7716 7779 7792 7930 8555 8640 9002 9957 10411
6346 775 1330 2542 2932
6347 734 819 1194 1932 5065 5811
6348 5918 7270 8022 9423
6349 488 4561 5586 6597
6350 1096 3019 7651 9750
6351 25 2022 2541 2555 2662 3514
6352 3091 3252 6553 6932 7262 9370 10026 10537
6353 186 591 3649 6019 8625 9972
6354 1757 5455 8743 9268 10090
6355 511 1569 2283 6979
6356 3576 4214 5740 5901 6536 8326
6357 809 1667 2653 6353
6358 1727 4137 7135 9636
6359 641 1340 1868 8729
6360 1099 5604 5823 6990 8909
6361 569 588 662 1144 1269 1340 1813 1868 2004 2205 3769 4176 4399 6108 9546
6362 1711 7821 9363 9509
6363 583 588 1498 1727 2089 8273
6364 3077 5670 8646 8648
6365 273 274 7964 8103
6366 1340 1858 1868 2457 2939 5712
6367 1778 5584 6891 7500 8618 9190
6368 183 412 4073 8362
6369 579 4830 5873 6170 6368
6370 38 1894 2059 3967 7224
6371 1704 5626 5874 5929
6372 641 2683 2766 3689
6373 123 264 2345 2746 2983 3908 4768 4991 5242 5359 6303 10478 10494
6375 99 355 4014 6438
6376 2583 4700 4705 5051 5152 5414 6946 7009 7123 7684 7909 7940 8066 9318 9685 9990 10287 10467
6377 205 4280 6918 8237
6378 2046 3076 3866 4127 5260 5455 8232 8443
6380 707 1329 1331 5419 6545 6675
6381 2070 2305 6643 6876 7859 8207
6382 1048 1668 3702 6942
6383 5156 5688 8576 9248
6385 7136 7254 8106 10444
6386 583 588 1568 4198 8273
6387 501 6645 6670 10469
6388 1394 2814 2815 3436 3960 5302
6389 2017 2377 3538 7078
6390 40 224 359 847 848 999 1246 1316 1335 2958 3564 3566 4077 5004 7003 7023 8815 8865 10239
6391 294 361 711 1577 2830 4755 5015 5874 6462 6563 6678 6989 7246 7583 7712
6392 1144 1145 2047 4636 5767
6394 242 4768 5984 7233 8043 9025 9357 9555
6395 34 6321 8444 8582
6396 700 1096 5788 6076 9983
6397 1256 8337 9065 9983
6398 3202 4584 7668 9174
6399 523 8555 9368 9590
6400 1340 1396 1868 6701
6401 579 1329 1721 2708 8103
6402 2704 2877 3317 4440
6403 1018 1457 4014 5369 5778
6404 1893 5007 8830 10019
6405 319 1346 2004 5528
6406 75 1593 8716 9218
6408 1446 1739 2152 2808 3886
6409 5436 6589 6593 9883
6410 1366 1627 3999 5640 6301 7367 7891 7965 7974 8650 9210 9905 10482
6411 2369 3079 3896 4391
6413 2598 2989 5836 9433
6414 242 355 1096 1151 1568 1726 2776 4768 4830 5129 5141 5460 8718
6415 2689 6664 7651 8795
6416 569 583 588 2047 3707 4597 8106 8231
6417 1340 1868 7078 9275
6419 4198 5460 5535 8274
6420 376 451 1316 2949 3564 5014 5802 7569 8416 9063 9666 10079
6421 24 187 441 455 591 707 727 796 1096 1132 1174 1293 1294 1331 1457 1582 1721 1891 2338 2341 2352 2555 2766 2838 2920 3607 4350 4532 4639 4685 4768 5054 5254 6463 7078 7306 7964 8064 8134 8424 9025 9054 9109 9426 9885 9939
6422 707 1331 1721 2253 4782 6453 7548
6423 1643 1944 2431 2509 2622 5166 5837 5943 7012 8677 10228 10427
6424 2391 6417 8856 9148
6425 149 204 2824 3747 5369 9966 10378
6426 1047 1122 3513 7467 7668
6427 34 260 783 1097 1568 4198 5460 7054
6428 1727 5460 5871 6089
6429 1937 2804 2811 4639 5363 5378 5732 9636
6430 1282 1411 2724 4700 5888 7684 9451
6431 3593 5349 6002 9588
6432 1640 5169 5365 8888 9058 9376 9682 9852
6433 583 588 5345 6324 8106 8231
6434 37 78 1239 1625 2546 2555 2629 2635 5176 8424 8448 8563 9885
6435 348 1186 1187 1327 1342 5516 8103
6436 369 1645 5291 7775
6437 170 4597 5460 7397 8722 10315
6438 3830 4474 6038 9493 10020 10147
6439 757 1246 3688 6840
6440 351 2238 3575 4657 6073 7054 8632 9311 9329
6441 520 707 1329 1331
6442 34 540 1018 2043 3009 5192
6443 2621 8302 8314 8315
6444 366 1340 1568 1868 2364 4356 5466 9563
6445 542 969 1366 5835 6905 8463 9680 10500
6446 532 2205 3043 4779 5454
6449 1326 4014 4214 4797 6825 7089 8507 8718
6450 1496 2602 3105 6619
6451 2579 4979 5112 5455 8312 8751
6452 428 4240 4475 4667 8731 9025
6453 970 2046 2082 5721
6454 164 1666 3613 9493
6455 1496 2590 7964 10586
6456 3649 3792 4806 4809 5054
6457 1979 4947 5460 7691
6458 1187 2964 4357 6333 8081 8713 9200 10060
6459 186 684 1740 2509 2568 2679 2843 4461
6460 692 1294 2978 3844 4252 4299 5598
6461 2355 2401 4639 5621 8285 9079
6462 3984 4689 6494 9493
6463 1280 2815 3673 3929
6464 948 1239 1979 2154 6927
6465 3842 4125 4284 5779
6466 351 1754 4858 9054
6467 2210 2360 2990 8237
6468 109 1592 1708 1955 2732 5313 6241 6636 7883 8082 9074 9578
6469 537 1113 2671 5927
6470 838 3436 5807 6715 8368 8738 8777 9493 10508
6471 1340 7934 9277 9471
6472 376 819 1061 4346 4347 5373
6473 5328 8424 8630 9687
6474 540 1442 4091 7728
6476 24 102 472 1123 1171 1191 1246 2564 5460 7884 8750 9771
6477 3344 7961 8624 10103 10239 10469
6478 1444 2841 4805 5217 6090 9955
6479 381 1443 2766 2799 2886 4582 4830 5680 6658
6480 1440 4639 7255 8563
6481 400 511 1293 2008 4700 4987 5757
6482 4243 5874 9396 10314
6483 24 1576 8183 9798
6484 1079 1704 2596 3707 4831 5030 5535 5828 6429 7265
6485 366 4205 6538 7335
6486 211 635 707 1331 1346 3276 5672 6502 7174 8289
6487 1724 4511 7432 8112
6488 751 1815 2145 3000 9991 10512
6489 1644 3453 4862 7166
6490 1186 1482 5721 6876 7087 7304 9892
6491 351 2752 6003 7196
6492 1970 4896 8103 9615
6493 1568 2121 8994 10145
6494 2275 4918 6663 8665
6495 5737 5984 7923 7970
6496 362 1186 1187 1249 1364 2130 3708 4749
6498 63 96 5683 6849
6499 917 1177 7866 8228
6500 18 583 588 1498 7287 7955 8273 10010
6501 351 1909 3243 5724 8982 9277 9667 9841
6502 2465 5278 5430 8231
6503 362 4700 7909 8482
6504 210 1894 5471 5684
6505 579 763 1589 4475 6232 7737
6506 24 1932 1943 4830
6507 746 1346 1894 4078
6508 1416 3286 4801 6411
6509 1383 1459 5540 7264 8841
6511 1534 1955 3681 7508 7523 8369 9356 9775
6512 1464 4816 6001 6038 7136 8055
6513 99 4695 7491 10024
6514 579 588 1191 2589 8153 10394
6515 116 117 554 1138 4867 6097
6516 3048 3748 8153 9277
6518 323 1113 2120 3734
6519 351 569 588 4214 5144 6100 6831 8786 8959
6520 149 204 205 549 579
6521 1150 1151 1568 8103
6522 1329 1331 1721 9588
6523 2781 3762 6389 8555
6524 155 1639 2599 3473 7160
6525 1488 6959 7054 7514
6526 1075 2052 6027 7061 7569 7726
6527 583 589 4198 8231
6528 3020 9268 9546 9674
6529 1576 8499 9591 10417 10550
6530 478 520 7823 8106
6531 5034 5242 6643 10200
6532 3352 3616 7492 9642
6533 707 1331 1721 4048
6534 4700 6108 7006 8031
6535 1446 2467 2509 5747 5932
6536 5787 6982 7426 9926
6537 1621 1622 2137 9166 9557 9712 10552
6538 1340 3101 7154 8106
6539 3124 3651 5332 7484
6540 1314 1860 6155 6212
6542 264 2154 5971 8290 9541
6543 28 34 4082 6778 8424 9025
6544 2509 4352 4908 7414
6545 2889 6276 8800 10017
6546 2463 4782 7799 9025
6547 1523 1569 1813 1892 3998 5257 9128
6548 583 588 8390 8978
6549 3218 7431 8160 9067
6552 444 2915 3628 3756 5947 6546 6773 8053
6553 588 1087 3094 7902
6557 5124 5611 5616 6301
6558 1269 4265 4830 5604
6559 1811 2561 2997 7698
6560 149 195 204 2579 5719 7385 9074 9955
6561 165 1329 1331 1721 3206 4227
6562 5688 9366 9579 10076
6563 4284 4349 6775 8129 8783 9466
6564 1262 1831 2745 5171 6194 6673
6565 1626 2442 2985 4830 7335 9460
6566 1302 1574 4576 5460
6567 1576 6286 6743 7750 8907
6568 2391 8679 10238 10457
6569 351 583 8273 9392
6570 233 588 6055 8231
6571 5718 7874 8582 10494 10593
6572 1284 5445 5769 6162 7121 8106 8247 8252 10197
6573 392 759 1322 1708
6575 1340 1727 4198 5984
6576 760 1358 2626 3938 7491 8424
6577 323 865 1025 1104 5493
6578 6070 8415 9385 9529 9653 9832
6579 671 2141 3887 6536
6580 1708 2621 7402 8637
6581 1235 1643 1647 3579 5412 6380 6723
6582 1070 1314 1868 2105 3020 3346 4198 4443 5652 7052 8661
6583 18 389 720 2047 2381 4154 6147 6269
6584 569 808 1174 1213 1223 1632 1705 2024 2123 2698 2837 3878 5604 5851 8749
6585 24 4198 4597 8572
6586 1790 3830 7464 9748
6587 2126 6982 8043 8135
6588 38 2546 7035 7500
6589 8116 8936 9980 10482
6590 1345 2590 6342 8177
6591 7823 9561 9723 10337
6592 419 2939 3207 5846
6593 1340 1868 4768 5966
6594 173 2054 5921 7262
6595 583 590 591 605 606 1493 2689 2886 3992 4301 4758 4821 5001 5297 6336 7985 8362 8642 9025 9165
6596 1284 2042 2043 2199 2409 3994 5570 5578 6324
6597 554 583 588 1294 2178 4214 4654 4705 5332 6831
6598 5863 8697 9170 9366
6599 1327 2149 3645 4378 5489 9145
6600 49 4580 9118 9464
6601 77 1246 3000 4368 4471
6602 907 911 1340 4786 6211 9480 9553 10413
6603 928 3802 5894 6919 7096 7436 7569 8220 10029 10062 10577
6604 420 9360 9733 9746
6605 381 2679 5672 7817 8862 9782
6606 381 994 1758 1939 2240 3873 5013 6546 8555 8914 8978 9016 9157 9557 9569 9723 10007 10412
6607 2688 4197 6782 8343 10187
6608 707 1294 1329 1331 1721 3864
6610 462 5245 9487 9952
6611 348 1161 2143 4914 6152 7998 9124
6612 2303 3093 3707 4770
6613 366 4014 7916 9952
6614 583 588 4077 8231
6615 455 629 713 1023 2347 2820 6073 6475 6643 6692 6701 6989 7616 8781 8791 9296 9696 10618
6616 2830 4609 6259 7818
6617 351 2642 3943 8490 8491 9169 9857
6619 2595 3457 3922 7194
6620 1642 6333 6606 7484 7771 8958 8960 9240 9713
6621 376 569 579 1281 4198 4214 5460 6108
6622 1666 2618 3451 6808 9260
6623 1869 2043 4573 5776
6624 207 707 1331 1721
6625 305 337 348 662 1980 8503 9664
6626 583 588 7576 9049
6627 412 528 1019 1178 1744 1993 2299 2607 2830 2952 3409 3587 4038 4253 4649 4768 4775 4939 5018 5333 6634 6920 7026 8106 8942 8978 9975
6629 1138 1434 4405 8103 9259
6630 5880 7196 7402 9493
6631 319 407 858 4789
6632 1868 2682 4897 4975 7438 9814
6633 662 4098 7491 8335 9240 10482
6634 210 4591 5424 8494 9628 9885
6635 292 5475 6545 9565
6636 511 707 1228 1331 3276 8718 9178 10522
6637 707 1331 1340 1495 1721
6639 587 857 1726 4789
6640 159 318 569 583 588 914 1346 8231
6641 6413 7659 8136 9380
6642 420 5943 6840 8634
6643 706 1256 1727 3906
6644 109 1256 1446 1893 2124 2389 2800 4550 6128
6645 1666 8116 8194 9951
6646 588 1007 2087 8106
6647 437 2000 2102 2627 2785 3006 4838 5402
6648 179 260 9615 9993 10068
6649 326 1157 1256 3453
6650 311 2323 2356 4214 4768 5836 6611
6652 173 1096 6554 6568 6574 6958 7141 9359 10062
6653 84 253 644 1083 2485 2553 2849 3833 4882 5475 6248 6885 7379 8630
6654 195 3136 5043 7226
6655 8173 8226 8866 9490
6656 1246 1446 4020 5972 9493
6657 3000 7402 7721 8375
6658 1246 4279 6695 7402 8368 10018 10533
6659 1340 1727 6170 9885
6660 24 1282 1932 5984
6661 24 381 4106 8555
6662 1177 1329 1331 1665 3346 6554
6663 1319 3864 7289 10321
6664 1019 4048 5391 8162 8544
6665 338 707 1329 1721
6666 1878 7818 7894 10143
6670 18 1345 2023 4232 5574
6671 381 1177 5747 8369 9277
6672 1152 1313 3206 5953 6087
6673 929 5823 8415 9470
6674 584 5077 9546 10117
6675 1350 1967 2307 4559 5719 7758 8339
6676 2300 2654 2810 3258 4647 4942 7702 9087 9162
6677 771 1420 1421 1422 2958 4120 4124 4195
6679 1780 2036 2042 2207 8219 8343 9185
6680 1874 2484 2803 4391 8690
6681 2555 4284 5296 7787
6682 351 1175 6247 9539
6683 707 1329 1331 2668
6684 1329 1331 1721 2119
6685 29 2483 4850 9020
6686 359 569 1451 1568 4830
6688 276 1626 1727 2192 2546 9231
6689 583 588 8231 9832
6690 1858 8039 8919 9261
6691 6194 7057 7166 8513
6692 102 1446 1666 2065 7047 7402
6693 707 1329 1721 6377 9733 10550
6694 1246 1446 3000 4020
6695 1841 5973 6775 8881
6696 1710 2377 6194 6677
6697 144 913 4674 6647
6698 2564 3050 3609 3856 6831 9036
6699 2077 2081 4261 4435
6700 195 1956 3924 4056 4687 5909 6029
6701 707 1331 1721 1727
6702 2546 5657 7415 9493
6703 437 5460 5594 10033
6704 2822 3519 3792 8106
6705 273 274 351 1178
6706 293 569 1849 2590 7528 7689 8363 9529
6707 1320 3924 7992 10550
6708 1469 1496 8772 9946
6709 1722 1992 2226 2524 6081 7448 8398
6710 8112 8634 9733 10180
6711 2901 5984 6219 8297
6712 365 2593 3000 3717
6713 596 1943 3332 9200
6714 149 204 408 8795
6715 348 1281 3454 3455 6076 7848 8310
6716 804 3347 3760 3941 4139 5543 8036
6717 707 1044 1329 1331 2850 3536 3580 3702 4175 4678 9588
6718 1930 3318 6545 6577 9620 9741
6720 2983 3115 6894 8285
6721 355 2561 4881 7974
6722 2784 4405 5014 8522
6723 1329 1331 1721 5863
6725 1330 5423 8137 8795
6726 1256 2509 2555 8551
6728 1460 4565 4915 5031 6344 7289
6729 1830 2824 5721 7489 7491 8195 10120 10161
6730 376 520 651 1644 2908 4762 5004
6731 554 1007 1253 2810 8487 9768
6732 699 1666 2067 2335
6733 1342 4979 6892 9771
6734 2590 4797 6946 8902 9392 10292
6735 1132 1727 2666 2729 4475 4710
6736 24 224 3866 7612
6737 1645 5672 6740 9832
6738 635 743 8014 9927
6739 1322 2483 3865 4879
6740 211 1136 1558 1878 6686 6945 7266 7402
6742 765 2951 3297 3610 4700 6701 7823 8978
6743 187 308 1242 5865
6744 569 1568 2696 9883 10045
6745 867 10145 10316 10583
6746 396 2217 7397 9615
6747 750 1574 2264 7504
6748 707 1331 1721 6818 8178
6749 620 3450 7494 10045
6750 4584 9386 10384 10394
6751 318 321 4881 5366 6054
6752 14 381 579 2494 3964 8062 8186 9493
6753 86 1145 1394 5543
6754 5501 7356 8499 8826 8902 10381
6756 149 204 366 542 662 1340 1711 1868 1932 2153 2695 2993 3150 3520 6195 6561
6757 371 376 996 3000 3079 4646 4783 5460 5535 6545 9493 10239
6758 4896 6140 8499 8544
6759 1246 1727 2080 2123 4990 5604 6958 8415
6761 588 1340 1868 4565
6762 583 588 4682 8231
6763 3 96 102 204 205 400 577 700 926 1007 1186 1201 1269 1336 1340 1420 1433 1492 1597 1633 1641 1868 1942 2333 2658 2696 2699 3419 3690 3789 3882 4147 4365 4367 4497 4834 5104 5105 5322 5412 5478 5536 5871 6070 6161 6402 6716 7011 7062 7202 7569 7639 8667 8900 9329
6764 4279 9472 9954 10182
6765 2497 5650 6952 8337 8555
6766 149 204 351 1455 1704 6957
6767 3094 5031 6026 7181 7976
6768 6989 7734 7737 8717 9873 10607
6769 149 204 348 3844 5984
6770 3419 5984 7964 8765 9151 9954
6771 569 3551 8918 9979
6772 371 409 571 1001 1408 1819 1835 2507 4379 6928 7933 10535
6773 601 1178 1329 1331 1721 3641 4549 5823
6776 1153 3664 6247 7335
6777 4068 5247 5747 5874
6778 1249 1662 1846 5372
6779 569 613 1596 1878 1980 2046 3992 5302 6373 6745 6831 6846 7484 8679 8764 9240 9363 9380 10331 10406
6780 1346 2141 2689 7919
6781 186 430 2125 2272 2540 2840 2845 3522 4466 5082 7509 9265
6782 67 2430 2649 7115
6783 155 162 6825 7997
6784 149 941 2047 4537 5460 5721 8381 9210 9354 9499 10478
6785 1271 2535 5672 8485
6786 321 587 1862 1867 2689 3869 6664
6787 357 409 4198 5216 8106 9263
6788 583 588 593 4432
6789 96 1255 3000 4020
6790 342 2089 2689 3039 5642
6791 351 583 588 4404 4860 7180 8231
6792 484 485 2105 5807 5984 6407 8424 8448
6793 3615 5747 5882 7047
6794 1712 3681 5129 6966 8369
6795 1355 2070 4101 4452 7205 8665
6796 767 833 997 3707 4733
6797 195 1495 1888 3864 4612 5539 7593
6798 804 3783 7402 8368
6799 952 1446 5733 7797 7920 9124 9800 10245
6800 211 366 958 1018 1557 2528 5724
6801 707 1329 1331 1666 1721 4772 8449 8988
6802 25 588 1186 1187 4452 4927 5873 8231
6803 520 7764 7930 9079
6804 4128 8598 9049 9972
6805 2613 3680 6036 7974
6806 0 275 839 890 1177 1740 1805 2010 2791 3803 3994 4900 4989 5004 5456 6029 6299 7438 7513 10540
6807 546 874 7615 9159
6808 1940 3553 4574 4737
6809 817 1878 5820 7019 7978 8448
6810 240 596 621 784 889 1191 1328 1550 1642 1666 1845 2812 3248 3673 4455 5726 6312 7816
6811 2318 5075 5652 9680
6812 23 34 2511 4020
6813 2579 6003 7704 7816 8806
6814 1411 4483 5851 10008
6815 1526 3672 4091 5460 7542 7925 8207 10137
6816 473 917 1068 6041
6817 583 588 1727 1893 2758 2766 6001 9240 9952
6819 253 9338 9593 9862
6820 24 747 5691 6618 8236 10169
6821 583 588 4883 5686 7770 8273 9275 9276
6822 366 1375 2746 4665 4698
6824 262 855 1196 1660 1972 2053 2541
6825 3202 5303 5306 7956 8625 9723
6826 174 511 1019 3864 5813 7466
6828 1340 1868 6842 7576 9442 10330
6829 376 2366 3427 4617
6830 4975 5378 5684 7469
6831 1569 1746 2229 3535 3719 7366 7823 9166
6832 765 1340 1868 4585 5913 8106
6833 2814 5054 6969 7050
6834 4917 5126 6344 6645 8738
6835 2661 2893 5239 5688
6836 18 36 38 103 179 228 1177 1213 1246 1249 1570 1652 1932 2509 2983 3615 3688 4297 4589 5746 5844 6194 6611 6686 7405 7940 8285 8324 8697 8866 9084 9883 9933 10198 10199 10200 10400
6837 371 522 617 1329 1331 1340 1346 1394 1721 1868 2983 4198 5179 5973 7825
6838 586 2339 3925 5543
6839 2010 3344 6323 9435
6840 579 2295 3632 4897 5460 8106
6841 1454 2825 3436 6825 7799 7823 7997 8040 9386 10294 10473 10513
6842 1239 1625 1884 7474 10424
6843 2315 4601 5395 9252 9309 9386
6844 2270 5338 7914 9202
6845 408 1186 1187 2859
6846 95 1246 2081 9539
6847 1678 6665 6892 9255
6848 7964 10337 10478 10489
6849 469 7815 7961 10239
6850 1658 1694 3401 6536 6554 6555 7689 7765
6851 216 4768 5933 10374
6853 78 596 1732 5969 6835
6854 149 204 588 706 1566 2046 3986 5254 5577 8172 8463 8643 10123
6855 1154 1577 2364 5949 7930 7950 8849
6856 420 3085 8575 9733
6857 6989 7289 8371 8903
6859 1159 1312 5202 8910
6860 381 511 5874 5947 6593 9275
6861 9054 10232 10371 10585
6862 1860 4271 5460 9025
6863 1464 1888 3872 4332
6864 481 583 2691 5984 8231
6865 1186 1187 6795 7874
6866 1727 2560 3841 5638 5984 9931
6867 569 1249 1293 1294 1519 3318 4307 5652 8103 10239
6869 2253 4705 6210 6493 9111 9996
6870 248 299 682 1550 5414 8731
6871 511 1346 1643 4214 5904 8424 9296
6872 95 469 722 1138 3000 3707 4666 7721
6873 1822 4971 8448 9005 9561
6874 2172 5133 7438 9216
6875 4265 4603 5244 5722
6876 1329 1331 1340 1721 4949 8707
6877 381 1340 1568 6985
6878 1310 1492 4300 6540
6880 1480 2293 2964 3928 5657 6069
6881 183 2424 6740 8512 8795
6882 149 204 1340 1868
6883 195 1860 2207 5901
6884 1558 6280 7564 9526
6885 378 379 481 700 2070 2539 2611 8184
6886 24 207 459 1340 1584 1774 1868 2187 3899 4214 4830 8273 9212 9883
6887 707 1329 1331 1721 5460 7631 7909
6888 1666 1727 3451 3704 5375
6889 904 1016 1418 3000 4120 5456 5543
6890 569 1310 3105 10447
6891 1446 2843 3050 4719 6643 8162 10060
6892 4846 6087 8444 9311
6893 507 1424 2512 2553 2650 3404 3450 3480 4993 5306 5700 7545 9679 10424
6894 4098 5478 9459 10482
6895 495 1330 1402 1408 1710 6027
6896 744 2448 5247 7006 10423
6898 1023 4700 7423 7659
6899 1796 2974 3514 4943 10533
6900 703 928 5222 7961
6901 678 3627 7247 8753
6902 191 5129 5699 5874
6903 1654 1871 1874 4772 5987 6076
6904 49 6298 6454 7986
6905 101 1329 1331 1721 2808 6808 9315
6906 707 1329 1721 3265 4581 9542
6907 1327 2207 2215 2264 2403 2405 2889 3194 4838 9071 10139
6908 8278 9333 10269 10359
6909 2766 5322 6465 8227
6910 101 2894 4386 7119
6911 444 1212 4298 6982
6912 24 2766 2849 4953 7483 8099 9392
6913 2987 7133 7250 7447
6914 1536 2135 8672 10339
6915 211 579 6247 6461 7807 8551 8997
6916 1708 6775 7987 9493
6917 1079 1628 3118 5795
6918 211 2065 2781 8910
6919 211 289 1979 9386
6920 33 1134 6645 7066
6921 1187 2677 4770 10411
6922 5797 7363 7684 9998
6923 867 1565 1973 2982 3497 4510 4733 6964 7339
6924 2853 4700 5761 6698 7881 8625 10125
6925 316 1103 4873 8557 8809 8846 9261
6926 1666 2661 2766 5823 6664 7028 7891 9551
6927 2114 5015 6462 7060
6929 1445 4879 9230 9342
6930 18 6597 6674 8285
6931 195 707 1329 1721 6905 7006 7819 8626
6932 81 579 6985 7215
6934 356 2115 5715 8343
6935 3051 6333 6643 8308 9614 10196
6936 8452 8795 9286 9846
6937 149 1394 1633 1727 1868 3691 4729 7304
6938 2059 2684 3749 9444
6939 2285 5721 8666 8795
6940 3630 5463 8795 9240 10500
6941 195 679 1712 1892 2695 2838 4150 5018 7161 8310
6942 2321 2555 2732 2772 8303 9861
6943 700 855 2051 6195 6296 6307
6944 564 835 1036 1824 2391 4413
6945 1174 1520 2650 6194 7347
6946 1096 1275 1349 2564 3844 5300 7188 7777 8162 8818
6947 417 1727 1932 2712 4869 5460
6948 95 1366 3957 9329
6949 2457 2463 3249 8199 9275 10430
6950 2098 5721 7523 7856
6951 1224 1254 5478 6940
6952 489 706 1330 1331 1710 1721 2000 2179 2384 3864 5621 7078
6953 3453 3543 3664 3719 4758 6640
6954 43 61 66 2488
6955 86 1677 1972 2383 2597 3576 4191 4584 4877 5055 5070 5543 5751 6612 6676 7501 7666
6956 641 2285 3279 6070
6957 1666 2138 2454 4223
6958 210 3758 4297 4695
6959 4584 5282 5779 7214 8444 8988
6960 2717 3923 8103 9700
6961 751 2892 5181 5212
6962 225 260 1394 2766 2901 3649 4214 4215 4467 4538 4838 5724 5984 6313 6438 6449 6941 7799 7817 7906 8389 8589 8628 8823 8982 9054 9386 9627 10452
6963 1222 3927 5054 8217
6964 4472 6500 6743 8481
6965 6740 8103 8910 10152
6966 359 381 548 687 696 1955 3093 5460 5657 5985 6348 6958 8424 8704
6967 635 1399 2590 8106
6968 183 707 1027 1329 1331 1344 1721 1893 2589 3691 8848
6969 579 2439 2871 4532
6970 26 203 2960 4214 4316 4667 5070 7819 8844 9790
6971 57 941 7159 10172
6972 1446 6842 6958 6990 10145
6973 149 204 348 1137 2552 4147
6974 9338 9379 9685 9716
6975 125 718 5460 9542
6976 1446 5911 8951 9885
6977 149 204 3519 3792
6979 1666 2454 5234 10259
6980 588 718 2102 7431 8106 9884
6981 793 4316 4401 6093
6982 86 1743 8731 9336 10335
6984 4214 4576 7881 8829 9723 9832
6985 1523 5771 5871 6377
6986 588 1347 8231 10007
6987 2823 9772 9926 10530
6988 381 3472 4057 4532 6982
6989 34 1868 2623 2993 6905 8582 9221 10576
6990 324 2372 4540 5568 6167 6445 7021
6991 1154 1932 3135 3739 7159
6992 2710 3538 4015 5332
6993 261 1204 8303 9166
6994 583 588 895 3020 7194
6995 3811 7684 8987 9380 9737
6996 352 376 579 1373 1443 1488 1796 1972 2509 3050 3202 4591 4893 5374 5823 5874 6592 7228 7402 8164 8424 8951 9353 9826 10239 10371
6997 2511 5984 9240 10354
6998 1107 3423 3757 8072
6999 5819 7262 8327 8625
7001 39 997 1472 1813 5424 6115 6194 8154
7002 2043 5300 9385 10150
7003 2744 3381 4584 5397 8106 8127
7004 4475 4734 8140 9885
7005 4768 7129 7143 10314
7006 281 569 6778 8106
7007 662 2590 3812 6454 7407 7833
7008 632 1452 3457 4862 7291 8059 8344 9684
7009 2015 2079 3519 6116
7010 2457 4188 5816 6010
7011 770 935 1032 1292 2704 9217
7012 804 1174 1771 3302 3919 4780 6377 7699 8106
7013 583 1776 2742 4252 4656 6122
7014 52 1434 1526 2583 3090 5787
7016 351 430 729 744 1099 1605 2784 5115 5508 6336 8706 9010 9249
7017 583 588 5295 9542
7018 2567 4892 9781 9853
7019 2971 3423 7506 9125
7020 353 707 1331 1340 1721 1868
7021 111 4757 5422 6574
7023 545 1727 2238 5871 6658 8106
7024 2596 5721 8270 8303 9207
7025 124 1591 5163 7783 7796 7886 9204 9286
7026 646 1346 8162 9025
7027 240 322 424 476 588 703 714 865 1114 1115 1267 1340 1383 1635 1914 1932 2004 2089 2189 2296 2658 2677 2784 2837 2932 3072 3462 3783 3874 4821 4986
7028 173 3411 3484 4198 10306 10417
7030 1340 2178 5460 5823
7031 1492 1500 1727 2137 2283 3768 4566 4808 4810 5047 6185 7145 7289 7291 7758 9240
7032 1446 1821 3519 3792 4969
7033 348 2408 3602 5642 8286 9970
7034 1708 3000 3707 7402 8637
7036 1340 1868 5856 6245 7760 7765 7930
7037 5371 6029 6076 8356
7038 167 191 775 2563 2565 2568 2590 2826 2886 3346 3519 3575 4297 4584 4700 5688 5721 6560 6590 6846 7200 7753 7760 7822 8292 8624 8653 9009 9142 9493 9509 9525
7039 420 7512 7564 9733
7040 1178 1404 1960 2043 2300 2704 2859 3189 5392 5556 6892 8791 8854
7041 2207 5361 6087 7059
7042 63 213 719 1727 7103
7044 276 1438 3423 6850 8347
7045 1708 5911 7402 7988 9813
7046 5320 7940 8017 8113 8424 8582 8634 9098 10111 10228
7047 569 711 1281 4214 5194 8177 9479
7048 2929 5558 10019 10082
7049 193 9139 9380 10510
7051 2306 4562 6664 8106
7052 354 1340 1568 2265
7053 24 2047 6985 7566
7054 1280 2543 2874 2952 4214
7055 6990 8795 10447 10583
7056 2761 2884 3508 4691
7057 193 397 5929 9885
7058 2338 2874 2986 3588 4875 9724
7059 707 1066 1329 10532
7060 6354 6709 7987 9177
7061 767 2958 4497 5147
7062 4571 7417 9036 9247
7063 579 1566 5721 8713
7067 154 1310 1727 5823 7054
7068 583 588 1294 1980 2053 2976 9526
7069 305 1597 3795 4915 8200 8830 9198 9326 9620
7070 1810 2207 4453 5499 5691
7071 5484 6783 6956 10420
7072 928 2811 6003 9163
7073 376 401 767 819 989 3663
7074 352 469 588 970 1866 1882 4474 5706 6108 8273
7075 3749 3830 4784 7402 7883 8789 9493
7076 42 369 371 568 972 1879 3919 5657 5940 7402 7559 9231 9320 9663 10125
7077 13 119 183 184 588 689 4990 6160
7079 662 1568 2085 3009
7080 3904 6825 7997 9883
7082 1330 1331 1710 1721 3986 4912 5984 6626 7420 7572 8103 8734 8735 9129 9212
7083 351 1813 2885 4532 4949 8040 8091
7084 2162 2983 9125 9523
7085 5048 8106 8873 10334
7086 641 2047 3346 7159 7338 7492
7087 46 1023 7027 8939
7088 2195 2651 5546 5823 10137
7089 34 757 2555 6122
7090 1178 2746 3869 4112 4772 6054
7091 579 2590 3925 4585 7925 8127
7092 34 36 5838 6046 8418 8904 10400
7093 1256 7120 9843 10466
7095 6219 6495 7610 8722
7096 3181 4014 5535 5604 10420
7097 35 2511 4160 4719
7098 2933 4079 4741 5873 6194 9990
7100 410 614 1323 2226 4380
7103 160 1868 2744 4821 7022 8103
7104 569 588 929 3486 7054 7166 9883
7105 149 204 519 520 523 569 579 629 1246 1446 1568 2744 2814 2934 3000 3277 4588 4758 5460 5874 5984 6969 7376 7824 8551
7106 3974 7402 8375 9493
7107 707 1331 1721 3181
7108 569 2936 4276 5460 5586 10461
7109 583 3590 8273 10078
7110 470 768 1269 1330 3896 3928 4214 7493 9515 9827
7111 780 882 893 1400 5235
7112 165 211 361 2047
7113 569 5922 5932 5982 6276 8448
7114 1346 2535 4770 5382
7115 1222 1837 1838 1839 2019 3043 3588 4658 7548 8444
7116 149 205 267 1441 4252 5508 5763
7119 5460 5913 8207 9967
7120 315 4405 4552 5782
7121 588 662 1149 2179 2782 8273 8866
7122 2046 2115 5687 9723 9893
7123 5379 7538 8989 9571 9953
7124 6762 9392 9429 10452
7125 515 632 1329 1721 3933 6494 6699 7079 7484 9485 10145 10424 10547 10577
7126 271 3822 7338 10238
7127 641 1666 6958 9386 10331 10495
7128 188 1329 1331 5781
7129 24 629 707 1282 1308 1329 1331 1340 1459 1711 1721 1811 2795 2960 3091 3352 3728 5032 5086 5096 5977 6333 7006 7742 7792 8065 8344 8921 9490
7130 6636 8353 8779 8975
7131 125 1331 1502 1721 5030
7132 202 299 586 8184
7134 654 659 671 5291
7135 63 1101 6808 7030
7136 1330 5378 7603 9885
7137 150 1330 1482 1710 2425 3607 4442 4795 5108 5846 7992 9107 9139
7138 602 1102 7143 10591
7139 261 2105 5142 6257 8106
7140 588 591 3568 8231
7142 1213 1330 1710 1892 8711 9998 10300 10478
7143 579 1727 4563 7344 8369 8534 8717 8795 9240 10507
7144 707 1329 1721 4738
7145 1340 1617 1868 2154 2893 3548 3846 7099 8581 9155 9456 9776 10595
7146 384 2096 7731 7845
7149 275 1868 4172 5558
7150 2330 6102 7833 8092 8439 9345 9543
7151 1255 4349 6514 6645 10260
7152 1913 2026 2259 3796
7153 203 1905 3935 8106 8128
7154 95 401 408 4566 4667 5274 6590 6792 6979 7193 7930 8285 8380 9040 10484
7155 5653 6283 7438 8718
7156 355 833 2524 8207
7157 1340 1868 4850 8554
7158 1334 2447 4124 4461 4703
7159 154 545 554 1066
7160 2271 5508 5564 5763
7161 824 4475 7264 8256 8278 9160
7162 4771 4839 5077 5721 6070 6324 7834 8198 8711
7163 1330 1710 2364 4532 5584
7164 2509 3802 5199 5302 9380 10050
7166 1186 1187 1868 2640
7167 354 1773 5721 5780
7168 605 2746 7152 8372 8520 9416 9873 10130
7169 501 2683 4425 5508
7170 1820 1967 2689 7438
7171 511 1145 1980 5079 6715 7934
7172 173 273 274 4220
7173 1204 1281 2558 4773
7174 707 1329 1331 1721 2162 3928
7175 253 2815 2849 2856 4350 4515 6247 7373 8342 9454
7176 25 173 348 579 583 588 591 5873 6959 8424 10404
7177 833 1294 4700 7484 9991 10243
7178 819 978 1016 6494
7179 569 1340 1711 1868 3709 5097 6070 6240 6386
7180 4020 4667 5863 9493
7181 273 274 520 682 1459 1886 1943 2263 3730 4917 7408 9265
7182 2300 2405 5191 9143 9542
7183 650 2978 3229 3806
7184 1894 2689 2868 4438 4548 8163 8234 9750
7185 1943 3499 4253 5099 5154 5391
7186 3000 6740 9885 10317 10423 10430
7187 288 2162 4226 5928
7188 2404 2405 2406 2655 6116 6752 7571
7189 1770 6243 9367 10290
7190 5519 5553 8106 8613
7191 3000 4020 8375 10126
7192 584 5383 5672 7834
7193 3143 3925 6426 8106
7194 211 2535 2782 9723
7195 164 3588 4150 4850 7878 8106
7197 1411 1928 4602 4603 6070
7198 3622 5213 6324 6805 6942 8665
7199 305 2958 4510 9240
7200 6078 7833 8302 10275 10286 10355
7201 588 2749 4298 5465
7202 151 1914 2931 7550 8310 8317
7203 4557 5874 7089 9212
7204 248 520 569 580 743 1063 1249 1383 2179 2223 2341 2964 4602 5613 5614 5825 6637 8053
7205 750 1751 2389 5958
7206 696 5620 5689 7643
7207 635 1213 7742 7763
7208 747 5422 6146 9781 10009
7209 2555 3000 4020 9493
7210 729 1081 1113 2307 3451
7211 1194 2732 5129 9861
7212 380 652 1001 1565 2366 2534 2718 2969 4348 5389 7569 7932 8495
7213 1281 5478 5992 6831 7672 10145
7214 252 1255 7273 8637 9204
7215 2875 2880 3565 4508
7216 8938 9967 10145 10213
7217 707 773 1331 1721 2541 3560 4025 4741 4988 5333 5334 6661 7668 7751 9996
7220 1828 2536 6846 10202
7221 215 1300 3564 7558
7222 583 588 4209 4543
7223 470 2902 2958 3896 9705 10590
7224 4505 5874 9335 10271
7225 2506 7584 8810 9925
7226 1351 1945 3295 4475 4578 9767
7227 179 181 1234 9907
7229 486 1394 9276 9339
7230 538 7385 7932 8473 9253 9688
7231 590 2123 2590 3576
7232 1858 2000 2616 3733
7233 253 2942 3992 4700 4758 4915 6348
7234 1102 3764 5873 9025
7235 1300 1722 7762 8554
7236 219 1178 6044 6538 8207 9884 10545
7237 35 2564 2886 5823
7238 218 1196 1330 1693 1710 2509 2532 4533 4567 4568 4881 6947 7103 7564 7720 8338 8557 10190 10221 10263 10281 10333 10384 10548
7239 549 1149 1380 1715 1735 1894 2047 2122 4175 4256 5104 5426 5721 5724 5984 8456 8638 9542 10478
7240 49 1246 1596 1894 8037 9910
7241 4830 5722 6091 7566
7242 232 1560 7398 8103
7243 605 649 5093 8127
7244 297 485 1188 1932 5153 5460 6356 7105 8370 8555 8795
7245 2091 2815 4224 4700
7246 361 784 2075 2143 2650 2849 2877 3118 4138 7273 7935 8321 9490
7247 538 1246 1340 1868 2766 5224 8792 9492 9850
7249 4597 4830 5089 9050 9329
7250 3463 5823 8506 9595
7251 713 6418 7542 7547 8362
7252 3904 6059 9126 9166
7253 6623 6936 9386 9591
7254 9010 9544 10235 10355
7255 2633 3643 4023 4261
7256 520 2696 4198 4556 5436 5874 6667 8555 9589 10556
7257 4909 6384 9659 10365
7259 164 5395 7179 7181
7260 24 746 2860 5533
7261 805 2555 6307 6623 7955 10106
7263 1282 1568 3542 3925 9032
7264 188 569 621 641
7266 1177 2265 3025 3033 6247 8426
7267 204 569 579 1340 1346 1868 4198 6071 8236
7268 1122 3889 4198 5083
7269 331 569 1177 1187 1394 7377
7270 800 1099 4677 5763
7271 70 2162 4353 4390 4418
7272 1340 1868 7338 8704
7273 588 641 2123 8231
7274 2509 2862 9272 9926
7275 354 1340 4202 6149
7276 44 5863 7568 8444
7277 569 8718 10329 10391
7278 1576 1845 1876 2804 2877 2879 2991 3741 3755 3975 4910 7552 10309
7279 1152 1286 1293 1373 1706 1892 1932 2093 2124 3912 4510 4796 5535 6628 7266 7386 7433 7706 7937 8156 8168 8554
7280 5871 9897 10166 10363 10409
7281 150 1340 1523 1868
7282 1625 2546 4784 6134
7283 14 1666 1796 8929
7284 407 1725 2598 3352 5460 5495 5721 5791 5864 8471
7285 1489 2564 2766 2815 3982 5634 8343
7286 569 1213 3240 6943
7287 354 381 579 2752 5823 6108 7105 7691 8718 10145
7289 354 1177 1568 8866
7290 579 1213 5707 8493
7292 38 8223 8393 9487
7294 1239 2074 2661 3704 5369 5599 6340
7295 1186 1187 4214 4883
7296 8479 9287 9482 9764
7297 431 929 970 2887 4985
7298 4475 4764 7273 9075 9148
7299 149 166 204 3547 5760 8832
7300 866 1377 1378 2398
7301 3000 6985 9493 10239
7302 579 1008 1272 1597 6247 7491 7943 9025
7303 366 1568 4198 5984
7304 36 96 2081 2154 2800 2860 3639 3776 4161 4474 4475 4569 10400
7305 583 588 2004 2613
7306 3318 6074 7316 8181
7307 571 662 1399 1894 2214 2591 4452
7308 366 1979 4577 4615
7309 641 1340 2633 4768 7576
7310 2786 7445 8921 10421
7311 2 65 339 381 588 1052 1148 1340 1523 1868 2283 2380 2696 2766 3472 3625 4004 4054 4443 5178 5516 6029 6113 6641 8103 8231 8343 8486
7312 579 2648 2901 3304 3369 3610 4214 5716 6696
7313 169 187 329 1293 1666 2009 2338 2482 3858 4034 4307 4532 4869 5194 5309 5489 5695 7468 8369 10531
7314 351 571 715 1133 1459 1548 1569 2193 2466 3998 4214 4828 6108 6429 6483 9023 9025
7315 102 558 1786 5167
7316 511 1222 5807 6385 10069
7317 354 1229 4243 4405 9421
7318 8243 8245 8771 10509
7319 511 7174 8368 9493
7320 8380 8648 8751 10127
7321 1191 2596 5874 9679
7322 707 1329 1331 1721
7323 2548 4719 7044 9329
7324 707 1268 1472 1721 7823 8921 9240 9490 9492 10595
7325 1256 2391 2434 3454 4547 9955
7326 1241 2815 4214 5522
7327 23 641 1394 1443
7328 4098 5710 10482 10519
7329 2983 4466 6112 6856 8103 8111 8844
7330 238 633 635 996 1148 1493 3628 3944 4006 7950 8855
7331 128 1096 1708 2621
7332 711 1464 1809 2320 2815 6043
7333 5395 5460 6743 6773 10245
7334 773 7659 8460 9537
7335 348 381 2060 3769 4280 6269
7336 361 5515 9214 10048 10060
7337 32 2767 10400 10533
7338 951 2067 2457 3451
7339 359 1235 8223 8867
7340 583 588 7376 8231
7341 455 5460 6985 7687
7342 819 972 997 1061 1316 2010
7343 203 835 1383 1722 5672 5871
7344 4561 4717 9071 9086
7345 36 210 1872 2696 5123 5460 6321 8112 8194 10400
7346 2856 4350 5357 6194
7347 351 579 6634 9386
7348 319 330 2672 4188
7349 216 1001 1422 1429 3054 3919 4733
7350 2608 4605 7930 9581
7351 348 2253 2837 9339
7353 2654 3774 5460 7438
7354 587 1704 1892 5137 7839 9535
7355 208 1666 2555 4020 4264 5460 5709 6684 6905 7402 8034 8116 8380 10199 10237 10505
7356 964 5867 6272 8235
7357 612 678 3811 4048
7358 1246 2862 7245 9989
7359 1327 1498 6003 8795
7360 1319 2231 2286 5721 6164 6392 7832 8497 8665 9240 9458 9532
7362 6547 6577 6683 7200
7363 1858 3558 6115 8765 10564
7364 1790 1932 4667 8494
7365 1568 9187 9335 10120
7366 586 707 1331 1721
7367 18 1666 4048 8124
7368 1857 2043 5672 8278
7369 311 420 1219 9733
7370 4618 7402 8084 10483
7371 1268 2941 5071 5601 8150 9069
7372 273 274 593 1592 2942 3519 8065
7373 241 1941 1942 2306 4451 5994 6987 6991
7374 4007 8555 9477 9885
7376 2122 8684 8951 9545
7377 3830 7160 7988 9202 9828 10423
7378 1174 4652 7179 8496 9339 10290
7379 3926 5376 8748 10407
7380 536 583 588 800 2264 5115 6741
7381 24 686 1830 2284
7382 637 678 1308 7078 9832
7383 351 744 2868 4027 4939 5489
7385 2606 4196 4249 5225 5319
7386 662 1340 5136 5248 5460
7387 707 1329 1721 6076
7389 1329 1331 1721 4687
7390 579 1676 3649 4700 5637 5655 6003 7188 7908
7391 883 1617 1680 1726 1740 1803 1963 2122 2306 2945 3411 3420 3843 4092 4135 4154 4845 4989 5336 5925 5932 8297
7392 1483 1498 9025 10320
7393 201 227 299 336 351 389 584 649 675 727 1186 1187 1293 1327 1396 1497 1577 1708 2384 2590 2820 2866 2873 3128 3992 4061 4223 4391 4973 5222 5621 5687 5690 5913 6280 6453 6831 6958 6993 7012 7404 7423 7473 7547 7659 7823 7878 7925 8431 9054 9737 10050 10199 10263 10452
7394 1108 6156 9005 9240
7396 2043 2677 2688 4050 8444 8797 10381
7397 77 2066 3827 8447
7398 2574 4688 4893 5984
7399 926 2372 5455 5730
7400 380 2631 3164 4762
7401 86 1321 6201 9758
7402 2856 3867 3868 4475 5179 5288 6276 6600 7448 7994 8324 8325 8933 9808 10361
7403 1138 6059 8417 8620
7404 1727 2406 8012 9174 10160
7405 1096 1249 2162 3463
7407 177 2850 3039 6247
7408 782 2723 4544 4953 7355 8795 9583 10609
7409 511 8337 9664 10239
7410 309 352 354 583 593 1154 3822 4476 5369 5947 6494 6642 7471 7966 8062 8175 8273 9883
7412 1096 1864 2755 9487
7413 1578 2746 4214 4474 5035 6076 8052
7414 2051 2740 4423 8106 8176 8354
7415 67 8888 9188 9853
7416 662 5484 5719 5909 7489 8845 8946 9229
7417 707 1329 1340 1721 1868 5485 6480 8496
7418 583 588 1569 9151
7419 1642 1830 9443 9579 9747
7420 494 1617 1711 6990 7166 8381
7421 6741 7197 7996 8375 8413 10576
7422 591 707 1186 1187 1304 1329 1493 3091 7493 8033 8947 9214 9956 10131
7423 569 583 588 4432 4564 5747
7424 2801 2856 5010 6099
7425 2666 6322 8789 10483
7426 123 211 3109 3674 5017 6554 7073
7427 361 569 641 1868 2047 4842 6076 7533
7428 34 36 38 5379
7429 1894 2383 2534 5928
7430 52 462 5755 9886 10600
7431 641 1683 3889 6299
7432 123 4850 5153 8304 9083 9916
7433 4622 6089 7096 7197
7434 384 1023 1172 1993 3029 4558 5450 6048 6942
7435 941 1545 1570 1627 1683 1946 2178 3485 3492 4422 5395 8030
7437 5283 7316 7659 8717 9386
7438 30 44 5422 7035 8498 8619
7439 1667 4622 4698 5650 7891
7440 1712 4261 4377 6089
7441 4046 10027 10343 10394
7442 5643 5807 5985 6363 9185
7443 1634 3161 5780 6087
7444 1605 2170 4684 6701 8424
7445 540 711 1482 2033 7162 7195
7446 652 782 1773 5541
7447 381 5762 8039 9346 10145 10194
7448 1213 7376 10007 10354 10411
7449 1652 1783 1807 4475
7450 5543 5672 7874 9885
7451 585 1091 1104 4674 6138
7452 756 2456 2633 7874 8424
7453 548 843 3050 5134 5721 5947 6979
7455 173 439 707 1329 1331 2283 9240 9554
7456 2843 5302 6363 8063 9996
7457 712 2886 3921 4981 9558
7458 14 129 569 1744 3813 4157 5046 5688 5856 9179 9679
7459 457 1582 7485 7504
7460 718 1457 1568 8795
7461 274 528 707 1150 1371 1456 1459 1469 1577 1721 1972 2270 2608 2736 3248 4622 6205 7659 9169
7462 5863 7879 8128 8282
7463 696 1366 1617 1694 3827 6018
7464 1727 1893 2380 4198 8103
7465 569 700 1096 1386 1963 2591 2755 3747
7466 707 1331 1721 6245 7742 9710
7467 2860 3000 3347 3519 3792 4349 10239
7468 154 538 583 588 5644
7469 4990 5721 9977 10200
7470 1497 3120 6619 6823 7145 8718 9635 9640
7471 6669 6941 7053 8207 8215
7472 470 2494 3896 5058
7473 606 6247 7330 8807 10597
7474 9 211 593 1187 2418 5775 5851 6399
7475 149 1632 1633 2140 5780 6389
7476 5316 5874 6958 6959 7912 10331
7477 1331 1721 7179 8106 8717
7478 4214 4841 5788 7821 7823 10354
7479 6513 9049 9811 10217
7480 29 4261 4420 7115 7365 8745
7481 770 2811 5348 7361 7869
7483 569 662 2695 4768 7930 9782
7484 2820 2887 3579 7823
7485 569 2102 5708 6253 8665
7486 311 2603 2967 6788 9900
7487 588 707 1329 1331 1721
7488 4809 5460 7006 7484
7489 3935 7371 7715 9214
7490 1284 1330 1711 8569
7491 369 568 2631 3912 4413 6964 7682
7492 2292 4700 7817 8625 9928 10371 10372
7493 641 8128 9135 9615
7494 24 2042 2855 6327 6927
7496 381 1176 1455 2639 3811 6998
7497 2688 2876 6804 8923
7499 361 935 4347 6593
7500 3762 4432 5929 6528 8732
7501 2260 6286 6829 7841
7502 579 5142 8128 8197 8637 8717 9116
7503 1187 1738 2859 4928 5300 5721 6965 7469 7787 7879
7505 149 204 3531 10069
7506 511 7466 9236 10158
7507 211 1150 1151 1159 7108 7136 8554 9025
7508 707 1186 1329 1528 2434 2965 3610 3728 3729 4700 5032 5093 5460 5950 6184 6375 6605 6638 6910 7742 7950 8067 8105 8154 8502 9324 9415 9581 10564
7510 1503 2222 4088 5422
7511 25 1894 4545 4783
7512 173 841 4007 7983 8559
7513 579 9539 10110 10606
7515 971 1284 2616 5194 9723 10146
7517 103 583 588 1329 1340 1721 1868 3703 8614
7518 707 1329 1331 1914 3003 4538 5132 6871 7143
7519 5423 8303 8409 9542 10501 10546
7520 583 1813 2205 4066 4738 8231
7521 351 1860 2674 6076
7522 1894 2248 4960 7298
7523 1174 2059 4214 8106
7524 77 5140 6283 8754
7525 409 822 887 1316 3054 5014 6166 8423 10298 10429
7526 2149 4887 6426 7129 8543
7527 1330 1457 1710 9701
7528 7617 8422 9284 9883
7529 579 1456 1617 5823 6547 7950 9240
7530 261 1523 2758 2766 3996 4538 8106
7531 5861 6176 7649 9086
7532 1568 4830 5080 5672 6247 8626
7533 649 650 1711 1886 2237 5217 5252 5526 7668 8143 8194 8587 8588 9265 9370 9465 9539 10334 10417
7534 583 588 707 1329 1331 1346 1721 1727 2931 3502 4253 4700 5153 7692 8987 9034 9054 9254 9885
7535 706 5282 5475 6708
7536 417 463 520 636 662 1223 1269 2054 3536 4641 6240 6436 7113 7450 7742 8051 8386 8717 9588 9946 9975 10397
7537 18 2057 2586 4943
7538 1647 7783 8019 8542
7539 407 858 913 917 977 3883 4674 6103 6226
7540 936 1383 6064 6477 6745 6789
7542 707 1329 1721 8620
7544 569 2596 2958 4374 8795 9023 9240 9492 9701
7545 14 5332 6534 7125
7546 6500 8369 9435 9631
7547 432 569 603 1198 1200 3961 3973 5387 6630 9177
7548 520 649 1294 1464 1496 1955 2921 3920 4700 6003 7819 7909 7964 8106 8589
7549 205 569 1732 7054
7550 1858 3463 5046 10373
7551 569 1197 1704 1993 6079 7099 7998 8975
7552 467 1242 4700 6606 6889 8065 10136
7553 20 2053 6741 7194 7572 9584
7554 583 588 1932 6620
7555 293 707 1329 1331 1721 2848 4431 6569 7078
7556 707 1329 1340 1721
7557 149 204 351 583 588 3982 4356 4422 7054 7733 8273 9018 9895
7558 545 1927 4832 10392
7559 1070 1340 1666 5871
7560 5379 7402 8635 8927 9387
7562 248 2220 3484 4537 5517
7563 5761 8448 8888 9338
7564 13 130 2473 3468
7565 151 381 1857 8795
7566 706 1137 2838 9491
7567 1456 1528 2891 3672 3864 4020 4724 4784 4830 6581 6926 8766 8829 10533
7568 154 8112 8381 9005
7569 802 1227 1451 5604 5657
7570 707 1331 2305 6990 8701 8987
7571 707 1331 1721 3645
7572 36 746 1246 1590 1617 2811 2877 3000
7573 4002 5001 9423 10069
7574 1330 7498 10371 10478
7575 538 1145 4383 6879 6899 8310
7576 95 1246 1732 3000 6696
7577 721 1932 4214 7297 7824
7578 30 1666 1936 3464 5678
7579 154 3877 4570 6414
7580 255 2435 6928 7089 7379 7578
7581 334 376 378 379 821 2923
7582 3707 4566 4901 6108 7758 9023
7583 909 2270 3615 4280 5643 5975 6071 6273 7002 7438 10463 10572
7584 6936 7409 10032 10586
7585 1262 4700 5535 8601 9587 10478
7586 4099 6193 7484 8344 8588 9148 9723 10452
7587 3189 4362 4518 6440
7589 4122 6070 8669 9970
7590 1222 1314 2758 6284
7591 28 30 31 37 1656 2068 4349 5379 6891 8388 8424 9726
7592 373 380 401 409 1015 2631 6024 7569
7593 204 4243 7131 9903
7594 299 538 1887 3889 7146 7207 7783 8625
7595 214 373 997 1030 1032 1685 4346 4380 4944 5804 5902 7932
7596 4417 8375 9084 9481
7597 1340 1868 5837 6958 7850 8704 9563
7598 641 662 1223 1727 4198 8103
7600 1329 1721 5929 6873 7823 8371
7601 1329 1331 1721 10137
7602 7832 8125 9607 10297
7603 67 1876 5666 9409
7604 1179 1300 8257 8258
7605 149 204 366 7334 9240
7606 1087 2837 2912 3746 4174 4256 5422
7607 164 392 584 620 670 707 798 1249 1329 1721 1894 2522 2814 2878 3206 4705 4990 5041 5379 7548
7608 583 1137 1346 5984
7609 756 3343 3741 4869 5904
7610 15 607 2108 3925 4452 4860 5874 6816 6879
7612 8341 8800 8987 9323
7613 4475 4632 5657 6081 6345 6784 8564 9733
7614 4639 7461 7569 8776 9592 9781
7615 707 1329 1331 3809 7964
7616 2123 6219 6838 8103 8506 9537
7617 548 1329 1721 2696 5257
7618 1132 4278 5494 5647 6746 7385 9135
7619 420 5166 5880 9733
7620 4631 6577 9240 9887
7621 4218 5478 7062 8661 9154 9194
7622 583 1225 5460 8231
7623 1953 2536 3852 3855
7624 34 273 274 2660 2680 3318 9515
7625 1406 2370 2378 2575
7626 355 381 711 1477 1580 3091 3968 3986 4283 4862 6076 7013 9237 10224
7628 1676 4220 5141 7851 9562
7629 311 2102 2264 2361 3077 4838 4968 6494
7632 1031 1317 3642 5730 8149
7633 579 1666 1932 2357 5115 5422 6409 6675 7749 8303 8368 8827 9493 9885
7634 24 25 1666 5761
7635 1144 1222 1342 2262 2283
7636 5460 6304 6307 6671
7637 275 2280 5080 5874
7638 2555 4639 6132 8270 8808
7639 125 5413 6989 7976
7640 645 1727 1932 2691 2746 3000 3904 5984 6743 7530 8384 8556 9120 9491 9542
7641 2123 6876 7723 8912 8914
7642 412 707 1331 1340 1721
7643 1894 2983 5982 6740 7302 7912 8128 8203 8448 8729 8828 9427 9430
7644 1520 2059 2555 4869
7645 2466 7672 8333 9271 9392
7646 6494 7335 8337 10155
7647 528 4198 7262 7689 8686 9952
7648 753 859 4844 5674 6102
7649 3565 4263 8342 9346
7650 1666 4897 8039 8162
7652 74 186 187 190 191 707 1300 1331 1721 2518 2891 4269 4700 5721 6076 8179 8361 8626 8952
7653 5984 7283 8236 8376 8959 9386 9782 10587
7654 583 588 1711 8231
7657 355 2079 4700 7691 7935
7658 2427 2811 4020 4262 5300 8575 8634 9095 9346 9360 9493 9685 10076
7659 1831 2958 4291 5377
7660 1340 1726 1727 1868 2938
7661 18 3632 6743 8655
7663 906 914 4560 4674
7664 34 1640 4020 5379
7665 588 1980 3784 6691
7667 210 1830 6895 8146
7668 7145 7211 8496 9403
7669 149 2087 2528 9883
7670 151 511 5988 10583
7672 9 14 164 239 374 1962 4350 7773 7926 9885
7673 203 4597 4979 5728 8106
7674 5576 8286 9490 9806
7676 569 1340 1868 8103
7677 42 707 1329 1721
7678 1383 1969 4974 5132
7679 1568 2229 2960 3346 3841 4463
7680 587 6715 8919 9471
7681 2143 5070 8409 9490
7682 351 1525 2079 2179 2891 4999 5041 6051 7317
7683 1314 5205 6545 9236
7684 583 588 5874 8273
7685 329 532 2181 2375 5016 6974
7686 125 205 641 969 1065 1368 1687 1774 2550 4591 4644 4965 5077 8231 9040 10069
7687 709 1003 2176 5456
7688 55 2136 3624 3886 4297 8563
7689 2547 7819 7822 9782
7690 1050 2105 2384 2726 3571 6879
7692 4665 5634 6740 9467
7693 569 7366 7442 7536
7694 149 204 351 1213
7695 19 20 36 1684 2822 3813 4068 6152
7698 154 1568 4198 7131
7699 401 651 1005 2391 4347 6964
7700 485 569 1159 1892 8057 8444 8958
7701 1943 4573 4796 8334 9207 9529
7702 3601 6689 9380 9529
7703 2555 3202 3258 3969
7705 589 591 592 1329 1331 1700 1721 7834
7706 1930 6108 7076 9865 10394 10410
7708 1186 1187 2661 7188 7215
7709 1830 2124 5357 5967 7699 8808 9785 10400
7710 3079 4275 5534 6928
7711 7804 7940 9338 9360
7712 1094 1994 3704 5697 6222
7713 14 4554 6428 7237 8219 8929
7714 25 35 211 766 1502 2766 3661 3800 5608
7715 412 588 1174 1213 1300 5544 5721 6846 7742 10069
7716 381 3707 5871 10589
7717 1749 2126 6377 9910
7718 1210 1241 3346 3575 4719 5866
7719 420 1446 2555 5943 7236 10279
7720 4838 8481 8550 8612
7721 149 204 1340 4589
7722 1067 2364 3502 4082 6381 8570
7723 874 1543 2051 5721 5780 10120
7724 6144 6145 9301 9955
7725 554 3925 4454 4858
7726 1239 3317 3783 5476
7728 362 2658 2726 4773 4849 6480 7179 7627 7689 8278 8494 8636 8686 8718 8978 9489 9849 10198 10523 10538 10552
7729 2849 4020 4475 8751 8935
7730 1598 4097 5512 9025
7731 1284 2005 4202 4851
7733 4098 6199 6901 7857 9493 10482
7734 49 69 160 1346 1347 1625 2661 2820 4243 5680 5823 5946
7735 3000 7402 9663 9681
7736 1340 1868 1932 2445
7737 2843 4584 6079 6180 6920 9380
7738 1161 6962 8101 8636
7739 0 149 204 2251
7741 6664 6749 7115 7571 9932
7742 1927 3768 5168 6494
7743 707 744 1331 1721
7745 3640 5316 6589 6851
7746 337 455 538 1484
7747 1128 5604 5724 8860 8976
7748 1294 2480 2500 7356 7990
7749 707 737 1329 1331 2942
7750 1727 2364 4198 4975
7751 149 381 1660 8106
7752 63 1174 5627 7031
7753 1652 2849 2888 2983 5510 8520 9804
7754 1773 3206 4453 9240
7755 13 874 1282 2047 2140 3100 3352 3502 5068 5947
7756 77 1634 2238 4150 7879
7759 2425 8232 8398 8634
7760 719 7202 8053 8704 9157 9931 10550
7761 25 42 889 1980 2576 6000
7762 411 926 3569 5294
7763 7071 7850 7891 9154
7764 117 431 2481 4571 4698 5272
7765 4112 6163 6876 8103 8106 8579 8958 9617
7766 1247 3091 3628 6564 7451 9370
7769 707 1329 2689 3925
7770 305 341 343 1340 1727 1868 2603 2668 3798 5016 5672 6289 7159 7576 9999
7772 595 1727 4198 9546
7775 354 5721 6026 6876
7777 1423 1617 2479 2761
7778 5300 6186 7041 9850
7779 48 2292 7437 9880 10320
7780 1646 3230 5512 6686
7782 583 1891 1893 8231
7783 983 1666 3094 3797 8474 9103 9209 9381 9948
7784 351 1213 2240 2711 3276 5672 7627 9329
7786 707 1331 5747 8106
7787 538 579 1714 5984
7788 2704 5874 5992 10400
7789 211 1196 8598 9956
7790 635 4048 6829 8718 10528
7791 351 511 707 1329 1721 2509
7792 151 511 2836 4537
7793 3346 4584 5754 9745
7794 77 2763 4475 5348
7795 361 2551 7131 8231
7796 1740 2309 4417 6676 7925
7797 211 691 4830 7731
7798 4974 7914 8683 9202
7799 1811 3145 6578 7883
7800 173 348 381 569 579 1018 1568 1773 4214 5535 8625 9240 9363 9380 9386 9661 9723 9775 10198
7801 1627 5601 5984 6555
7802 707 1331 1484 1721
7803 1394 2590 3091 8344
7804 5766 8848 9072 9623 9782 9956
7805 2140 6667 7796 8201 8318 8402
7806 540 6699 7585 9311
7807 305 369 568 2631
7808 118 1643 2144 2804 2861 4896 4954
7809 883 1158 1517 2945
7810 149 204 351 469 472 1210 1446 1979 2295 2555 2576 5003 5846 5856 6033 6905 9423
7811 204 1300 2704 5780 8445
7812 569 4198 5179 9239
7814 77 2544 3588 5302 5863 6851
7815 273 274 4773 9301
7816 4243 7294 8066 8165
7818 93 469 1830 5863
7819 25 2936 5984 6701
7821 569 707 1721 1727 1897 2240 6876 8004
7822 1727 2178 6247 8487
7823 1909 7099 7823 9389
7824 3830 5278 6454 9493
7825 1256 2523 3645 4207
7826 658 3663 6437 9705
7827 1932 6162 7054 8276 8972
7828 611 862 898 977 1057 4369 4674
7829 470 1834 4386 6147 6494
7830 1518 2583 6920 9170
7831 35 149 204 844 1597 2528 4700 4851 5123 5851 6287 6342 7851 8483 9952
7832 734 1964 1966 7020 8379
7833 244 2149 4397 4899 9338
7834 1340 1868 3551 8704 9715
7835 417 3029 6545 6905
7836 2257 2523 4797 6956
7837 492 1919 2321 2366
7838 1643 3000 4680 6137
7839 2962 3453 7859 9766
7840 4781 6274 8195 8942
7841 2983 8444 8661 9885
7842 707 1331 1340 1721 1868 1911
7843 485 1188 5874 6045 8457 8533 8795 9240
7845 196 607 1188 1222 1518 1711
7846 1174 1893 2473 4154
7847 213 957 4280 4510
7848 71 680 1830 1834 3022 5736 6964 8089 8451 8922
7849 216 1000 1007 2383
7850 2687 2859 5971 9272
7851 474 1726 1788 3740 4007
7852 606 1617 1809 2258
7853 579 1830 6124 7268 7823 8187 9591 10423
7854 235 337 579 1528 3076 3454 4466 4796 5333 5663 6333 6980 7836 8902 9054 9415 9956
7855 1138 1694 4261 7402 8987
7856 1911 5535 6844 10520
7857 3762 4362 5235 5478 5984
7858 247 1651 4644 8458 8471 9372
7859 1928 4362 10207 10408
7860 511 1301 5349 6045 6982 7161 8769 10466
7861 784 1291 5881 8014
7862 173 274 356 2238 2736 7678 8765
7863 5294 9225 9500 9806
7864 584 2691 4247 5422 5993 6556 7633 8340 9189 9236
7865 1534 1790 1955 8061 8234 10036
7866 261 381 1255 5798
7867 24 641 4198 7054
7868 311 1340 1868 4407
7869 583 588 3754 8231
7870 30 4417 5179 8401 8704 9598
7871 569 579 5460 6522 6577 6639
7872 706 707 1329 2316
7873 2803 4301 8207 8573 10137
7874 586 1666 2225 2297 2504 7742
7875 149 204 6460 6501
7876 569 2960 4058 4842 5077 5476 5559 6164 6301 7208
7877 1340 4830 10474 10522
7878 2274 2704 4547 8704 10117
7879 3558 5460 5984 6805
7880 1731 5379 7417 9540
7881 18 376 1576 2815 4841
7882 4638 4678 6494 9025
7883 470 4120 5933 8416 9013
7884 707 713 1331 1721 2482 5489
7886 1274 4581 8625 8895
7887 1831 4553 7046 9188
7888 641 697 718 3016
7889 3413 3840 5858 7196
7891 165 591 2253 2815 5764 10564
7892 247 1329 1331 1721 2047 3906 5556
7893 350 5328 9025 10239
7894 1430 4672 5538 7266 9600
7895 3502 4198 5925 6991
7896 374 651 724 882 1001 7932
7898 3000 4557 7961 8022
7899 583 588 2514 3713 8231 8933
7900 273 274 1206 1634
7901 583 588 678 4665 8231
7902 214 376 1511 2366 4253 5804
7903 1331 1721 5657 5947 7042 8807
7904 24 25 1653 2576 3310 3624 5702
7905 641 1329 1331 1721 2195 7054
7906 351 6247 7492 8057 9883
7907 366 511 1205 2240 2766 3025 4490
7908 711 1281 4475 4700 7721 8044 8345 9252
7909 462 591 1892 2028 3029 4941
7910 4123 4462 5492 5925 6276 7609 10512
7911 3247 7765 8978 9380 9386 9773 9887
7912 584 4523 5460 7832
7913 548 605 744 1256 1928 2696 2706 3498 3927 6599 7137 7737 7913 8055 8636 8718 9128 9194 9208 9556 10218 10425
7914 4214 5465 6383 10294
7915 635 2034 2511 4698 6816 7488 8041 10176
7916 654 771 3912 4734
7917 1239 1617 2511 4059 4100
7918 1497 2341 2939 4245 8052 8826 9071 9782
7919 588 678 1213 1340 1868 8273 8795 9240
7921 1558 4475 8563 9490
7922 1064 1979 2886 6394
7923 707 1331 1721 4475 4727
7924 838 2352 2454 2595 4685
7925 579 2120 2555 3436 4768 5808
7926 1823 2295 3000 8106
7928 654 665 884 947 1616 4325 5804 6166 6388 7682
7930 187 195 354 355 358 488 622 706 782 843 1066 1229 1241 1274 1275 1633 2047 2051 2052 2263 2815 3056 3667 3889 4302 4700 5719 6911 7823 7830 8153 8272 8445 9423 9830 10069 10207
7931 587 2169 3615 3971 4972 5493 5961 6986 7942 8424 8574 8578 9346
7932 35 309 606 1373 1768 3318 6468 7054
7933 2162 8448 9014 9428
7934 354 366 1727 10447
7936 211 362 1178 2548 5788 6464
7937 1348 4364 8106 10482
7938 707 1331 1584 1721
7939 273 274 721 3841 4214 5604 6727 7303 8487 8534
7940 3423 5535 5823 7804
7941 707 1329 1331 7435 7668
7942 591 2560 4719 6019
7943 149 470 651 1246 2305 3000 3926 5672 6849 7022
7944 215 4123 6787 7032
7946 5721 6273 6411 8556 9762 9806
7947 569 1727 3986 5823 9124 9151 9850 10368
7948 627 1331 1340 1868 1927 2126 5984
7949 170 1090 3730 9386
7950 569 1340 1868 4830 6664 8106
7952 287 454 1007 1883
7953 5688 5858 7402 9727
7954 1155 4349 6570 9380
7955 1446 1489 3212 5994 9481 9811 10582
7956 369 568 1005 2631 5722
7957 583 588 2746 8231
7958 195 5183 7818 7822 9330 10588
7959 2661 6565 6822 9039
7960 2047 2928 8720 8786
7961 667 1407 2702 6323 7850 8765 8791
7962 42 873 5462 9688
7963 1634 2049 2454 3327 6192
7965 2795 7041 7855 8192
7966 707 1175 1177 1329 1331 1459 1469 1721 3645 4529 4904 5984 6545 6717 7863
7967 227 2511 3827 7053
7968 4214 8162 9240 9380 9723
7969 1291 1340 1368 2015 2920 3519 3792 4896 4975 5996 6392 7252 8103 8158 8424 8714 9492 9567
7970 376 2576 2983 4316 5664 7559
7971 359 8618 8625 9714 10135 10551
7972 1153 1340 1891 9506 9536 9753 10069
7973 354 1476 2919 5400 5874 6699 7912
7974 273 2081 2154 2887
7975 5766 6001 6070 6593 7515
7976 1481 1482 2590 6463 9025
7977 1597 2658 2684 4700 5688 6087 6333 8704 10371 10452
7978 1173 1177 1727 5129 5721 5738
7979 180 366 569 662 707 1305 1329 1331 1932 2283 2766 3009 3707 5080 5707 5719 6958 9207 9240 9629 9723
7980 3109 3545 5947 9986
7981 707 1329 1721 2596 5721
7982 1552 1727 2105 2411 6941 8127 8754
7983 35 1294 2815 3609 5012
7984 2383 5481 5807 6675
7985 103 1700 2579 5874
7986 1259 1331 1721 2123 4836
7987 1209 3139 4296 4385
7988 662 1177 1831 2153 4262 4417 5540 7078 7096 7264 7307 7680 8303 8697 9166 9493
7989 382 1040 1939 2298 2391 3216 4387 5460 6958 7481
7990 569 4372 8106 10124
7991 1404 2282 2989 3851 5938 6440 6494 7494
7992 875 1888 4652 4899 5716 8329 9699 10534
7994 409 1609 1894 2061 5560
7996 358 470 662 1018 3896 5721 5913 8795
7998 3085 6058 10064 10084
7999 1139 1781 2764 5039
8001 583 588 2877 3161 3899 4140
8002 584 1423 1831 9066
8003 71 103 1558 2633 3022 3304 3471 5504 8576
8004 149 204 707 4203 6816 9214
8005 590 794 1203 1502 4355 4468 4681 4850 5080 6597 7006 7430 8409
8006 569 591 6333 7722 8326
8007 2301 3346 7376 8106
8008 635 3223 8039 8987
8009 1340 1342 1868 3333
8010 273 356 511 529 579 1780 1918 2060 2832 3765 4566 4933 5652 6259 6655 6670 9276 9386 9661
8011 1138 3000 7491 9493
8012 641 3473 6207 7484 8314 9588
8014 1727 2021 3717 5721 7131 7934 10516
8015 7684 8593 8690 9955
8016 8174 9443 9518 9561
8018 348 519 583 588 706 1201 1342 1523 3680 5079 8317 8866 9243
8019 707 1329 1331 1721
8020 167 1579 6569 7269 7695
8021 1329 1331 1721 6941
8024 3986 7832 8717 8767
8025 4695 6740 7491 8128
8026 1601 2397 3426 3519 6996
8027 711 1394 3645 10292
8028 4532 6056 8102 8176 8372 8920
8029 183 2287 7022 10136
8030 1561 1890 3485 3883
8031 496 707 926 1329 1331 1721 1888 5189
8032 145 1883 5721 8717
8033 1423 2457 4944 5478 7447 8448 9485 10533
8034 707 1314 1331 1721 4712 10348
8035 251 2855 4537 6298 6314 6327 8471 9259 9692
8036 285 654 1007 1053 2328 2534 2631 6437 7569 8814
8037 662 1340 1568 1727 1868
8038 900 1979 2460 5433
8039 746 2580 5466 7962
8040 139 253 381 646 1246 2035 2856 2884 4466 4754 4834 4983 5657 7371 8369 8919
8042 1282 3313 5460 6157 6194 8815
8043 164 768 1586 1711 2179 2708 3230 4139 4843 5104 5129 5478 5873 6904 6991 9154 9486
8044 1788 1789 8593 8720 10198 10337
8045 2122 4869 5959 7469
8046 3972 4020 7335 7374 9163 10172
8047 305 1404 3874 4364 5444 5721 6895 10025
8048 579 3802 6055 8390
8049 350 520 1213 6577 9024 9895
8050 285 2534 4762 7569
8051 3575 7793 8390 8516
8052 1138 1155 3886 4941
8054 5721 7481 7935 9212
8055 2810 8150 9134 9561
8056 2860 4700 6333 8943 9318
8057 381 445 707 1331
8058 6404 7365 8174 8448
8059 588 739 2392 2726 4095 4269 4990 5004 5423 6763 8103
8060 2729 5800 7609 10238
8061 181 651 1722 2415 3451 5735 5923 6701
8062 4690 4948 5369 7326
8063 3118 3797 5133 7181
8064 2843 4198 5672 7368
8065 588 3084 4700 6002 8231
8066 1102 3260 3315 10006
8067 618 1394 1883 9051
8068 449 6699 8864 9236
8069 707 1329 1721 2649 7692 9166
8071 367 569 2322 2689 9782 9885
8072 195 579 903 1347 4214 5775 9386
8074 1905 3699 4359 4729
8075 1340 1868 4289 5672
8076 139 1446 2649 7823 7961 8156 8874
8077 2207 2352 8946 9396
8078 1711 2709 5535 6701 9587
8079 142 1469 5302 5357 5605 6037 8040 9025
8080 1568 6394 7093 9151
8081 8207 9471 9700 10031
8083 1186 1300 2009 2825 3051 4214 6003 8106 10382
8084 5885 7023 7655 9610
8085 355 1246 1302 4589
8086 1191 3318 8303 9025
8087 8795 9025 9489 9782
8089 186 344 569 668 768 1172 1727 2547 2565 3079 3999 4589 4768 5381 5536 5553 5604 5874 6464
8090 253 617 792 1188 1239 1550 3317 4903
8091 18 1558 2023 4869 6494 7208 8740 10489
8092 2624 2729 3762 8409
8093 1523 2497 5178 6377
8094 832 1049 1517 7054 7850
8095 7491 7934 8128 9481
8096 688 711 1704 2650 3628 5054 9439 9849
8097 707 1329 1331 1721
8098 1381 1638 2068 4009
8099 1019 2842 3219 4421 10146
8100 24 5523 5851 9883
8102 155 511 4590 6519 7497 7822 8879 9165
8103 3615 7096 8506 9493
8107 1404 4405 4576 9433
8109 376 1324 5025 5410 5743
8110 747 3999 5313 9212
8111 1355 1930 2123 4280
8112 1322 2051 7294 8465
8114 262 4214 7491 9767
8115 707 1331 4754 5338
8116 78 1548 1732 7932
8117 2696 7266 10085 10147
8118 210 351 583 8231
8120 149 204 400 1177 1340 1868 1980 5564 5705 5746
8121 587 1106 2027 4469 4833 4852 5772 6249 6411 9174 9182 10090
8122 2293 2688 3109 5799 8481 10447
8123 1932 2178 7880 10440
8124 371 376 1421 1422 2831 2846
8125 22 273 274 2880
8126 707 1329 1721 2696 9356 9386
8127 2073 2457 6169 7164
8128 571 707 842 1331 1721 3928 8555 8685 10019 10372
8129 2889 4149 9136 9954
8130 4867 5874 6869 7402 8555
8131 1186 1878 1914 1916 6086
8132 3919 5483 6522 6527 6568 8572 8632 9638 9644
8133 409 2040 2046 7167
8134 571 628 6112 8310
8135 1727 9025 9329 9790
8136 308 662 4078 5200 6383 6403
8137 203 1442 7799 7962
8138 1188 1893 2132 2740 4634 4821 4917 5419 6066 6067
8140 6501 7006 7851 7884 8162
8141 5874 6643 6743 6884
8142 1568 1618 1727 8074
8143 554 641 1932 2726 6253 6324 7084 7691
8144 25 80 721 3588 3841 6876 7161
8145 164 1877 2836 4838 4972 5720
8146 257 583 1024 3941 4557 4879 5593 8231
8147 26 381 7631 8625 10550
8148 1007 2391 6985 8103
8149 2509 5982 7491 10496
8150 707 1329 1340 1721 1868
8151 1144 1145 2105 8106
8152 1932 4474 4597 5874
8153 629 3135 5024 5435
8154 1756 3899 3954 5672 5823 6371 8754
8155 2238 2566 4700 8874 9091 9830 10097
8156 583 588 3987 8231
8157 97 443 1791 3859 4157
8158 2624 5721 5823 7794 10004
8160 519 1329 1331 6539
8161 407 604 3556 6407
8162 24 5904 5905 7312
8163 1186 1187 4214 8078 8481 9828
8164 1246 1249 3877 4198 6034 7981 9329 9450
8165 350 666 5460 5747 7336
8166 4615 5672 7797 8554
8168 49 78 1732 2057 4667 5313 8036 8652 9360 10237
8170 889 3816 3886 9400
8171 183 745 2095 6889 8499 9166
8172 588 6958 8704 9659
8173 7807 8634 8652 9716
8174 1581 3393 4850 4917
8175 2658 6193 6846 8374
8176 1152 1450 4860 7976
8177 707 1329 1331 1721
8178 2981 4350 7135 7423 9976
8179 42 86 205 584 605 1394 1595 1710 2262 4014 5460 7282 8588 9130 9143
8180 36 2546 8388 10400
8181 295 1762 1881 3346
8182 590 1457 1510 2079 2815 4214 6108 6164 7925 8343
8183 492 1332 2216 7816
8184 635 1456 5874 8055 9686 10410 10595
8185 2983 3000 3258 5984 8457 9067
8186 1548 2017 2126 3139 4658
8187 583 588 1347 7333
8188 1225 3212 3268 3809 4172 6941 9917
8189 1534 3463 6122 8388
8190 649 6458 7162 7732
8191 569 1407 2254 9789
8192 1523 4156 4903 9277 10137
8193 1138 2810 7417 8631 10017
8194 2509 4338 5372 5690 7250 7448
8195 273 662 707 1159 1329 1336 1721 2505 4214 5642 5771 7632
8196 1451 3150 7663 8795
8197 492 679 2051 2625 3471 3906 4136 4497 5736 6423 7098
8198 3302 5069 5153 5851
8199 1386 4633 7743 10239
8200 5783 8601 9416 9685
8202 1992 3006 3240 6437 6686 6914
8203 1125 1281 2009 2590 2784 2942 3986 4907 4915 5041 5333 5537 5721 6090 6701 6852 6856 7069 7093 7168 7199 7316 7341 7509 7677 7684 8148 8694 8819 9784
8204 1177 1344 1410 4635 4875 5522
8205 2852 7823 8727 10202
8206 538 700 1329 1340 1721 1868 2364 5874 8251 8252
8207 4123 4198 5455 7609 7899 9057
8208 1446 4632 6470 7491 7816 8554 8625 8944 9792 10300
8209 102 118 5302 6762 6831 7484 8064 9859 10270 10341
8210 9 500 809 1538 1668
8211 227 361 5628 8866 9903
8212 348 3551 5142 6401
8213 609 706 1177 1868 2496 3684 4974 5029 8448 8909
8214 554 671 739 1894 4203 6247
8215 36 2689 3277 3519 3792 8720 8848 10400
8216 554 579 3274 4198 8219
8217 1346 1710 5844 8859
8218 3000 5897 6775 8000 8677
8219 5460 6141 6717 9017
8220 351 563 763 2913 4391 10060
8221 36 591 1340 1868 3028
8222 2122 6613 8448 9180
8223 149 204 4573 8347
8224 486 1451 2590 9339
8225 1222 1911 2704 5266
8226 3118 5051 8691 10239
8227 381 1018 1286 1394
8228 1138 2043 2583 8444
8230 1256 1600 2284 6494
8231 276 408 1910 2122 2128 2429 2546 2983 4667 4783 4784 5160 5754 5982 6147 6840 7352 8182 9148
8232 1970 7211 7347 8965 9071 10219
8233 579 4371 6164 7006
8234 381 4745 5236 8381
8236 1178 1256 3761 8103
8237 2114 2613 3622 3986 4214 4700 4931 5489 6583 6889 7159 7619 10394
8238 18 205 357 1187 1285 2122 2344 2583 2894 2961 3093 3814 3906 6051 7331 8343
8239 1067 2689 2939 3373 4312 4679
8240 0 2 2507 4615 5478
8241 359 511 1446 2046 4417 5851
8242 2564 4049 6991 7639 8012
8243 4223 5244 5606 5827 6393
8244 1666 3264 4879 5118
8245 1726 4368 4789 9837
8246 707 1329 1331 1523 8375 10155
8247 707 1329 1721 4586 8105
8249 3139 4700 8207 8690
8250 125 2564 2886 3576
8251 377 1645 2298 7099 8535 9500
8252 38 195 571 579 1092 2766 3346 5367
8253 211 3132 6987 7506 8343 9386
8254 2884 6076 6794 8967
8255 1244 1676 2544 3150
8256 2674 4698 5194 7816
8257 2207 5535 8155 10137
8258 707 1329 1331 10022
8260 1323 1884 1955 2564 8140 9051
8261 281 1506 5774 6818
8262 569 4836 5077 5721 6664 7492 8750 8795
8263 2077 3830 4261 8498
8264 3427 5565 8591 9607
8265 357 361 588 1308 1932 2689 2745 2936 4934 8231
8266 583 588 1017 1152 8231
8267 1560 1864 4453 5546 5997 7723 8866 9529 10266
8268 1160 1463 4635 4821 4850 4896 9154 9386
8269 2102 6667 7523 8704
8271 711 941 2025 2849 2888 2949 3704 3726 3907 4209 5147 7038 9266
8272 1552 3979 4468 5724 9025
8273 734 3890 6775 7610 8390
8274 450 460 1606 6822 7054 7672 8344 8403 8636 9276
8275 160 1727 5871 8650
8277 25 1527 2801 4230 5644 6247
8278 546 6348 7682 9000
8279 1533 2961 8415 9949
8280 166 2983 5044 9316
8281 5719 5984 6399 8765
8282 2007 4391 4969 5359 8722
8283 2300 2575 6440 6921
8284 1484 6882 8817 8954 9490 10350
8285 588 706 708 1285 8231 8310 8475 9543 9688 10355
8286 253 4278 8896 8956
8287 2271 3178 3190 4872 8381
8288 351 721 1943 2125 2943 4214 7316 9340
8290 1178 1340 1868 5604
8292 203 569 583 588 1024 2105 4836 8231
8293 588 8231 9884 9903
8294 1155 1327 6247 9493
8295 5079 5966 6775 9493
8296 4366 4906 5642 5672
8297 2555 2621 3758 4537
8299 353 662 768 1568 9349
8300 28 38 2661 3315 4639 5166 5179 5972 6046 6051 6207 7134 7601 8279 8398 8563 8731 8888
8301 548 5721 6958 7787
8302 2240 9212 9619 10368
8303 707 1331 1721 4253 5987
8304 511 606 1780 2688 5905 6299 7937 8316 8502 8530 9329
8306 569 1177 1346 2231 2709 4081 4383 7833 8106 9355
8307 845 849 1174 7614 8718 9305
8308 554 579 6195 8106
8309 195 763 2108 2802
8310 1177 3025 6239 6522
8311 4 18 660 3451 4259 4487 5811 7955
8312 3393 4700 6333 7823 8625 9490
8313 590 4584 4585 5931 6556 7226 7659 9025
8314 262 509 2496 5300
8315 1624 1666 1950 3691 6846 7682 8243 10258
8316 589 1145 4299 4771
8317 583 588 7422 8273
8318 569 662 1330 1710 1980 2195
8319 579 1496 1666 3091 4700 6889 7908 7937
8320 707 1329 1331 5874
8321 2380 7964 9212 9537
8322 2884 5455 6496 8341 8918 10290
8323 44 2684 7382 7383
8324 137 199 364 514 587 1125 1213 1330 1569 1710 5129 7215 7284 8795 10595
8325 78 354 1394 2766 4427 6748 7529 8066 8858
8326 4418 7559 8520 8563
8328 706 1346 3874 4970
8329 2565 2815 2819 3763 4719 6528
8330 1169 2463 3091 4012 4812 6930
8331 824 3554 4162 9315
8332 1813 2240 2352 2457 8384 9139
8333 678 6163 8039 10297
8334 1177 2305 5874 7692
8335 2851 7491 8199 8448
8336 253 378 381 609 630 635 1018 1222 1282 1329 1331 1721 2295 2534 2548 5333 7078 7143 7423 7569 8704 9240 10533 10591
8337 1568 8106 8815 8972 9878
8338 1246 1446 3000 8400 10317
8339 305 390 2444 3593 4020 7294 9647 10423
8340 470 3896 9485 10489
8341 3000 7773 9235 9240 10394 10411
8342 82 2856 3318 3416 3555 4990 5065 5433 7787 8389 9632
8344 2030 2047 2201 8844
8345 545 1330 1710 1927 1928 3948 6326 6560
8346 4830 5911 8260 9590 9970
8347 164 628 5209 6856 8844 10564
8348 2761 2983 3774 6578
8350 1201 1222 3810 5771 8481
8351 1727 9924 10429 10453
8352 707 1329 1331 1340
8353 354 1177 1568 5584
8354 18 538 2105 2178 5858 5947 6108
8355 579 1636 8055 8304 8402 9025
8356 1530 5719 7096 10597
8357 756 2861 2862 2875
8358 862 1104 1387 4107
8359 5457 6400 8796 8809
8360 1920 5460 7295 7388
8361 439 1727 9347 9658
8362 6799 7816 9338 9548
8363 6461 6701 8520 8563
8364 3564 4067 8231 8938
8366 593 1633 3153 4558
8367 65 343 3982 5938
8368 767 771 4138 7569
8369 1545 5672 5984 8798
8370 4768 8038 8918 9240
8371 359 707 1721 2229 2240 3453 4198 4214 4475 5179 5460 5657 7559 8103 8106 8499 10127
8372 538 1340 1868 3754
8373 583 757 1526 2762 2961 4869 7157
8374 2560 2931 3202 4719 5217 6069
8375 96 3249 9315 9493
8376 1568 5601 6216 8555
8377 145 1253 1719 4556
8378 268 1256 7435 10137
8379 579 1914 3202 4214 10195 10319
8380 1219 2064 2473 2761 2856 2877 4186 4395 6680 8233 8290 8786
8381 1726 4523 8048 8116 8415 8497
8382 1329 1331 1721 1980
8383 579 2590 2608 2827 3436 4588 4830 7195 7466 7694
8384 1617 2122 2576 2973 5913 8557 8756
8385 244 1214 1727 2665 4830 5460 6642 7936 8127 8817
8386 569 3245 6741 9557 9569
8387 1246 4974 5379 6775 10239
8388 707 1329 1451 4607
8389 583 588 2295 8231
8390 765 1178 1813 4830
8391 1159 1892 2236 4582 5460 6592
8392 170 211 2293 3932 4768 6418 6555 6565 6790 7443 9738 10611
8393 31 408 5972 8935
8394 119 210 1894 2822
8395 3732 5470 5863 8066 8404 9588
8396 299 1177 1726 5979
8397 319 858 1393 3789
8398 2942 3588 7401 10481
8399 1347 2240 3028 4198 6076 6420
8400 662 5604 5910 9151
8401 208 3622 3652 5721 9255 10565
8402 4285 4347 7816 9810
8405 1361 4030 4198 5871
8406 1340 1868 2821 3983
8407 4990 5339 7964 8844
8408 1222 1330 1710 2893 3202 5112 9679 9768 10035
8409 378 379 396 403 1008 1408 3427 5804
8410 544 1282 7093 10477
8411 465 6909 6925 7749 8197
8412 456 457 463 1893 3795 5848 6650
8413 26 2649 4020 7198
8414 2251 4405 4859 5984
8416 31 3204 3645 4581 6079 7647 8303 8589
8417 5213 5984 6664 8509 8599 9891 10112 10356
8418 5672 6502 7958 8704 9302
8419 790 1798 2077 2667
8420 767 3569 6878 7682
8421 5598 8103 9207 9398
8422 6180 7572 8409 8424
8423 1904 5001 5333 6905 8960
8424 3337 4214 8207 9782 9886 10495
8425 25 514 522 1727 3899 5984 9079
8426 593 3000 5780 8225 8481 9885
8428 707 1329 1340 1721 1868
8429 1404 4968 7575 9631
8430 707 1007 1329 1721 3400 4605 4640 6699 7162 7527 7732 8362 8995
8431 2768 4700 4705 9591
8432 149 204 1361 5626
8433 77 95 782 1289 1343 1845 1970 2427 2457 2665 6122 7940 10110
8435 538 4986 6036 10330
8436 2395 4006 7263 8855
8437 1138 2047 2298 3637
8438 2565 4768 6491 6715 6756 7892 8500 10284
8439 3921 5208 5984 9737
8440 103 1641 2473 9493 9529
8441 727 3318 4779 6943
8443 1704 4768 4860 6947 7689 8128
8444 485 569 584 586 591 717 5460 7289 8717 8795 9946
8445 1955 2983 3575 4836 10120 10162
8447 381 1177 1178 1773 5460 9492
8448 654 1128 2661 3859
8449 24 352 2295 5460
8451 1239 2849 4543 4691
8452 569 583 588 1727 2596 4198 6381 8511 9049 9894
8453 38 4912 6578 8795
8454 587 2536 6421 7028
8455 707 1329 1331 1721
8456 1290 4351 7374 7641 8731 9167 9287 9338 9910 10506
8457 455 1293 1319 2815 3942 6348
8458 806 2561 2566 3054
8459 1992 2661 6276 6927
8460 5396 6496 6701 8033 8640 8961 9509 9614
8462 2059 2583 4157 8325 9989
8463 707 1329 1331 1721 2815 6642
8465 678 679 840 4570 5771 7485 7976 8287 8995 9085
8467 635 2590 4063 4606 6065 6170 8051 8921
8468 93 680 1824 2391 2631 5291
8469 204 1096 2590 9829
8470 255 2658 3730 8444 8718 9885
8471 2876 8207 8476 9553
8472 359 873 1375 1872 2154 10119
8473 204 519 641 1451 5466 5823 7301 7376 10301 10388
8474 1769 2801 5946 8219
8475 585 2046 3135 5129
8476 5998 6225 6643 6876 7136 7201 7689 7758 7777 7950 8409 8978 9045 9165 10247 10306 10410 10417
8477 1744 3609 3792 4422 4584 4700 7908 9442
8478 7925 8128 8302 8499 8829 9146
8479 2837 4256 6701 9306
8480 5460 5911 7809 8116 9296
8481 117 293 1359 5789
8482 361 2603 3352 7405
8483 721 1342 7773 9885
8484 301 1866 1878 4114 7980 8533
8485 926 1565 2631 3079 4722
8486 4745 6366 7697 8427
8487 234 4914 5374 7038 9250 9794
8488 154 1773 6831 8303
8489 4719 5817 8625 9723
8490 654 847 848 905 1239 1652 2278 2804 2849 3427 3846 4462 5293 5966 6411 7015 7351
8491 10018 10076 10227 10593
8493 1255 4080 10020 10147
8494 2345 6576 8338 8381 8392 10175
8495 1329 1331 2590 6344 6688 7527
8496 1954 1958 2704 8103 8985
8497 1981 5478 7809 8238
8498 215 411 996 2133 4336
8500 706 1609 2253 7669
8501 173 1462 2565 6427
8502 149 204 1340 1868 1893 2391 6108 6429 6839 8207 8718 10027
8503 143 905 1862 1995 3869 3887 4789 9177
8504 2384 3691 4282 4700 4896 5657 5716 6108 6724 6938 7226 7426 8768 8959 9477 10049
8505 1047 2988 7823 9177
8506 2480 3051 3135 9487 9737 10437 10578
8507 269 1027 1177 2087
8508 420 2423 4671 9733
8509 2858 3085 3619 5478
8510 596 951 1246 2761 7040
8511 1034 1035 1845 4314 5804
8512 2983 3473 4898 5449
8513 2178 7567 7687 9079
8514 569 1868 1943 5436 8074
8515 2463 4261 6931 9049 9890
8516 6876 8271 9782 9946
8517 7125 8372 9875 9919
8518 318 578 1862 2533
8519 2887 6147 7850 7866 7913 8509 8662
8520 183 2603 5307 5867 7659 8590 9035 9506 9824 10320
8521 14 376 408 583 588 2019 3994 7513 8231 9588
8522 662 706 746 2542 2642 4215 4850 6108 6941 7016 7423 8136 8207 8369 9386 10069 10266 10555
8523 1346 4307 4721 9126
8524 1346 1710 1722 6247
8525 887 1484 1824 2349 3806 4744 5225 5319 5657 6518
8526 515 1340 1868 2460 4261 4399
8527 1340 1868 2106 5436 9126 10160
8528 501 2450 6299 8795
8529 999 2383 6166 6787 10169
8530 187 1874 3913 6878 8883 8968
8531 678 679 2105 5721
8532 2063 2494 2983 3342 4020
8533 352 354 588 10314
8534 604 2654 3556 7883 7987
8535 1662 1846 4662 6409
8536 95 253 609 4869 6920 9338 10180
8537 4700 6080 8589 8625
8538 6032 6754 8795 9773
8539 195 261 571 583 706 1177 1451 1457 1502 1727 2177 2303 2677 2766 2922 3704 3973 4768 5030 5588 5747
8541 2077 3610 4351 5805 7306 9885
8542 799 5124 5189 6283
8543 707 1331 1721 5838
8544 301 470 813 5058 5731 5782
8545 1523 9043 9972 10159
8546 550 1149 1159 1899 5672 5863 6924 6958 10415
8547 1340 1868 2122 2658 4125 4357 4405 5997 6970 7592 9588 9716 10161
8548 3702 4363 5052 5395 6421 8048 8662 8936 9060
8550 0 4405 5584 5674 7335 8142 8704 9493
8551 253 4326 5151 8557
8552 285 981 1645 3016
8553 4068 5556 5923 9290
8554 5001 6432 8173 10478
8556 216 483 484 5874 7075
8557 264 1124 3558 4053 5478 5642
8558 2583 7987 8520 8785 9893
8559 1757 5344 5460 8415
8560 2654 3197 4450 8350
8562 625 659 989 1138 1977 3206 4651 5721 5828 7659 7751
8563 381 579 6006 7931
8564 147 777 1441 4107 4838
8565 3673 3938 5424 6238 7037 7986
8566 583 588 8231 8375 10514
8568 588 1213 2364 8718
8569 707 1108 1329 1721 7246 8303
8570 1722 5544 5642 7054 8846
8571 1340 1868 3593 6743 9664
8572 121 507 4186 5982 7854
8573 1666 3413 4988 5073 7629 8922
8574 2524 4254 6612 7973
8575 571 1786 1893 2015 2128 3318 4186 4253 5059 5728 6004 6496 6545 7657 7861 9031 9987 10076 10101 10102 10410 10446 10495
8576 2849 6014 8448 9386
8577 4014 4830 5001 5626
8579 340 2403 4463 5721 5777 6982 8532 9554
8580 125 149 1322 2289 5460
8581 4995 7815 8629 10533
8582 583 588 2250 5871
8583 25 3317 6093 9036
8584 67 1331 1721 3000
8585 3277 4826 5652 7086 7659
8586 583 588 4754 8231
8587 2260 3560 4634 8287
8588 4261 8618 9760 10241
8589 273 274 4780 5436 6247 6310 8236
8590 1830 8448 9493 9885
8592 173 7988 9865 10404
8593 351 707 1331 1721 7376
8595 315 7054 8103 8392 9806 9883 10141
8596 583 588 8486 8612 9864
8597 24 5672 7228 7934
8599 4244 6578 7499 10370
8600 3630 5280 5445 10239
8601 190 2820 3051 3664 4203 5585 9494
8602 3006 4975 6690 7438
8603 1340 1868 5984 8390
8604 2942 3645 7484 9950
8605 4214 7721 8821 9493
8606 173 2857 4475 4830
8607 5460 6004 6654 7179
8608 641 1223 1568 1627 2376 4198 4615 6299
8609 377 451 625 972 996 1021 1058 1173 1829 3565 4689 6380 10512
8610 1262 1711 1914 2587 8920 8921 9491
8611 540 1018 2364 5807
8613 114 608 1059 6439
8614 30 4391 5360 6872
8615 707 713 1331 1721
8616 204 2593 4399 8103
8617 202 662 1932 3588
8618 452 1456 4012 6474 8499 9370 9625 10391
8619 351 649 707 1331 1342 1721 1852 5602 6496 6545 7078 8636
8620 2388 7875 9031 10206
8621 583 588 675 4213 5984
8623 1340 1868 10060 10159
8624 348 1340 1868 4198 5324 6002 7166
8626 1175 1404 3006 5460 5998 6583 10033
8627 2766 6631 7668 10491
8628 1111 1327 1937 3932 4215 5313 5479 5788 7012 7937 10440
8629 2815 4700 5721 6453 7484 7833 9600 10387
8630 2162 2524 3969 5871
8631 361 1329 1331 2110 4592
8632 2051 2052 5491 8520
8633 118 359 3519 3792 5977
8634 1928 6230 7581 8652 9861
8635 629 1304 2333 9015
8636 409 1329 1331 1721 9477
8637 2162 7402 8008 8762
8638 2815 6108 6132 6133
8639 2068 6577 7006 7737
8640 723 775 2098 2524 2841 3057 3318 3454 3867 4150
8641 583 588 900 8273
8643 2546 7874 10400 10533
8644 4401 4783 5138 5147 5296 5420 5424 5455 5632 5754 5927 6093 6374 6607 8800 9036 9174 9793 9893 10120
8645 1671 1689 7822 9784 10409 10561
8646 379 400 998 5598
8647 662 1469 1510 2178 5873
8649 707 1329 1721 4198
8651 3645 3646 4686 10512
8652 1331 1720 1721 4405
8653 1581 2265 4452 4768 5703 6070
8654 351 554 6554 6816 7402 7742 8103 8413 9329 9885
8655 7940 8631 9338 10101
8656 1754 3202 6121 6544 8430 8555 8964
8657 420 1251 1876 3420 3421 5943 6924 9529
8658 4184 5682 7306 7636
8659 583 588 625 710 1324 1327 1548 2511 2877 3566 3859 4100 4391 4639 5455 7486 8231 8380 8909 9287 9555 10018 10076 10101
8660 301 3100 5623 6539 8555
8661 444 579 4915 8344 8551 8636 9928 10433
8662 433 2162 2887 3163 3994 7367
8663 2746 7627 9374 10552
8664 782 2426 2432 10282
8665 569 707 1331 1469 4772 4830 6076 6079 8042
8666 1340 1868 8081 8085
8668 569 635 6471 6876
8669 3965 4223 7306 7417 7989 9632
8670 469 2043 2766 4198
8671 203 1023 1048 1147 5029 5194 6147 6290 6701 6714 10328
8672 1451 1925 5056 7034
8673 78 586 1177 4592 5682 5905 6958 7058 7567 8796
8674 1254 1303 6583 8718
8675 183 1878 2746 7978
8676 1271 4014 5758 6079
8677 5300 7643 8099 8823
8678 152 1336 1346 2045 5871
8679 587 610 861 2512 3837 4343 6429 7727
8680 723 2425 4266 5244
8681 1978 2803 2952 2983 3955 4073 4700 7682 10358
8682 707 836 1177 1223 1329 1331 1459 1721 2391 3975 4047 7008 7739 8106 8128 9042 9153 10451
8683 243 4830 7335 7427
8684 767 2554 4554 7367
8685 49 747 3262 8432
8686 149 204 424 612 662 1178 1314 1459 2193 2240 2505 2610 4198 4765 5478 5946 6394 6701 6816 6981 7211 7215 7376 7508 7858 7859 7976 8071 8106 8343 8363 8812
8687 36 605 1446 1459 4048 4214 4532 4862 5460 6873 8106 8344 8399 8536 8874 9025 9742 10143
8689 1346 1914 6071 9270
8690 386 549 554 1500 2295 3091 3473 3551 4047 5874 6825 7777 7930 8106 9139 9236 9589 10390 10578
8691 183 623 1255 1335 1884 1973 3065 3661 4019 4869 5319 5728 7564 8106
8692 2211 5314 7376 8684
8693 149 204 2616 3000 4475 6905
8694 1214 2155 2560 2736 3280 3992 4700 5812 5864 6701
8695 896 1666 7178 9177
8696 1485 1569 2560 3575
8697 37 71 1249 1446 3346 5984 8231
8699 14 36 7984 9728
8700 569 588 957 1203 1209 7400 8231
8701 8703 9303 9475 10013
8702 276 557 1177 2390 6328 8103
8703 3576 6887 9100 9885
8704 273 1204 1566 1753 2567 9542
8706 1469 1727 2162 2636 3846 8751
8707 1568 4405 8846 9417 10583
8708 164 1560 9148 9167 10036 10497
8709 622 1955 3543 4685
8710 936 1561 1711 2047 2688 2993 3959 4690
8711 14 5601 5929 6673 7823
8712 554 579 1708 3393 7636
8713 4527 5424 6336 6384 8909
8714 328 1830 2583 2859 3688 4749
8715 343 1137 1340 2114
8716 4280 5809 6787 9723
8717 169 1573 4115 8810 9501
8718 549 2303 3928 6546 7147 7633 7895 9372
8719 2505 2548 3754 4796 5382
8720 208 2499 7832 8503
8721 164 571 1512 1519 2047 4211
8722 2876 7689 7761 9019
8723 1818 2478 2774 9934
8724 381 5300 5377 5627 7133
8725 4784 6775 9481 9806
8727 149 204 1314 1342 1569 4198
8728 1304 5637 6342 6889
8729 1330 1710 1868 6505
8730 707 1331 1721 5420
8731 6 380 820 1003 2534 6437
8732 707 1331 1721 2002
8733 149 204 2934 3346 3891
8734 919 4391 5099 7545 8338
8735 707 1329 1721 4625
8736 1574 2065 7465 10269
8737 707 1331 1721 6108
8738 119 3644 4705 9659
8739 36 540 579 662 1523 1570 1577 2264 2283 2305 2649 2876 3000 3717 4198 4768 4979 5013 5197 5436 5460 5604 5791 5823 6152 6384 6465 6535 6545 6641 6743 6876 6958 7131 7289 7438 7931 7934 8074 8375 8924 8935 9174 9423 9926 10060 10304 10361 10486
8741 1894 2384 3904 4187
8742 649 1488 2031 8289
8743 1443 2043 2364 2568 2615 3050 3346 4585 5129 5180 8496
8744 2964 6152 8436 9461
8746 1595 6849 7194 8505
8747 13 1868 4290 5657 5829 6825 6942 7832 7997 8162 8288 9207 10582
8748 747 1167 2152 2975 3638 7225
8749 4071 7242 9335 9858
8750 2524 4475 6124 6967 7117 7765
8751 641 1340 1868 5672 5747 8343
8752 186 290 2590 5580
8753 1030 4214 7596 9212
8754 548 2067 4465 6529
8755 1241 9214 9335 10062
8756 1469 1913 3706 5721
8757 588 1067 1813 2123
8758 241 551 1928 2340
8759 203 583 588 641 2320 2538 2746 4301 4505 4990 6087 6499 8317 9535 9569
8760 101 103 1565 7720
8761 1811 1855 1886 2870 3393 3453 3691 4768 5580 7401 7612 7678 10411
8762 204 485 1340 1868 2941 5536
8764 0 1066 4394 5976
8765 768 1007 1018 3707 5965 6064 7940 8106
8766 181 362 573 3587 5244 5688 6079 7275 7564 8271
8767 1559 2822 6700 9347
8768 2850 5874 6341 6513 6715 8676
8769 96 1708 4214 8162
8770 2746 5721 8989 9377
8771 4214 4605 4654 5431 6566 7663 8918 9489
8772 359 1298 6163 7815 9451
8773 707 1329 1331 4650
8774 569 583 588 4678 8665 9210
8776 354 1350 5951 10401
8777 273 274 707 1329
8778 2194 3180 4830 6069
8779 422 2009 2996 3691
8780 7755 7931 9517 10134
8781 407 604 1863 1873
8782 6107 6429 8718 8961 8976 9092
8783 583 707 1331 1721 8231
8784 1727 4473 6070 10519
8785 407 587 907 913 2294 5945 7288 9177
8786 1970 3264 3830 4223
8788 216 2046 2334 2369 3419 9311
8789 969 1479 1632 2773
8790 678 2014 2229 2565 3051 3091 4601 4862 8926 9220 9386 9528 10046 10394
8791 588 2105 8231 9965
8792 2095 6259 7462 7832 8382 9010 10031 10241 10355
8793 34 35 1813 3318 4700 5462 5846 7909 7910
8795 5001 6149 7004 8207
8797 707 718 1150 1151 1186 1327 1329 1331 1721 2843 6664 6969 9883
8798 1178 1330 1710 3050 4005 5823
8799 707 1329 4700 7211
8800 460 1597 1773 1955 2567 3717
8801 1712 1983 2051 2052 2150 2193 5460 6194 6196 6756 7077 7192 7699 7977 8103 8106 8429 8641 9276 9827 9861
8802 1523 4676 5478 5515 6253 6323 7285 7891 8030 8656
8803 210 1298 1708 1732 4889 5874
8806 205 805 1229 1632 2955 4386
8807 658 671 880 6071 6466
8808 583 2548 5460 8231
8809 417 2621 2743 3274 3938 4700 6971 8362
8810 5945 6746 7130 7373
8811 2047 4678 4768 5807 8254 8257
8812 6108 6164 8270 8895
8813 5211 5256 5464 6827
8814 486 707 1188 1327 1721 3810 4958 8127 8169 9339
8815 381 571 662 746 1651 1662 1721 1846 1955 3000 3996 4417 4700 6020 6363 6920 7247 7636 8278 8343 8905 8935 9893
8816 5460 5947 6775 7807 8855
8817 7663 7833 8207 10137
8818 3375 4505 6247 6473
8819 1606 5845 7435 7937
8820 583 588 6904 8704
8821 1813 2835 3132 5780
8822 2475 4301 4410 4475 4981 6882 7161
8823 204 1329 1331 1721
8824 1240 2659 2728 6905
8825 1119 1932 3706 6666
8826 1018 1472 3356 3644 4572 6342 6726 7129 7423 7723 7829
8827 1568 5362 6714 6985
8828 25 641 2538 2958 3352 3982 5721 9354
8829 77 2150 2154 2561 3874 6846
8831 2989 8374 9832 10576
8832 630 635 4214 8718
8833 1177 4063 5460 8718
8835 379 847 899 996 999 1034 1191 2366 2394 3310 3427 5730 6421
8836 795 1773 2194 2719 4691
8837 540 542 679 2579 4462 7724
8838 202 809 3207 5883
8839 1340 1568 1868 5910
8840 569 2270 7484 10445
8841 216 409 1223 1300 1404 2116 2129 2982 3841 4068 4597 5080 6299
8842 1996 7210 9967 10440
8843 187 188 635 1281 2922 4215 4490 5769 7908 8558 9840
8844 4299 4768 5604 6245
8845 377 668 1445 1894 3348 3607 5716
8846 583 1027 1222 1568 1932 4198
8847 1246 4974 7308 8039
8848 707 1329 1331 1721
8849 3488 5990 7438 7842
8851 707 1329 1331 1721 4565
8852 1246 1255 2211 3094 3803 4280 5871 5992
8853 1373 2124 2815 3440 4573 4796 5874 7550 7861 9135 9619 10114
8855 130 710 1331 2740 3170 3810 5930 6430 7408 8534
8856 154 1152 2260 4025 5079 5719
8857 588 1149 1552 5444 6113 9589
8858 305 348 3006 5871 6440 6757 7290 10033
8859 351 2766 7054 7490
8860 707 1329 1331 1727 6153 8343
8861 1340 1868 5460 5764 5947
8862 707 1329 1568 1721 5082 6831
8863 1446 1894 4618 5296 7722
8864 417 2768 2773 4770
8866 3558 5704 5746 6076
8868 528 3762 4979 5586 5709
8869 139 346 1507 1695 1708 4391 4700 5036 5194 7925 8039 8074 10137
8870 3899 6636 7304 7368
8871 1340 1868 3371 5994 6258 8908
8872 1559 1650 2000 2784
8873 9380 9386 9723 10145 10412
8874 18 1239 1255 1446 2162 2190 4667 5561 6840 9148
8875 205 6941 7131 8065
8876 654 707 1329 8328
8878 713 4055 6737 7337 7400 8389
8880 1892 1893 3925 5385 5765
8881 1947 2920 2947 4452
8882 585 1972 3383 4801 9745
8883 276 2427 5871 8844
8885 221 222 578 735 2038
8886 149 204 718 9268 10083
8889 707 1329 1331 1340 1492 1868 8103 8290
8891 3245 4830 5812 6853 6933 7054 9236
8892 351 569 1007 1178
8893 1336 1345 2178 5604 5734 6364 9310
8894 149 204 274 2441 2746 3905 4768 8039 8909
8895 311 437 1112 1605 2178 2999 4130 4404 4968 5991 7438 9576
8896 1096 6071 6253 8556 9335 9647 9668
8897 3669 6875 7984 9076
8898 1256 3618 5395 7157
8899 432 1863 1932 5178 8106
8900 1213 2159 2178 2740
8902 24 1569 4875 7104
8903 1727 5851 8103 9174
8904 707 1329 1331 1340 1868 10138
8905 64 9043 9275 9832
8906 2983 3342 6120 8449 10239
8908 27 7822 8587 9291
8909 361 597 599 2205 2246 2289 5094 5257 5460 8470 9137
8910 264 275 351 6959 9906
8911 985 1574 2046 4702 5598 9500
8912 126 1679 2123 3880 5636
8913 66 3089 8342 8444
8914 1219 2583 4397 7447
8915 1446 5010 6012 7361 8192 10239
8916 180 260 1523 8103
8917 3007 4841 5538 6073 9160
8918 4536 6111 8537 9979
8920 4283 4733 4764 6099 8510 9448
8921 408 5689 5694 7955 8174 8479
8923 583 588 591 722 6740
8924 583 1340 1813 1868
8925 1817 2079 5282 8831
8926 351 520 569 1568 2016 5867 5967 6159 7488 9086 9588
8927 659 2023 2885 3588 3849 8102 8331
8928 1177 2047 8488 8759
8929 1375 1621 4028 6904 6990 8866 9600
8930 3000 7841 8609 10514
8931 34 6247 6873 9825
8932 583 5984 8231 10556
8933 2507 2596 8415 9102
8934 2824 7491 8641 9828
8935 4610 6620 8713 9653
8936 1438 2546 7586 9853
8937 588 1375 2403 5984 6194 8103
8938 5460 5653 8481 9529
8939 400 488 873 3713
8940 569 707 1331 1721
8941 679 2285 3942 7964 8271 8676 9906
8942 651 6377 7004 9097
8944 1666 2454 2595 10138
8945 1704 1749 6194 8106
8946 590 3762 5672 5972
8947 1246 5634 9011 9093 9122 9885
8948 14 305 520 579 707 1282 1329 1331 1478 1496 1568 1874 3091 4214 4768 4962 5460 5721 6577 6618 6737 6876 6897 7054 7143 7777 7781 8559 8718 9425 10365
8949 2377 7087 9403 9722
8950 228 3000 8368 8873 9493
8951 4115 4408 6514 8567
8953 1636 1711 3887 4382 4875 5154 5338 6429
8954 187 2828 2842 8185
8955 1092 1329 1331 1721 9471
8956 2211 3919 4032 4234
8957 305 1337 1773 4214
8958 545 1330 1710 6108 7054 7452
8959 1972 2663 4191 6182 6936
8960 4287 5564 9124 9550
8962 155 162 5650 8704
8963 748 793 2150 2583 4215 9812
8965 1459 1473 5747 8106
8966 794 3619 5235 10242
8967 103 6645 7051 10076
8968 1498 1888 1927 5788 6981 9998
8970 569 1340 1566 1868
8971 550 1285 4399 8714
8972 4400 6905 8448 9071
8973 1886 4351 4535 6662 7823 9265
8974 56 1049 7432 7697
8975 101 2555 4206 9972
8976 651 652 767 819 1824 4413
8977 1696 2649 6415 8905
8978 645 662 672 5639 5823 8369 8946 9438
8979 3346 6230 7054 9151 10234 10411
8980 204 1151 1382 2043 4370 6494 8523
8981 23 211 1569 5083 5657 5721 6670 8533 9297 10321
8982 635 713 1620 3835 3982 5672 7843 8016 9451 9485
8983 1240 1704 1891 4649
8984 2541 2563 8062 10611
8985 538 1340 1956 3020 5053 8641 10505
8986 583 588 3726 6473
8987 24 5535 8444 8485
8989 24 707 1329 1331
8990 662 1186 3009 8106
8992 1568 1932 4198 5460
8993 1353 2124 4022 4133
8994 7739 7813 8116 8919
8995 155 162 569 1340 3717 4403 6664 8639 8713
8996 1834 2094 4044 4144
8997 721 2565 3000 3202 8702
8998 2122 2487 2880 8443
8999 1177 7636 9456 10125
9000 3779 8207 8622 9025
9001 569 706 3708 4990 5972 9025
9002 593 2555 4020 4757 6914
9003 641 3191 5305 6942
9004 7589 7804 7808 8313 9676
9005 221 222 6306 9177
9007 1398 1892 2590 3812 8101
9008 3783 3950 5345 8106
9009 1314 1450 4014 4063 9302 10092
9010 0 1314 2205 2253 5556
9011 211 707 1096 1329 1932 2250 2624 4146 5460 7263 8390 9060
9012 2173 7927 7940 9416
9013 581 1330 1710 8132
9014 2386 2558 2922 5302
9015 1972 4701 8471 8541
9016 1404 2264 2627 7235
9017 2509 2649 8652 9188
9018 1666 1709 2856 3938 4417 6124
9020 1791 1926 2228 6590 6992 7262
9021 6014 6539 7924 8777
9022 183 2538 6999 8649
9024 1596 2542 3050 5742
9025 583 588 593 635 711 1329 1340 1456 1569 1721 1868 2441 2874 2920 3393 3588 4423 4565 4805 4821 4862 6073 6076 6165 6855 6943 6981 7694 7836 7993 8285 8344 8431 9046 9624
9026 375 5376 6424 8495 9364
9027 5706 8394 9537 9566
9028 381 1019 1284 4055 6381 9329 9928 10409 10433
9029 632 1472 1497 2541 2726 3456 4432 4603 4604 4815 5535 6565 7111 9958
9030 523 5672 8555 9189
9031 78 351 8296 8448
9032 5016 6310 7161 8704
9033 355 1430 1979 4253 6202 6205 9052
9034 467 516 747 5313
9035 2736 3170 3502 3713 4203 7073 8343
9036 579 1178 1932 3707
9037 257 1394 5435 7725
9038 2844 3240 5610 6398 8747
9039 583 2565 8231 8714
9040 107 1246 3064 6775
9041 885 1520 2775 3133 4089 4654
9042 1513 3706 7706 8885 9542 10126 10147
9043 2364 2845 6583 6719 6973 7314 8899 9109 9782
9044 1103 3337 6593 6979 9259
9045 1019 1331 1721 3277 3960 8329
9046 36 38 6343 6421 8375 8424
9047 1330 1727 9240 9937
9048 155 162 2568 4475 5460 7708
9049 266 1531 1657 2785 6068 9883
9050 437 1727 1932 2876
9051 8988 9122 10281 10423
9052 528 1210 2695 4584 6557 7605 8625 9846
9053 2279 3691 9224 10521
9054 5708 8103 8919 10343
9055 311 2373 2720 5657
9056 435 2544 5552 9245
9057 6954 7008 8601 9135
9058 707 1329 1331 5807
9059 1800 1943 7402 9046 9624
9060 1727 3618 3702 8415 9806 10120 10141 10207
9061 1489 3821 4705 6988 7906 10570
9062 187 662 746 889 1341 2376 4214 4960 8103
9063 38 2059 2077 5379 5837 7035
9064 30 1800 3604 4110 5735 6900 7698 8453
9065 2847 4452 5381 5672 6782 10239
9066 354 378 379 969 1830 2295 2451 2507 4768 4895 5657 7987
9067 721 2125 5370 5823
9070 635 5874 9166 9546
9071 5874 5923 8421 9546
9072 6808 7123 8634 8889
9073 407 604 2042 7376 7493
9074 4167 4198 4452 8520
9075 1220 3657 3782 4740 4869 4884 5779 7447
9076 4691 7160 8315 9659 9679
9077 707 1329 1721 6284
9078 3485 4796 5478 8030
9079 208 5924 6324 7638 9493
9080 1655 5746 7022 8493
9082 2602 6985 7388 8485 10319 10469
9083 4372 8377 8943 8982
9085 381 2856 2861 5449 6740 8039 8127
9087 410 1212 1293 1408 5379 5399 5450 7143 9745 9768
9088 587 898 1666 1862 4370 4462 6607
9089 125 196 246 588 839 2580 2704 6403 8231 8273
9090 1394 1497 7242 10062
9091 24 707 1329 1331 2843 4349
9092 1874 2298 3925 4193 6397 9445
9093 149 204 2094 6701
9094 374 497 2861 2968
9095 4639 4936 8150 9180
9096 2704 4467 4487 4488
9097 4020 6276 7353 7354 9361
9098 150 588 3346 5946 6196 7205 8398 8555
9099 165 1355 1569 1951 3439 3683 6073 8911
9100 311 1007 1545 1574 1963 2591
9101 4882 6104 6105 9615
9102 756 2124 3471 9216
9103 1340 1832 1868 2118 2150 2559 3050 3519 3637 3792 4875
9104 569 1954 1958 3051 4846 5338 5724 6164 6196 6893 7705 7935
9105 1860 4906 5395 10375
9106 7132 7514 9157 9497
9107 2179 2331 4894 5070 6335 7338 8198 8795 8973 9923
9108 641 1568 2229 5460
9109 569 1314 4558 8343
9111 381 1173 3280 9139 9492 10060 10142
9112 211 4768 7402 7818
9113 954 1408 3569 5456 9013
9114 102 4757 5929 8755 9329 10105
9115 4349 4509 5969 7413
9116 2886 3576 7758 9491
9117 359 1000 1883 2046 2579 7472 7986 9443
9118 1023 2293 8610 9151
9119 210 3973 5932 6892 7127
9120 211 1489 2919 3811
9121 371 394 658 668 676 872 2046 2328 2375 2391 3290 4288 5902 7375
9122 18 1894 2766 7028
9124 4954 6511 6833 7127 9122
9125 583 588 2047 8231 9485
9126 4314 4579 4974 10597
9127 1708 4020 7402 8375
9128 1339 2435 3690 6108 8670 9902
9131 579 2555 7962 8448
9132 583 588 3499 4462
9133 2178 4268 6363 6367 6464 7297 7966 8057
9134 216 301 670 768 998 1894 3754 3758 4030 6979
9135 2498 2840 4307 4809
9136 351 2364 2491 2823
9137 889 9838 9885 10017
9138 662 3346 6184 8359
9139 24 8820 9723 9848
9140 4390 4869 6798 9749
9141 374 891 921 1035 1600 1644 1736 1833 1834 1858 1866 2046 2142 2391 3887 4120 4686 5609 8172 10358 10512
9142 348 1294 2484 2541 2583 2937 5484 5753 5880 6775 6874 8499 9139 9618
9143 501 2912 5088 6033
9144 2517 8823 9056 9904
9145 955 1421 7019 7493
9146 2052 2589 3150 4779 6438 7157
9147 707 1331 1721 6605 7759
9148 1122 1329 1331 1340 1721 1868 9581
9149 5969 5984 6546 7987
9150 5871 5984 8554 10070
9151 247 1444 5194 6283
9153 1802 2843 3202 3575 4214 10512
9154 1327 3588 4300 5043
9155 247 723 841 6831
9156 1849 4638 8986 9139 9915
9157 2302 6825 7997 9174
9158 351 1331 1721 2746 3749 5016 6076 7456 9493
9159 569 1082 3274 4860 5651 6483 8306 8795
9160 1534 2794 3330 6157
9161 707 1152 1329 1331 1721 3318 5084 5550
9162 1209 1813 2126 3139 3355 3851 4214 5351 5661 7478
9163 1239 1255 1876 4974 8498 9493 9727 9918
9164 3085 4757 5657 5932 7448 10157
9166 6937 9148 9780 10551
9167 579 1765 2240 7779 8772
9168 3318 3707 4615 5194
9169 2046 3093 4423 7743
9170 839 2046 6665 7982
9171 1340 1868 5604 5721
9172 1177 1878 7835 7978
9173 2575 2621 6672 9883
9174 411 2554 5517 5590
9175 1747 2260 5413 8106
9176 211 4755 5823 9792
9177 1742 7823 8272 10527
9178 2563 2859 2887 5460 9898
9179 4165 6227 6666 7522
9180 707 1282 1721 2032 2272 7742
9181 583 588 961 2008 7674 8273
9182 728 4825 5583 6547 6565 6577 7526 7976
9184 1321 1904 1922 5238
9187 1329 1331 1721 10062
9188 1177 1199 2008 4261 4349 5721 7016 8395 9588 10031 10032 10040 10229 10241 10252 10587
9189 13 216 1066 1255 1394 2079 2194 5349 6383 8624
9190 4198 7054 8415 9852
9191 4584 5789 7821 7823
9192 264 1423 4475 5356 5798 8935
9193 584 4371 4827 6325
9194 125 412 1790 6720 9374 9989
9195 6034 6816 7006 9139
9196 29 34 1940 3830 4020 5574 9493 10574
9197 264 3268 4475 4838
9198 311 1407 1666 4405
9199 30 3719 4834 4974 5029
9200 1329 1331 2544 4700 7670 9112
9201 569 1137 1340 1868 4198 10078
9203 1096 1551 1991 5548 6301 8030
9204 1513 7402 9493 10020
9205 143 157 158 221 222 236 801 982 2230 4525 4575 4788
9206 1568 7799 7823 9035
9207 183 1394 2689 8106
9208 442 2359 3922 4915 6174 6431 7814
9209 1742 2126 3390 6509
9210 1246 7512 8625 8870
9211 2541 8184 8948 9463 10122
9212 1616 2846 7949 10299
9214 678 4234 9542 9753
9215 355 707 1018 1159 1329 1331 6905
9216 2983 3615 5820 8634
9217 24 86 361 1308 1666 3223 4270 5354 5584 5747 5807 5984 6377 6800 7338 8289 8625 9281 10069
9218 1662 1846 6775 9493 10424
9219 1748 5791 8718 10220
9220 1446 1637 2810 4134 8140 8510
9222 351 1177 1932 6299
9223 1727 5948 6212 10512
9224 24 1446 3576 5851 9972 10143
9225 348 3133 5047 5235 7338 8717
9226 2736 2832 3425 5500 6037 9109
9227 2718 5235 6741 7226
9228 1108 1329 1721 3095 3639 5839 9261
9230 713 1908 5650 6973 7006 7525 8511 8551 9886 10304 10342 10563
9233 32 244 7250 9939
9234 1568 7684 7799 7817 7822 8588 9490
9235 1097 1254 4565 6113 6982 8750
9236 1708 4020 6124 6892
9238 4475 6685 7580 8425 9400
9239 1293 2843 4830 6740
9241 538 569 662 1209
9242 870 2766 5360 7369
9243 5022 5166 7073 8117
9244 316 585 587 604 896 1104 1995 2242 2367 3556 7300 7662 8159 8707 9837
9245 788 1997 2800 2889 2988
9246 141 498 654 767 768 3913 6816 7569 7932
9247 34 2096 3992 4700 7386 10411
9248 3016 5175 5586 6135 6786 7684 10234 10371
9249 92 351 952 1213 1443 1610 3450 6231 6430 6994
9250 579 793 835 1190 1346 1711 1721 1926 2479 2842 3593 5104 5721 8343 8511 8863 10483
9251 4280 6775 6848 8678
9252 155 361 639 1271 1523 1980 2105 2260 2497 2596 2640 2658 2738 2746 5077 5460 6323 8415 8665 9470 9906 10078
9253 1941 2689 3645 8538 8786
9255 750 4930 5958 8103 10482
9256 8 1223 5462 9210
9257 2546 5339 6683 8561
9258 719 2615 3095 3104 3774 4138 4968 5233
9259 2887 9394 9503 9613 9654 9889
9260 1149 1868 3847 5721
9261 2864 2875 4001 10420
9262 889 1346 1796 2766
9263 4034 7503 7699 9054
9264 569 5947 7638 7809 8227 10120
9265 5144 7006 9490 10120
9266 1340 1868 5006 5604 9023 9761
9267 4274 6108 8420 8441
9268 5846 8638 8800 8844 9485 10238
9269 707 1222 1329 1552 1721 2253
9270 87 569 4700 6741 8119 8625 9386 10266 10369 10523
9271 2261 3857 4250 4265 4545 4948 8150
9272 641 1469 1497 1501 1908 4431
9273 203 208 595 4665
9274 1407 1953 5643 6664
9275 34 641 2509 5916
9276 149 204 1813 2545 5290 5460 8765 8795 8909
9277 662 2178 6071 8774
9278 1943 2589 3502 5516 7851
9279 16 1194 1213 2042 2240 4827 9025
9280 406 1314 1330 1710 1893 3147 4585 7194
9282 662 1285 4990 5549
9283 2098 2649 2866 4552 4698 5728
9284 833 2766 6164 6450 7423 9054 9200 10354
9285 18 833 1268 2359 2483 5176 6741
9286 2046 4770 4835 5293
9287 1201 3202 4584 8256
9288 1459 6756 7930 9074
9289 713 765 2037 2054 3091 3609 4430 4604 4815 5706 5887 6140 6800 7006 7195 8050 8636 9558
9290 348 747 3775 8106
9291 211 351 3091 3678 4512 5994 8673 8939 9151 10462
9292 149 204 8679 10469
9294 774 1281 2009 2475 2805 3729 3866 4814
9295 722 763 784 1643 1924 2043 2258 2793 3769 5612 7225 8173 8243 8384 10115
9296 569 707 1329 1331 7964 8106
9297 42 1066 1893 3864 6196
9298 33 2574 2861 3333 3805
9299 1246 1496 1791 10239
9300 307 3747 4123 9075
9301 1298 1437 2635 3747 5265 8396 8448 8450 8652 8741 10504
9302 1568 2751 3803 4783 5379 7205
9303 1404 3006 4405 10033
9304 469 1164 1314 4597 5460 5871 6420
9305 588 2689 4936 5984 8231 8303 10274
9307 9106 9125 9287 9852
9308 4153 9275 9529 9978
9309 2509 6407 8368 8375
9310 1304 7742 7934 8106
9311 3649 4780 5371 5721 10222
9312 273 274 3000 9188
9313 641 821 1009 6268
9314 353 1932 3202 3576 4768 5460 5540 6373 7655 7815 9542 10060
9315 1141 2085 5719 8103
9316 125 351 4988 10260
9317 863 1123 1727 4048 6428 6429 8979 9546
9318 276 3424 5608 6739 7153 7954 8484 8635
9319 451 1038 2293 4350 4700
9320 609 711 1780 1791 2049 2425 2468 6455
9321 2364 5593 6431 6611 7054 8207
9322 583 2584 9139 9362
9323 583 588 707 1329 1331 2958 6601 6941 6983 7137 7825 8273
9324 1150 1151 7553 10491 10591
9325 436 1609 3006 3609 4682 5603
9326 641 1727 4263 4628 5932 8106 9441 10480
9327 707 1329 1331 1601
9328 6593 6605 7110 7521
9329 2467 3713 4597 5124
9330 3000 7883 8729 9885
9331 6212 6258 8918 10435
9332 359 2852 8108 8303
9333 211 554 588 1246 1446 3000 6442 6701 8219 8231 8751 9329 10073 10105
9334 11 211 962 964 1067 2042 2558 2584 2719 2766 3576 4214 4307 5397 6529 9433 10400
9335 27 2221 7691 8645 9342
9336 354 6890 7793 9174
9337 701 1456 3251 3252 3259 4172 6976
9338 1759 4640 5672 5845 6824 7145 8367
9339 1534 1841 1846 2661
9340 390 2302 2691 4589
9341 583 3551 4126 7743
9342 25 170 543 1571 2620
9343 1293 1294 3519 4214
9345 8111 8343 8362 9213 9738
9346 1240 2108 3346 3735 8156
9348 89 2649 3026 5683 5692 6220
9349 407 1383 1561 3178
9350 1727 1893 1932 3763 8958
9351 1666 5428 5966 9011
9352 1249 6049 6075 9493
9353 747 2525 2896 5313 7402 10419
9354 149 204 4198 5706
9355 381 1340 7376 10120
9356 6577 7035 7577 8872 9693
9357 2162 2877 7710 8106
9358 103 507 1433 1617 4232 4492 6584 7046 8753 9610 9781 10115 10170
9359 1315 4567 6546 7692
9360 3318 7909 8482 9386
9361 24 149 1878 2689 2815 5984 7818 10331
9362 583 588 662 1340 1868 8231
9363 707 1331 1721 2885
9364 892 1280 1444 1568 1928 2815 3735 4719 6461 6606 7022 7783 8987 9148 9240 9328 9491 9723 10049 10497
9366 437 1574 3006 4198
9367 351 520 569 1178 4824 5535 6985 8494
9368 4198 4503 5481 9883
9369 1246 3000 7402 9493
9370 1685 6547 7076 7519
9371 662 1329 1331 1340 1484 1533 1868 1989 2035 3690 4557 4927 6070 7435 7688 8105 9638 10200
9372 139 2856 8922 9380
9373 444 6652 7614 9736
9374 1624 5604 6876 8106
9375 1392 1727 4072 4915 6004 7199
9376 707 1329 1331 6494
9377 204 1727 1932 6401
9378 2818 8106 8730 8873
9379 1174 1784 3199 3519
9380 437 1789 2178 5857
9381 4846 4981 6453 8059
9382 165 275 583 588 839 1302 1347 1815 1959 2658 3317 5672 6021 6619 6627 6847 7491 7514
9383 1215 1855 3051 3822 5084 8886 8894 9298 9370 9672 10528
9384 583 588 2105 9751
9385 7179 8103 8288 8802
9386 507 534 5321 7238 8424
9387 569 583 588 8797
9388 583 588 8231 9992
9389 703 3960 4490 5630 6139 6214
9390 2523 5659 8148 9311
9391 179 1383 2134 2363 2561 3631 3783 5300 7489
9394 523 7080 7814 8162
9395 5282 5535 5610 5863
9396 583 588 2194 4371 7492
9397 1568 4597 5230 5604
9398 367 678 2047 3683 4536 7925 9160
9399 2509 4592 4784 5686
9400 1443 1568 1810 3649 4795 5672 6741 10354
9401 36 1246 1894 2043 10400
9402 569 583 4198 8231
9403 299 5333 6970 9723 10452
9404 1941 2047 2738 3956 6801 9442
9405 1448 4048 7366 8367 8388 9590
9406 24 408 579 1632 1823 2573 2635 3000 3576 4020 4556 6464 7566
9407 3657 3972 5118 7281
9408 198 351 653 3693
9409 569 584 6825 7997
9410 2770 3942 3943 4174 6687
9412 3708 5874 6281 8456
9415 2590 3625 4700 4768 5144 5194
9416 707 1331 1466 1721 3968 7503
9417 103 1329 1330 1554 1710 1721
9418 24 2766 4901 9959
9419 276 2892 7353 7474 7937 8303 8571 10258
9420 2030 3644 4259 4606 4818
9421 3867 4351 8303 8448
9422 569 579 6201 6757 6884
9423 6663 8659 8661 8663 8668 8844 8936 9194
9424 2815 2997 4700 8377 9389 9859
9425 2590 4214 5243 6281 6433 9272 9723 10341
9426 3463 6216 7807 8144 8426 8904
9427 149 204 389 8932
9428 2779 2880 2906 4869 5863
9430 154 345 2395 6008 8074 8255 10045
9431 4104 6401 7048 8116 8649 8665 9459 9639 10147
9432 3986 4603 6701 8239 8362 8902
9433 569 1276 1280 1294 1562 1887 2498 2560 4327 5540 5808
9434 351 707 784 1186 1187 1329 1331 1813 2122 2149 2257 3859 5804 5984 6025
9435 132 1797 4331 9379
9437 3094 4929 5721 7165
9439 2665 3673 6929 10208
9440 588 1446 8103 8873
9441 253 359 366 591 635 711 1314 1451 1891 2052 3841 4584 4719 4860 5873 9386 10366
9442 540 1727 1932 5911 6073 6654 7998
9443 699 839 875 1820 8495
9444 125 554 2223 2655 3430 4299 5460 5962
9445 24 177 381 591
9446 353 583 588 641 1178 1201 1746 1826 2195 2658 3502 5556 7278 8231
9447 213 1883 4058 10106
9448 3135 5535 9492 10079
9449 213 376 617 670 878 1044 2704 2831 5294 5902
9450 887 1009 2394 10483
9451 583 588 9883 10482
9452 346 1153 1893 3127 7547
9453 455 1808 1874 7753 8551 9423
9455 4214 7258 7484 9627
9457 1223 3882 4768 8186
9458 201 1252 2967 3949
9459 1186 1187 2162 6959 7476
9460 591 1479 6603 8132 9972
9461 1271 2642 5217 5598 5672 5905 6124 7179 8625
9462 662 1329 1331 1721
9464 2658 4700 4768 6333 6525 6760 7792 8377 8625 9054
9465 2114 3327 4391 9674
9466 596 620 1563 1646 1798 2127 5846 6122 8135 8194 8595 8922 9134 9493 10163
9467 2936 6959 9486 10534 10550
9469 8609 9189 9856 10143
9470 583 588 591 635 1776 9590
9471 203 588 900 1542 1568 5721 6394 8231 8810 8918 9355 10325
9472 662 2051 9214 10147
9474 6796 8382 9860 10089
9475 1092 1831 4439 4493 6061
9476 706 1868 4079 9375
9477 706 3318 5079 6874 8303 8987 9529 9581
9479 320 1026 1057 1110 1867
9480 355 4198 8750 9053
9481 102 3419 3421 9913
9482 1067 1666 3451 3706 5029 6307
9483 2164 7940 9148 10157
9484 1868 4452 5178 7697
9485 583 1569 5405 8231 9240 10137
9486 253 583 1190 5511 6697 10326
9488 707 1329 1331 1760
9489 228 763 2717 7103 7505 7720
9491 2269 2536 3866 4479 5566 7298 7662 7776
9492 635 869 4291 6926 9079 9369
9493 1340 1396 1567 2874 4824 6742
9494 420 3315 7212 8634 9694 9733
9495 1446 1478 4431 8520 9231
9496 933 5747 6241 7166
9497 339 1092 2293 5984 6513
9498 579 1775 2744 5096 7076
9500 569 1122 1623 2415
9501 297 3206 4869 6470
9502 2745 7664 7833 9011 10266
9503 707 1331 1721 6857
9504 1282 1329 1331 1721 8486
9507 1470 1497 1666 8103
9508 6073 7314 8184 8829
9509 1793 3528 6070 7073 8034 8386 10119 10137
9510 1256 1314 1340 10124
9511 569 583 588 2738 4830 5780
9512 351 1342 6241 6242
9514 490 1962 4350 5609 6191 7843 7844 7874 8426 10199
9516 1328 3512 8630 8731
9517 361 1096 1742 2047 4112 7833 9048 9637
9518 1727 7572 7697 8369
9519 7140 7315 7751 8590 8686 9042 10500
9520 3747 3770 3788 6405
9521 348 3135 3925 10483
9522 14 4128 5934 9730
9523 2043 2391 4214 7245 8343
9524 164 579 1868 2457 4897 7022
9525 635 6565 7370 7731
9527 381 520 545 1727 2434 4072 8551 9485
9528 1576 4496 4700 5087 7823
9529 4768 5332 5460 7699 9471
9530 3599 3622 7936 8381
9531 201 1202 1552 2205 3352 5094 5257 8103
9532 706 1150 1151 1711 4768 7563
9533 211 9417 9744 9759
9534 211 1135 2364 3798 4757 5543
9535 2105 4377 4726 6663 6690 7699
9536 1239 2414 4075 6464 7787 8717
9537 151 1269 2270 8717
9538 261 423 456 1472 4915 5155 5535 5950 6067 8446 8902
9539 6016 6855 7316 7423 9189 9403
9540 149 204 7211 9032
9541 6 22 2771 10233
9542 437 549 1066 1094 1631 2357 3006 3707 5703 5871 10033
9543 4700 6773 8189 8742
9544 490 4622 7689 10433 10491
9545 3871 6876 7006 9389
9546 641 1340 1868 1932
9547 3670 4440 5969 9464 10009
9548 149 204 6941 9083
9549 2265 5947 6540 7523
9550 1152 8548 8717 10578
9551 787 996 2949 4195
9552 211 3691 6778 7152
9553 2972 5928 6129 6134
9554 2151 2223 2541 2565 2583 3439 8194 9749 10315
9555 1446 1894 3553 4020 5298 5961 5982 6216 7607 10239
9556 2688 4613 5460 5705
9557 374 1644 2391 3079 4283 6109
9558 1998 2689 3519 9140
9559 2053 2283 4014 4558 4754 8106
9560 318 2391 4469 5632
9561 1308 3725 8201 9288
9562 1452 6373 7799 8587
9563 3000 7402 9493 10024
9564 4993 5980 6279 8581 10385
9565 707 1174 1329 1331 1340 1721 1868 8207
9566 520 1186 1187 1346 1932 4573
9567 187 194 361 519 4700
9568 4764 4974 7095 7577 9159 9548
9569 351 1813 1868 4838 6194
9570 351 2950 9542 10200 10478
9571 4638 5541 7274 8139 9347 9589
9573 366 707 1108 1191 1317 1329 1331 1597 1721 3652 3841 4383 5332 6386 8057 8952
9574 4828 5460 8338 10158
9575 355 1394 3645 5460
9576 420 5167 7589 9733
9577 38 1637 4020 4886 7940 9893
9578 351 1727 5762 6667 8734 9089 9277 9513 9919
9579 2049 6076 7341 7460
9580 1177 1394 4036 5369
9581 2364 3691 5778 7376 8650 8704
9582 359 2046 6944 8413
9583 1152 3505 4012 5100 6701
9584 1437 1707 2546 3880 7250 7754
9585 583 588 5638 6653
9586 210 2555 8831 9991
9587 2293 4860 5883 5914
9588 707 978 1329 1721
9589 2296 3207 4830 5915
9590 1174 6820 6826 8225 10139
9591 335 999 1883 5804
9592 2048 2207 3091 9561
9593 583 586 588 8231
9595 554 1710 1891 8875
9596 1350 1932 9120 9771
9597 717 833 2293 2960 7692 9970
9598 253 2822 4886 9687
9599 1340 1868 2260 7983 9025
9600 6079 6762 7908 10243 10473
9601 351 635 1472 2922 5043 6181
9603 569 583 5728 8273
9604 1821 3094 7294 9484
9605 14 2364 3825 8039
9606 1679 2810 2877 7117
9607 1423 3859 9685 10076
9608 461 5460 5984 9240
9609 183 1317 8105 8223
9610 371 401 752 3962 7933
9611 1067 1666 1726 2524
9612 1246 7016 7163 7276 9341 10555
9613 1083 3558 4364 5125
9614 1234 4392 7242 10611
9615 1269 1568 1569 2768 3680 3681 4511 5721 6701 7286
9616 1256 4906 5031 6034 7916 8106
9617 2590 2884 4140 7481
9620 160 6403 7568 8271
9621 354 579 4830 10012
9622 5480 7937 8451 9054
9625 4547 4700 6079 7377 7547 7659 8482 9130
9626 281 643 2839 2917 4882 10389
9627 744 3337 4917 5672
9628 253 8056 8285 8316
9629 210 1191 1708 2983 4542
9630 3076 3519 3792 5017
9632 149 204 8704 9471
9633 1315 2566 6846 7978 8303 8615 8723 8795 9025 9036
9634 663 707 1329 2993 4797 7935 9380
9635 1892 1993 3519 3792 4011
9636 2262 2276 2769 9869
9637 318 402 434 603 898 905 914 1862 2533 2970 3445 3513 4368 4674 6445 8159 9177
9638 21 388 746 2145 2852 4410 5255 5375 5736 5823 6965 7773 9480 10360
9639 1067 1327 2784 4198
9640 767 821 869 3919
9641 361 1340 1868 1894 3385 3774 6606 6763 8303 8424
9642 2850 5309 9025 10252 10542
9643 1550 1979 2052 3651 9906
9644 95 961 1732 5874
9645 2162 2811 3342 7475 7550
9646 635 1186 1727 2565 2843 3050 3202 3576 3587 6108 7706 7792 8361 9825
9647 1329 1331 1597 4851 5984
9648 524 1482 5468 8718
9649 579 4002 6546 7874 7994 8219 8800 9018 9287
9650 1919 3859 5398 10009
9651 351 443 4532 7813
9652 186 1443 1664 4584
9653 538 569 2047 3101
9654 264 276 1666 1894 2555 4261 4350 4475 4700 5004 6256 8814 8823 8987 9189 9827 10147 10550
9655 273 274 1178 2263 4989
9656 36 5372 6876 8185
9657 5130 7171 8677 9205 9597
9658 413 543 8105 8343
9659 2122 5856 6229 8873
9661 707 1329 1331 1550 2404 2697
9662 1159 5281 8136 9280
9663 554 1249 1894 9249
9664 7623 8573 9561 10331
9665 651 3896 6286 6714
9666 2886 6807 6982 7931
9667 1652 2849 5372 8320 8416 10400
9668 1067 1666 5711 10154
9669 267 353 1095 1096 1101 8072
9670 1216 3686 4475 5626
9671 178 268 4337 5672 5807 5812 7487 7821
9672 1422 6770 8128 9876
9673 654 730 763 10355
9674 3699 3755 5272 8665
9675 583 591 2262 8231
9676 1340 1868 5650 5781 8257
9677 211 1943 5984 6958 7933 9005
9678 211 329 1466 1554 2375 2885 2953 3637 4013 4535 4611 6003 6087 8145 9071 9537
9681 1897 5686 8236 8490
9682 3473 4671 5608 6784
9685 1246 2425 4417 6775
9686 1336 2837 3319 5634
9688 1932 4472 6003 7054 9914
9689 1617 1652 2494 2649 6276 6849 7055 8751 8935 10551
9690 1330 1710 6628 6757
9691 2563 8231 9581 10145
9692 1246 1727 2555 2624 2661 5657
9693 569 588 6667 8231
9694 262 768 2596 6164 6794 10463
9695 449 718 2391 5460 7633 9500
9696 707 1331 1721 2590 4608 5338 6966 7481 9248
9697 936 959 3886 3975
9698 1565 5862 7029 9025
9699 305 1342 2087 7685 7750 9158
9700 4020 4637 8150 9636
9702 356 1178 1904 2108 2766 3925
9704 5672 5966 8554 10063
9706 181 1329 1331 1721 3409 8106
9707 5541 6040 9201 9260
9708 5478 6363 6564 7159 7576 7669
9709 824 2585 3897 10450
9710 7259 7866 8456 9032
9711 36 2815 4391 4943
9713 583 588 2162 8231
9714 579 2042 8103 10069
9715 2594 3732 4423 5876 9455
9716 180 3899 3977 7386 7405 8152 10208
9717 5078 5545 5984 6979
9718 3390 7402 9932 10373
9719 583 6087 6829 8273 9127 10226
9720 5460 8751 9275 9392
9721 1568 2505 2555 9493
9724 2360 2555 8044 9268
9725 2123 2195 2770 2884 3094 6004 6699 8588 9268 9972 10331
9726 2508 2871 3270 5736
9727 700 1096 5783 7952
9729 1331 1721 5721 6078 8236
9730 211 227 412 417 450 460 462 2265 3029 3340 6545 7289 7536 7935
9731 1330 1710 2328 2604 5305 8362
9732 3321 5402 5545 6494 9519
9733 6892 7385 7579 8276 9311
9734 155 162 584 2207 2241 2558 2565 2886 3204 3501 3872 3956 4011 4719 5764 5967 6073 7236 7275 8156 8337
9735 6839 8583 10239 10451
9736 460 1893 3588 5738 6522
9737 102 6164 6792 7564
9738 186 1764 1831 1892 6685 6686
9739 6278 8106 8296 10480
9740 511 579 5371 6505
9741 1291 1609 2469 4020 4935 6137 6494 6695
9742 3502 4383 5901 8704
9743 409 999 1564 6935
9744 182 1327 2293 2341 4069 5256 5914 7054
9745 1780 3864 5624 8652 8924
9746 420 2390 9733 10111
9747 662 2270 2548 2689
9748 1404 8350 9695 10266
9749 931 2509 4370 7176 7897 8194 9664 9994
9750 6279 7722 7861 8634 9685 9747
9751 1665 2343 2621 2647 3845 6822
9752 35 1891 2179 2841 5461 5535 6069 8569 8775 8795 9782 9861
9753 2732 2984 9023 10606
9754 1831 4090 5622 6207 7355 7994 9578
9755 2272 2867 3519 6379
9756 351 583 588 2893 3297 6666
9757 149 204 8448 9659
9758 3343 4452 5659 7555
9759 93 362 936 1269 1355 1407 1932 2415 2588 3648 4060 5460 8795
9760 1212 3929 4302 5043 7748 8959
9762 376 882 947 975 998 1016 1878 2313 2556 2646 2905 3564 4706 4762 4791 5699 6859 6964
9763 6527 9490 9723 10093
9764 2229 2960 6946 7481
9765 707 1329 1331 2635 8194
9766 273 274 9529 10124
9767 569 4198 5984 8231
9768 273 2541 4585 5030 5604 7565 8499 9591 9931 10007
9769 1466 1597 4830 4846 5874 9752
9770 221 222 2672 4571 4872 5721
9771 756 1178 1255 2704 3314 5622 5736 7564 8368
9772 1187 1932 1980 4014 4597 5340
9773 2265 6001 7934 8494
9774 453 3091 4860 9683
9775 195 351 381 389 640 3645
9776 149 355 362 588 3645 5302
9777 30 526 4972 6578 7266
9778 24 2144 4475 4912 8103 9537
9779 1181 2254 3952 4480 8103
9781 1195 2695 3746 5867
9782 64 381 7884 9948
9783 211 1330 2114 2801 4588
9784 1576 2849 4299 4303 4453 4763
9785 29 2425 7379 7439
9786 5657 6920 10067 10239
9787 149 204 588 591 2546 5608 6007 6220
9788 1568 1570 5984 8796 9471
9789 27 28 758 1559 2483 3866 6029 7028 7699 8194 8444 8583 9023
9790 19 20 1666 9561
9791 351 1178 1868 3132 5401 5721 8533
9792 1330 1710 8747 10409
9794 149 583 588 7891 8273
9795 1294 1700 5977 6194 6319
9796 3115 7122 8731 8888
9798 5751 5851 6336 6642 6730
9799 190 1127 2417 7103 9085
9800 7402 8194 8424 9311 9832 10321 10444
9801 538 569 3132 3277 7136
9803 23 359 362 538 571 641 1221 1358 1530 1832 6051 6333 7793 7953
9804 221 222 4514 8665
9805 268 2876 7050 8278 10415
9806 102 699 7637 8401
9807 14 4138 7650 7861
9808 316 318 801 857 866 2533
9809 409 495 2391 5260 7598 10138
9810 36 520 707 1329 1721
9811 1599 2766 3930 6698
9812 785 2114 6430 8424
9813 7930 8849 9039 10100
9814 953 1173 2679 3318 4214 6959 7510 7799 7845 9792
9815 3094 3344 8457 9261
9816 436 588 1542 1605 2178 3645 4672 5535 5823 6958
9817 204 583 588 2004
9818 243 583 588 4802
9819 1314 2364 4198 6990
9820 1112 1404 3135 7438
9821 3905 4261 4474 4475
9822 209 268 2700 4097
9823 2178 6070 6323 8231 10394
9825 34 204 3990 5107 7196 10458
9826 6201 6725 7347 7386 8625
9827 2555 3120 8677 10416
9828 125 413 520 662 1489 1509 1569 2035 2132 2608 2609 2726 4061 4768 4824 5338 6164 6664 6876 6918 6932 7380 8280
9829 260 1974 4887 5466 8103 8902
9831 2240 4860 6864 8353
9832 38 261 579 641 707 1246 1329 1331 1340 1721 1830 1894 3000 5768 7006 8326 8606 9493
9833 785 2994 8095 8890 9885
9834 1568 1748 2368 4405
9835 2000 4838 6307 8962
9836 542 2717 3843 8103
9838 7935 8718 8968 10046
9839 740 2635 4157 8147 8461 9025
9840 381 3638 5782 6547
9841 706 7982 9005 9885
9842 149 204 717 1568 1569 2507 5460 10137
9843 211 4935 6538 6982 9340
9844 1932 2766 5460 7628
9846 5242 6358 9067 9416 10361
9847 95 1138 3000 6125 7402 7491 8194 9188 9529
9848 1662 2555 2859 7402 8380 8418 8424 10450
9849 35 2790 3524 6259 6505
9850 2011 2126 3132 3615 4871
9851 1127 2089 2930 3480 3649
9852 5405 8536 9282 9414 9581 9887 10195
9853 508 1732 2486 6012 7647
9854 697 827 1237 2391 7175
9855 579 641 1868 2265 2690 4203 6743 9801
9856 381 1177 9819 10362
9857 543 583 586 8231
9858 1213 1456 2608 5338 6505 6547 7145
9859 1327 1891 4708 7427
9860 4068 8343 8974 10046
9861 2426 5051 7131 8645
9862 590 636 2590 3986 8978 9946
9863 371 375 511 1014 1222 1401 1645 1886 2534 2631 2909 3741 4018 4946 5026 5106 5779 5858 8343 9265
9864 2983 5622 6215 10440
9865 718 1454 2593 6958
9866 186 1273 1274 1349 2086 2564 2711 2841 2891 3382 3820 5371 5414 5586 5865 5866 7484 8063
9867 6740 8448 8729 10460
9868 195 1294 2711 3454 4584 5929
9869 1219 5167 5691 7557 8117
9870 501 3632 4452 4537 5460 6283 6293 6627 6825 7080 7842 7997 9885 10239 10517
9872 261 354 1070 6666
9873 6756 7702 7732 8104
9874 1340 1868 4350 6740
9875 149 204 2051 4698
9876 4020 6199 8380 9403
9878 2155 2275 3802 8499
9879 2115 7510 9934 10395
9880 1932 3889 6429 7709
9881 1286 3645 4838 5907
9882 941 1904 3003 6021 6422 6736
9883 18 695 4700 6183
9884 96 1894 2555 5536
9885 875 3645 8203 9818
9886 504 756 2114 2153 4341 4417 5833 5837 8618 9577
9887 205 639 1054 10137
9888 1280 1568 2960 7659
9889 641 1932 4422 4768 5984 9276
9890 782 1955 5294 8319 9134
9891 569 1178 1342 1568 1932 4452 4687 5535 5871 6008 6985 7335 7931
9892 6522 6544 6605 9851
9893 3615 7790 8444 9386
9894 590 1559 7964 8638
9895 2046 4740 6070 10296
9899 2719 6606 7168 7423
9900 2689 8920 9140 9281
9901 4700 5812 6822 6977 9556
9902 1177 2173 6421 7598 8018 10447
9903 744 1497 5530 9946
9904 5643 5991 6856 7822 8377 9692 10396 10452
9905 204 583 588 1139 1569 2746 6473 6724 7159 9128 9537 10091 10149
9907 579 1678 6715 8511
9908 18 745 5992 8106
9909 311 569 1568 4422 4765 5593 7179 7687 7842 7916 8103 8511 9240 9698
9910 529 1574 1752 2645 5155 6581 7096 7685
9911 251 1711 6536 8162
9913 372 656 664 1032
9914 707 1329 1331 5024
9915 149 204 588 2738
9916 4701 5173 8472 10572
9917 1000 1153 2054 2283 3669 3805 4183 4215 7384 8499 8902 9308 9648
9918 24 125 5201 5984
9919 1666 3707 5778 7402
9920 3513 3869 4477 5568
9921 5616 5988 7073 7413 9937 10500
9922 149 204 1833 3644 5984 7708
9924 149 204 2240 2293
9925 7807 8279 8378 8575 8651 8993 9106 9135 9379 9387 9862 10037 10180
9926 3645 5460 5648 5874 7842 8128
9928 2448 2950 3260 4254 10579
9929 36 149 520 1314 1568 3436 8162 10400 10443
9930 1727 1932 4452 6701
9931 5721 8150 8745 9250
9932 2583 3237 3866 4320
9934 5543 6536 7273 8828
9935 703 1346 2292 2991 3925 4198 4698 4838 4990 5302 5334 5361 5873 6280 6763 6831 7007 7343 7619 7659 8796 8998 9386 9659 9899
9936 142 165 203 366 569 706 707 1152 1329 1331 1721 1868 1894 3000 3487 4476 6915 8103
9937 169 1255 1708 2621 2877 4018
9938 630 1280 1630 1700 2338 2349 2498 2890 3454 4073 4446 4700 5371 5645 5873 5874 5929 7023 8377
9939 2732 2820 3277 3576 4700
9940 149 204 2043 8106
9941 1329 1721 2194 8343
9942 1478 1495 2033 7976
9943 569 4667 5871 6611 7067 7126
9944 472 1788 1789 5395
9945 191 3455 3649 6871
9946 6626 6958 6959 6990 7934 8039
9947 183 1330 2604 4421
9948 964 2746 3143 3906 5780 10117
9949 29 8164 8448 9967
9950 367 540 7077 9917
9951 5621 5702 7449 7861 9095
9952 1980 2302 2311 4990 5077 7438
9953 867 868 3849 5014
9955 1607 5874 8953 9951 10351
9956 4768 5180 6959 9157
9957 706 2042 3734 6701
9958 1726 2435 4589 4694
9959 1178 1568 4830 4956 5460 6619
9960 2331 2596 2719 4638 9788
9961 649 3986 5031 6066 7937 9806
9962 3242 5075 5984 6108
9963 1565 7567 8770 9989 10005
9964 5674 8765 9400 9971
9965 19 20 276 596 747 1299 1424 1723 1811 2075 2839 2902 3468 3676 3938 4104 4186 4611 5260 5313 6935 7445 7618 7659 7773 9151
9966 1199 2580 7291 7385 9515 9588 10495
9968 210 1187 4624 5536
9969 707 1329 1721 2395
9970 1093 5604 6247 9497
9972 2236 2283 3150 4616 6278
9973 992 2958 6699 6819 7066 8006 8199 8391 8871 8873 9481 9590 10478
9974 4606 7380 7455 7762 9581
9975 437 918 1177 1612 1864 2357 4407 5984 8032 9344 9787 10262 10572
9976 5157 5604 5943 10111
9977 1642 2738 2983 5657 7126 8390 8751 9280
9978 227 3019 3094 8516
9979 1340 1868 4896 6471
9980 181 554 3569 4124
9981 1634 1910 2098 3680 3774 8369 8470 8717 9979 9983
9982 1314 2091 2814 5948
9983 1329 1331 1721 5721
9984 351 569 588 3502 4452 8106
9985 2852 5879 6507 6686 8688 8689
9986 569 591 5075 6108
9987 5642 6740 9400 10486
9988 1186 1187 1576 3373 4768 5244
9990 204 472 1813 3541 3553 4558 4649 5361
9992 1970 2114 2567 9485
9994 822 1833 1834 5456
9995 1926 2694 2804 5256 5384 6324
9996 1446 2900 2942 4335 4700 5721 7643 8067 9240
9997 95 890 2784 4821 9649
9998 5278 6664 6740 7402 9202
9999 1932 2689 4335 5747 5761 5872 6653 7536 8204 8586 8682 9216
10000 2051 2590 9386 9669
10001 1666 1894 2649 6669
10002 204 678 2590 2885
10003 471 828 959 2533
10004 174 1092 1727 2847
10005 1404 4859 5594 7575
10006 1780 1893 4335 9025
10007 410 588 999 1813 4849 5550 7078 7421 7834 8162 8231 8625 8665 8891 8945 9254 9723
10008 707 1319 1329 1331 4830 10221
10009 2049 7500 10346 10584
10010 1850 2590 2942 4532 5441 7818 9873 10331
10011 1749 1932 4198 8106
10012 1727 5460 8108 10482
10013 407 896 917 6354
10015 5984 6070 7054 7891 9422 9775 9981
10016 588 1813 3124 8231
10018 583 588 5987 8105
10019 1346 1727 4770 5874 6593
10020 1708 2483 3830 5287
10021 538 4068 6229 6790 8833
10022 381 569 2199 3707 5436 5460 6529 6535 6683 7454 9240 10139
10023 211 707 1329 1710 1721 1844 6403
10024 128 6514 7402 8044
10025 707 1329 1459 1721 3436 4812 7935
10026 670 993 1878 2534 3912 3914
10027 1330 1710 3156 3843 8939
10029 204 2602 3105 8704
10030 1385 2264 4049 6477
10031 5460 7438 7575 8381 8867
10032 1722 2391 3079 6494 6664
10033 707 1331 1721 2931 3051
10034 2758 4906 4941 5460 5946 8665
10035 7559 9311 9814 10440
10036 7024 8704 10145 10316
10037 1967 2171 5984 8743
10038 1922 2563 2640 3109
10040 96 1239 2704 3437 4249 8740
10041 226 662 5910 8106
10042 77 1438 2507 2583 5672 5863
10043 587 1081 8159 9177
10044 586 1213 1874 2178 3132 3242 6876 7131 7289 7294 8066 8303 8569 8625 8819 10072 10495
10045 255 1722 2413 5761 8465 8550 8919 9723
10046 1336 1561 2625 4690 5984 8015
10047 223 2561 2576 4698 5769 5858 9542 9679
10048 2068 4497 5940 6716
10049 32 1617 2534 2811 5657
10050 1560 1858 7568 8195
10051 1284 6465 8257 9607
10052 149 204 591 707 1329 1331 1340 1347 1721 1868 4214 4312 4432 5460 8025 8424 8499 9488 9731 10084
10053 211 4164 6448 6884
10054 707 1331 1340 1721 1868 4678 5146 5380 6199 8665
10055 1246 5786 10143 10201
10056 1773 4399 6990 8103
10057 707 1331 1721 2710 5290 5724 8448
10058 402 1625 3501 6590
10059 5779 5782 5907 8277
10060 1329 1331 1721 4524 4841 5179 5399 5599
10061 164 1666 4897 8039
10062 2548 3707 4434 4689
10063 2008 4741 4990 5024 5242 6095 6950 7282
10064 1528 7466 7820 8053 8106 8300 9282
10065 299 1204 1340 1868 1914 2125 4214 5557
10066 1269 2960 4214 5721 6782
10067 381 451 697 1188 1597 3164 5632 10219
10068 1177 1284 5129 9906
10069 662 2403 5962 10226
10070 637 2036 2590 7742
10071 95 119 583 8231
10073 953 4706 8690 9484
10074 1727 8795 9569 10042
10076 24 86 181 417 721 727 1023 1783 2132 2590 3436 4014 4207 4700 4779 4780 5775 6701 6731 7211 7616 7886 7887 8496 8980 9683
10077 6122 8448 8583 9005
10078 1930 2565 7961 9981
10079 997 1323 1549 2088 7600
10080 5199 6087 8162 9178
10081 208 351 355 1932 2701
10082 145 1310 1714 8103
10083 2503 2653 5362 5684
10084 34 36 1732 4784 4868 4988 5287 8387
10085 1780 3147 3961 5349
10086 1239 1329 1331 1721
10087 1174 2454 5068 9347
10088 2214 4405 5395 6052 6743 6990 7438 8015
10089 348 4253 6998 8655 9154 9690
10090 355 1932 6286 6556
10091 3043 7222 7742 9444 10166 10338
10092 554 579 1774 5244
10093 2026 2240 6489 10495
10094 707 1177 1331 1721
10095 1015 1323 2446 10181
10096 78 206 1140 4091 4212 4698 4850 5244 5460 5490 5823 9881
10097 1340 1868 1874 5001 7833 9029 9341 10291 10424 10496
10098 1568 7822 7907 10610
10099 305 2060 3280 5943 7506 8173 9145
10100 3604 4261 5574 6744 10279 10574
10101 795 1253 2498 2580 3645 4768
10102 579 583 588 1212 6232
10103 486 2097 2984 4391 5884 6266 8710 8829 9979
10104 1340 1868 6276 6849 8337
10105 598 865 1568 2585 4696 7093 7186
10106 6036 6059 6905 9253
10107 1569 6284 8306 8958
10108 583 1457 3645 5460 8273
10109 562 2625 4399 6608
10110 707 1329 1721 8813
10111 1246 1255 2162 2173 2983 3782 4615 4667 6574 8022
10112 1173 1870 5289 5721 8278 8369 8616 9286
10113 1446 2163 3869 9722
10114 21 2737 4700 5093 5097
10115 1497 2857 7338 8127
10116 2173 2409 2661 8663
10117 305 389 1932 6148 7131 8610
10118 840 1329 1331 1721
10119 641 1932 6577 9275 9276
10120 172 351 1727 3009 6884
10121 1568 4014 4198 5478
10123 154 1223 1523 7159 8106
10126 2285 2955 3009 4383 5556 6115 8103
10127 1177 1633 2043 2317 4732 8103
10128 75 889 1246 2162 3000 3104 7354
10129 1666 1969 2145 5811 6196 10429
10130 289 371 380 490 564 868 1007 1073 1400 1727 2391 2534 2915 3025 4350 5047 5823 7023 8055 9023 9522 10062
10131 2566 2886 4719 5535 9485
10132 1269 5829 6958 6982
10133 204 2046 3411 5946 7237
10134 319 407 437 1862 3789
10135 4860 8353 10124 10539
10137 4036 4205 4360 7301
10138 351 596 747 1858 3480 5012 5726 5988
10139 1067 1340 1868 1961
10140 1792 2815 3538 7484 8696 9629
10141 866 908 7300 9641
10142 7079 7289 8343 8978
10143 125 1235 1319 8207
10144 102 484 2047 2123
10145 707 1090 1331 1721 2195 4058
10146 1329 1331 1721 6217
10147 1725 2267 3558 5478 8665
10148 588 1256 1347 8231
10149 273 482 1093 4700 7909 10366
10150 583 2240 3133 8273
10151 151 2295 6620 9680
10152 2162 2511 2797 5777
10153 4824 5371 8303 9025
10154 2919 7136 9386 10146
10156 1291 1617 2546 2661 4032 4279 4350 5366 6349 6849 7046 7494 7558 7861 8182 8396 8424 8935 9885
10157 579 957 1007 1459 6642 9970
10159 220 286 654 1408
10160 1140 1213 1394 1773 4772 5103 6701 7386 8961
10161 362 1749 5604 5871
10162 1666 1727 2483 10424
10163 1099 1213 1429 5312 8106
10164 211 2123 4082 6627 7384
10165 380 4325 6428 9680
10166 4684 5002 7066 7925
10167 1304 4573 4796 8106
10168 3467 4396 6753 8456
10170 8498 9564 9763 10427
10171 520 2483 2579 2849 8202
10172 434 866 5080 5352
10173 1314 5721 6108 8207
10175 579 744 1459 1497 2590 2744 2886 3202 4214 4915 5098 5530 7136 7376 8554 9240 9558
10176 30 1246 4234 8878
10177 1246 1446 1940 10334
10178 1943 5305 6079 8444
10179 1149 1340 1868 1892 5922
10180 707 1329 1331 1721
10181 273 274 2258 6966 10388
10182 518 707 1329 1331 1505 1932 2109 2115 2509 2563 3575 3750 3763 3799 3982 4589 4719 4768 5685 5687 6360 6497 6565 6568 6605 6734 7121 7532 7537 7716 8372 8632 8903 9851
10185 2483 2509 4020 4417 5029 10533
10186 2815 7289 8106 8544 9380
10187 135 648 1878 2650
10188 918 1081 1975 9089
10189 706 1066 1177 2007 2555 3245 6382 8516
10190 1293 1346 5484 6715 9240
10192 1292 3361 7541 7674 8225 9347
10194 446 1457 5604 5874
10195 721 2815 3352 5657 5751 7022
10196 420 4960 9733 9962
10199 487 1859 3938 3988 4700 5412 5507 5892 6086 6205 6333 6547 7084 7419 7908 8044 9339
10200 569 579 583 588 635 707 1019 1331 1721 1911 4072 4198 4665 6003 7503 8273 9240 10063
10201 376 379 1644 8077 8278
10202 18 2105 2270 5013 9312 9658 10124
10204 6527 8407 9425 9802
10205 793 4574 7491 8988 9796 9846
10206 4532 7628 8164 10253 10563
10207 3519 4475 6698 6831
10209 2151 2178 4555 8707
10210 4042 7697 8039 9310
10211 569 587 1057 1110 1538 1539 1574 1668 1727 1867 3006 3191 4437 4560 5871
10212 1834 2131 2704 5778
10213 412 1229 1480 1577 4259 4917 5016 6957
10214 3604 4101 4906 7071
10215 2457 2546 5754 6310 7131 8456
10216 2524 2555 2583 3264 5779 6001 7697
10217 2285 4214 4669 5721
10218 2237 8415 9546 10249 10323
10219 7501 8187 8637 9493 9885
10221 1568 2960 7376 8795
10222 975 7056 8618 10229
10223 177 260 2658 3900 3982 4472 7628
10224 575 2247 4088 4820 6644 9175
10225 355 6981 6989 8795
10226 8888 9078 9416 9685
10228 1093 1222 6108 9704
10229 579 707 1331 1721
10230 232 5719 5823 7880
10231 85 540 542 584 800 895 1327 1910 1985 2704 2732 4973 5228 5319 5721 8125 8381 8384 9154 9861
10232 1727 2660 2680 5129
10233 1747 3545 6558 7987
10234 707 1329 1331 9275
10235 707 1329 1721 9569 9775
10236 1177 1593 5779 7224 7721
10237 362 1727 4622 8887
10238 1671 3927 4106 4432 4434
10239 1081 1191 2635 2661 3345 4350
10240 584 2691 5426 5721
10241 2229 4850 6627 7566 9067
10242 4244 5358 7354 8103 8424 8519
10244 351 2686 8207 8303
10245 417 462 2149 2590 6724 6914 6945 7619 9533 10050 10130
10246 381 4236 5245 5294 5916 7061 7557
10247 1340 1868 9674 10455
10248 520 586 1240 2205 2679 4557 4607 7742
10249 257 381 4198 7895
10251 362 563 573 579 583 586 707 1329 1331 1721 2215 2677 2960 3906 3986 5338 8231 9471
10252 1823 2212 5379 8106 9471 9832
10253 470 1568 1893 2127 2963 3288 3896 4736 5075 7194 7376 8282
10254 1340 1868 3986 5460
10255 1710 4280 6494 7491
10256 990 1061 2353 5048
10257 149 204 1891 3717 5191 7935 8465 8718 10045
10258 1489 2097 6108 8444 9240 9275 9277 9569 10605
10259 1932 3889 4198 5178
10260 514 522 1710 5423 7819 9487 9489 9723
10261 565 954 1666 5758
10262 2546 2875 8571 8808 9338 10498
10263 491 540 542 2366 3593 4500 5304 8579
10264 149 1749 1989 2305 7211 8103 9001 9979 10442
10265 18 96 3163 3615
10266 1223 1346 1813 1943 2961 3844 6961
10267 583 588 6108 8511
10269 210 1894 2377 2758 3615 5482 5681 6818
10270 3264 4327 4756 6514
10271 305 538 593 1152 1893 1930 2052 2760 3451 3683 4391 7576 8257 8303 8709 9028 9471 9931 10078
10272 3610 4638 7103 9219
10273 63 643 1083 5518
10275 355 7317 8727 9079 9138 9386 9460 9463 9745 9768 10190
10276 1605 2368 4701 9945
10277 3118 4556 4783 5372 6775
10278 305 1187 1893 9761
10279 2164 5317 5513 6848
10280 696 7491 8320 10424
10281 1708 1732 2555 8418 9134
10282 1246 4784 7437 9407
10283 583 588 4198 5104 9275 9277 9554 9674 10124 10150
10284 3668 5535 6483 10024
10285 652 926 1007 1346 3691 4893 6278 6323 7020 10138 10572
10286 649 711 6560 7481
10287 763 1346 2097 6569 8230 8437 9369 10199
10288 37 1446 6055 7402 10023
10289 1037 2272 4700 6427 7248 8626
10290 3842 4537 5478 6324 7663 7937 8236 8310
10291 1023 1148 1533 2564 2747 2837 3576 3609 4719 6558 6807 8524
10292 707 1329 1721 7376
10293 2350 3670 3942 8103 8106
10294 75 204 1542 1894 8106 8231
10295 70 77 750 4024 4261 5763 7041 8448 9499 9806
10296 3886 6361 8620 9163
10297 4405 6740 7133 7402 8675 9493
10299 707 1329 1331 4532
10300 584 1340 1704 1714 1868 3904 4371 10223 10489
10301 887 2366 3427 3987 5460 6612 6905
10302 520 1980 2497 4532 5079 5460
10303 706 1399 2060 3455 5401 8313
10304 28 5623 6582 9045
10305 1340 1346 1868 2630 2706 3615
10306 1726 2658 3683 6990 9089
10308 24 311 437 579 583 588 1201 1314 1343 1347 1666 2178 2746 3741 4014
10309 93 2058 2647 3265 3520 3728 5460 5837 6247 8436 8528
10310 96 1841 2784 6291
10311 107 917 1391 5460
10312 187 488 510 588 843 1464 1904 2079 2108 2115 2539 2560 2624 2814 2819 2920 2931 2932 3051 3204 3382 3454 3574 3750 4055 4466 4700 4719 4768 4848 6348 6734 6889 7542 8047 8686
10313 348 4980 7335 8902
10314 1329 1331 1721 9025
10315 554 1246 1868 1894 5460 6626 8038 9050 9735
10316 33 2576 2983 4341 6711 7942
10317 7308 7391 7721 7874
10318 541 2642 2933 2936 7054
10319 211 443 707 1329 1331 1721 1827 1868 8106
10320 1007 6094 7631 10143
10321 101 5315 8752 9116
10322 35 381 520 703 721 1213 1388 1469 2560 2638 2747 3730 3982 5248 5775 8106
10324 605 1209 1340 1347 1868 3003 4061 5721 8751 10239
10325 1177 1868 1959 4842 5439
10326 30 5571 6891 8448
10328 6 2047 2538 5721 6196
10329 1204 1489 4538 4705 5065 6336 7684 8006
10330 334 819 820 955 999 1035 1978 2216 3017 4750
10331 5171 7274 9223 9280
10332 195 460 633 713 1167 2590 2689 2815 3628 3921 4112 4565 4826 5054 5501 5876 6060 6560 6737 7336 7456 7799 8207 8813 9704 9806 9928 9946 10003 10267 10410
10333 2643 4351 6597 7385
10334 7740 8220 8934 10154
10335 2042 6804 7616 10379
10336 1979 2295 2320 2381
10337 725 2993 4042 5089 9415
10338 30 469 4349 8454
10339 204 381 1256 5871 5966 8524
10340 4510 6566 7682 7977 8183 9727
10341 3830 5779 5861 9885
10342 4700 5217 6577 7684 9242 9386 9717 10210
10343 195 874 2483 2972
10344 2704 5576 6076 7400 7739 7850 8134
10345 2440 2993 3247 7874 7902 8976
10346 993 2321 2366 3427
10347 3948 8353 8424 8703 8704
10350 586 706 1636 1832 5126 7659
10352 3000 4700 4719 6910
10353 5672 5874 6701 6764 7093
10354 93 187 211 351 381 408 691 843 1007 1330 1331 1710 1721 1894 5244 5851 5984 6048 7388
10355 1349 4072 5404 5457 6715 7376 9329
10356 488 6079 9025 10239
10357 1079 1340 3486 3991 5205 5733 5869
10358 3161 8103 9079 9946
10359 1383 1628 1930 5460 6269 6299 6789
10361 2000 2440 2591 2644 3077
10362 318 322 6226 9948
10364 25 390 1435 1569 2229 5080
10365 819 955 5456 6716 7726
10366 662 4214 4584 6247
10367 1249 2008 2579 9025
10368 381 7684 8422 8625
10369 1618 1893 2660 2680 3856 5957
10370 1497 1893 2314 4048 4063 8052
10371 583 1137 1152 3726 8231
10372 1329 1721 2775 4198
10373 253 1617 7854 7874
10374 641 707 1331 1340 1721 1868 2386 2936
10375 3136 7842 8350 10549
10376 1666 4108 8039 10389
10377 641 1340 1868 1980 4830 6641 6667
10378 359 782 2240 2293 2815 5252 9542 9751
10379 542 4483 8303 8817
10380 7546 9365 9511 9982
10381 2724 6001 6073 6873 7799 7822 7823 8593 9723
10382 649 1843 2114 4284 4629 5209 5300 5657 7224 7535 7627 7831 8448 8555 8620 8989 9540 9569 9669 10065 10115
10383 2046 8452 8677 10424
10384 1868 4549 7142 10066 10447
10385 347 2646 3911 8140
10386 1180 4700 7909 9991
10387 4768 5987 8718 8982 9581
10388 4584 5028 6496 8546 9990
10390 37 95 1940 4678 5478 8425 9025 9885
10392 1666 5478 9251 10379
10394 1331 1721 5273 7925
10395 225 837 2064 2162 2425 2565 2717 3026 3143 3430 3483 3485 3587 3588 3974 5234 5669 5996 6920 9991
10396 1568 2766 2784 3000 3109 3982 5947 6982
10397 318 319 5478 6324
10398 275 2320 2658 3976 5460
10399 590 711 5815 9680
10400 1446 1972 4472 5590
10402 149 204 2690 3135 3904
10403 4302 6483 7400 9219 9916
10405 504 505 993 1061 1617 1645 2400 2761 3467 3913 3915 4117 4171 4510 4637 5051 5118 6282 6926 7250 7475 9069 9387 9416 9457 9764 10076
10406 1175 5823 5851 6959 7014
10407 247 2122 3877 8580 10360
10408 707 1331 1721 8606
10409 2800 2811 4016 4391
10410 364 1451 1705 1727 2106 3150 8343
10411 569 641 1340 1394 2850 3904
10413 622 1346 2583 2706 4078 5785 6247 9874
10414 1329 1331 1721 4209
10415 2507 2509 4597 5378
10416 234 1139 1269 1340 1732 1868 5959 6046 6294 7514
10417 149 1144 1254 1340 1451 6194
10419 268 645 1178 1308 2327 5460
10420 1783 4892 5521 9802
10421 413 542 1175 2607 3646 3730 7057
10422 1490 3464 7073 7699 8279 8941
10423 6699 8502 8522 8810 9025 9501
10424 1246 5460 5627 6982 7467 8557 8601 9240
10425 240 1152 2689 8272
10426 764 2047 2295 3431 4095 6313
10428 1953 2178 2656 6991 7572
10429 96 210 4020 4687 4695
10430 707 1331 1721 2766
10432 2349 5256 5907 8532 9006 9386
10433 4979 5672 8195 8555
10435 824 1894 2856 5621
10438 1919 2065 2804 2811
10439 444 641 1314 3453 6247 7263
10441 173 2233 6719 7590 8460 9753
10442 211 442 1585 2240 9674
10443 143 2345 4856 6664
10444 38 1666 1830 3094 3223 4698 5379 6674 7165 7245
10445 425 4758 6874 8445 9903 10316
10446 18 211 214 2260 2555 5506 6985 7659 9272 10272
10447 1830 1894 3501 4020 6890
10448 2589 2590 2743 3987 6989 7423 7882
10449 4187 4289 5581 6068
10450 874 1443 2546 6356
10451 1666 1927 1983 2058 3759 5129 5807 6325
10452 1346 2541 5984 8665 9646
10454 579 7289 8362 9610
10455 131 894 922 957
10456 420 1423 3086 8078 9078 10051
10457 1150 1151 1285 1476 2567 6440 6904 7216 8499
10458 787 873 5300 5660
10459 583 701 4267 8231
10460 1340 1868 6070 8555
10461 588 662 707 1331 2766 4472 5604 5873 5874 7006
10462 1662 1846 5690 8518 8730 10192
10463 1280 2051 4747 8625
10464 523 1329 1331 9488
10465 1727 2094 2517 3553 3638 4700 4768 4831 5333 6754 6942 7294 7386 7659 7823 8511 8718 8886 9919
10466 1331 1721 6050 6196
10467 1285 1590 2073 4771 5871 6825 7997
10468 412 5851 7976 8813
10469 149 1177 1256 1568 3857 4838 7006 8409 9873
10470 5531 6207 6843 7040 9311
10471 1780 2113 5379 8207
10472 1574 2102 2472 5402 7172 8523
10473 707 1329 1331 1721 2815 4700
10474 8375 9481 10075 10420
10475 707 1329 1331 2265 3499 8106
10476 569 641 1340 8106
10477 707 1329 1721 3724
10478 2212 2358 6194 8649 8790 9060
10479 707 1329 1721 7627
10480 662 707 1329 1331 1888 3735 3864 4201 4214 7459 7659 7817 7819 7823 7993 8537 8742 9109 9240 10044
10481 430 4260 6701 9143
10482 2153 7237 7402 7721
10483 2358 2360 3189 6388 6436 7491 8350
10485 1327 2149 8128 8921
10486 1727 2602 3105 7708
10487 4020 7501 8637 9450
10488 2255 4012 5604 6003 9177 9471
10489 3344 4591 8555 8582
10491 1439 2178 4495 6401
10492 437 587 5597 6068
10493 1177 7409 8790 10004
10494 173 707 1329 1331 1721 6494
10495 2843 4925 5161 5648 6612 9883
10496 569 707 1331 1721 1868 6247 8106
10497 194 2043 2585 4695 5863
10499 7062 7846 8228 8770
10500 2621 2802 4391 4972
10501 707 1329 1331 1721
10502 3076 3718 4014 4472
10503 540 1329 1331 1721 2331 9392
10504 439 459 4204 7737 7817 8344 8636 8813 9326 9382
10505 1668 3824 4355 5455
10506 579 1394 5851 8042
10507 151 362 1340 7004 9680 10155
10508 839 1878 8228 8936
10509 2576 4020 10129 10451
10510 1727 2036 2205 6108 8841 10550
10511 366 2596 3135 4975
10512 1294 2565 2568 6909
10513 18 1329 1331 1721 2483 3135 4198 4684
10514 1512 1711 2004 5436
10515 579 4698 6361 7721 7987 9832
10516 5104 9581 10246 10452
10517 1893 5422 5460 8722 8815
10518 205 1899 7407 8288 8713
10519 709 2958 5053 5535 6876 10597
10520 583 706 1329 1331 1721 2845 8231 10462
10522 5379 7843 9189 9615
10523 504 4597 6686 6757 10101
10524 5811 7879 8128 9285
10525 3318 5332 6831 8615
10526 305 358 583 588 1150 1151 1186 2744 4415 6143
10527 4269 4883 5349 8795
10528 2371 2467 5048 6399 10079
10529 3202 6278 6488 8494
10530 2746 4537 5984 6986
10531 367 1150 1151 3906
10532 333 469 2511 2721
10533 833 3859 9726 9883
10534 706 1329 1894 2223 2621 2815 5043 6139 7873
10535 285 654 787 1108 1128 2963 5578 6324 7569 10440
10537 523 7423 7801 7937
10538 5333 7678 9142 9588 10502
10539 14 595 721 1528 1529 1894 1972 2811 5275 5341 7484 7878
10540 652 3913 6716 8077
10542 1459 1565 1936 3912 4120 5048 6928 7109 7558
10543 8219 8751 9948 10239
10544 710 4995 6046 7402 7940 9493
10545 305 554 571 1568
10547 755 2860 5636 5982
10548 1340 1569 1868 1932
10549 609 1184 3672 4015 4627 4838 4990 5054 6164 9906
10550 707 961 1331 1721 2238 7600 8093 10027
10551 77 496 1894 3120
10553 2814 5627 8555 9490
10554 1340 1868 2639 6373 9588
10555 5672 7148 8303 9025
10556 3704 6851 7484 9396
10557 2603 5424 5977 8106
10558 583 588 2250 8231
10559 1459 3968 7376 9776
10560 351 569 707 1329 1331 1721
10561 766 5489 5929 6719 6908 9200 9890 10381
10562 381 2528 6715 8506
10563 366 569 2391 2646 6394 7159 8337
10564 993 1066 6666 7385
10565 211 1450 2590 6331
10566 3385 7677 7817 8625 8948 9200
10567 2143 2188 2541 2590 7737 8618
10568 641 1666 2085 4544 5445 5915 5929
10569 5272 7365 8789 9681
10570 608 1674 2242 10482
10571 351 1700 1943 4214 4266 5663 6247
10572 583 2427 4171 5051 5366 6409 6902 7499
10573 873 885 887 2252 7682 9806
10574 1223 1813 1868 2689
10575 251 8040 9555 9909
10576 1340 1868 5460 8555
10577 149 204 583 588 2083
10578 4122 4126 4129 4694
10579 1552 3025 3033 4020 4883
10580 3565 4762 6928 7361
10581 2003 6070 9240 9836 9861 9892
10582 1989 4758 5721 6108
10583 9200 9386 10411 10591
10584 1269 3135 7294 7442 7444
10585 7475 8056 8927 9070
10586 1606 1932 2661 2802 4391 4475 5348 5535 7054 7561 8421
10587 5446 7341 8285 9380 9668 10611
10588 209 511 523 569 1894 2474 2603 4122 4422 5705 6070 6619 6623 8554 8704 9277 9355 9356 10059
10589 24 651 3344 6985 7054 8487
10590 781 784 824 3254 5967 6192 7491 9493
10592 2229 3872 6079 7137 7539 7910
10593 2621 3830 6597 7446
10594 269 583 5871 8231 9023
10595 213 652 1007 3120
10596 36 5786 7133 8448
10597 3889 5657 9005 9279
10598 208 2766 3989 6223 8663 8664
10600 2677 6603 8736 9712
10601 839 902 2650 3120 3653 10612
10602 583 1154 1340 1868 10000 10117
10603 261 381 7054 7335
10605 2875 3597 7180 8192
10606 2861 2892 3022 7055
10607 359 1742 5358 10427
10608 561 703 889 1103 1174 2144 2154 2804 2811 4550 5482 5540 5551 7055 7498 7839 7937 8574 9054
10609 1329 1331 1721 6492 7112 10349
10610 24 174 1652 5460 6137 6672
10611 583 1868 2098 2709 4700 7179 7525 8273 9487 9488
10612 4395 4397 5166 7985
10613 1954 1958 6701 8718
10614 6497 6546 6619 7145
10616 443 1186 1187 7079
10617 4700 7558 7647 10239
10618 1823 2531 5586 7758 8162 8511
10619 24 1773 6028 7692 9677 9680 9858
10620 586 590 591 1241 1280 2815 3440 4817 5977 6347 6544 7482 7612 8285 8773 9326 9386 10619
10621 1294 3519 3792 4417
10622 2784 3861 3954 5655 7876 8938 9240 9380
10623 936 2194 4690 5445
10624 376 5874 7569 9377
10625 569 1340 1868 6715
10627 946 957 2389 2391 9346 10404
10628 276 3423 4900 5296 5943 7447 7448 10111
10629 1219 1446 6378 7602 9188 9685 9987 10076
10630 376 922 995 1725 2534 2555
10631 354 5604 10290 10365
10632 519 520 7003 8004
10633 2567 5642 7638 7971 8048 10144 10199 10482
10634 2620 3792 5054 9952
10635 1256 1394 2704 3463 4846 5657 8288 8543 8795 9059 9517 9864 10239
10638 583 588 1375 1479 3851 4213 5576 7422 8259
10639 2547 4906 5819 7236
10640 707 1329 1331 4474 4600 6661
10641 1953 4891 8350 9967
10642 687 1329 1331 1487 1711 1721 2237 3609 3864 4683 5721 6121 6367 8177 8546
10643 706 1308 4198 7407
10645 6985 8444 9481 10424
10647 3899 4812 7527 8367 10392
10648 4623 5509 7005 7143
10650 1330 1710 8444 10335
10651 858 4575 7543 10490
10652 3473 3646 4207 4860 8563 8731
10653 965 2867 5332 5489 5721 6294 8670
10654 1850 5460 5721 7937
10655 707 1329 2555 8105
10656 164 1858 2719 4301 5536 7027
10657 35 362 1223 2580 2635 2815 3346 3519 5540 6540 6831 8337 8380
10658 362 1294 1329 1331 1721 4172 5256
10659 5874 6299 6593 6891
10660 1340 1868 3144 8783
10661 1727 2555 9723 10497
10662 650 2411 3243 4560 4840 7727
10663 1138 2808 5536 7402 7988 9346 10424
10664 1269 2627 5462 8795
10665 1331 1468 1577 1721 1747 8106
10666 472 707 825 1329 1331 1452 1712 1868 2567 3930 4556 4830 5632 6605 6807 7108 7561 7777 8342 9052 10377
10667 351 583 595 2207 3352 4504 4563 6596 7651 8103 8720
10668 1932 4198 5874 9082
10669 412 4203 6701 8704 9386
10670 247 2509 4350 8498
10671 4 889 2457 3747 5925
10672 5424 6071 6079 10491
10673 641 1177 5013 7489
10674 9 24 1329 1721 1727 2524 7103 9791
10675 1000 1034 1772 2298 2631 4452 5177
10677 569 2497 7296 8162 8555
10678 2627 4349 5305 9806
10679 824 2126 3344 4021 5875 9145
10680 1281 4214 5460 9386
10681 4014 6144 9277 9873
10682 3000 6046 9315 9346
10683 4215 8273 9526 10253 10355
10684 583 4744 4990 8273
10685 14 646 2524 5928
10686 638 1498 1534 1893 1928 2886 3632 4446 8751
10687 583 588 6429 7300 8159 8231
10688 953 5689 6961 7168 7687 7830
10689 8219 9125 9203 9416
10690 149 569 641 2689 3653 5984
10691 4275 4746 5543 6716
10693 2096 2300 6582 8162 9025 9785
10694 707 1329 1721 2344 4883 5460 6638 7668
10695 5375 7411 9335 10138
10696 298 362 5721 7823 9025 9776 10550
10697 511 641 1256 1932 2238 4597 5563
10698 127 707 1081 1329 8523 10063
10699 3707 6136 6762 6831 7423
10700 3803 5672 6699 6958
10701 2265 4096 4362 4931 5746 9715
10702 211 632 1200 2279 8338
10703 1240 1446 1904 4432
10704 5721 6108 8106 10137
10705 1727 6120 7407 7964
10707 210 583 588 8231 9869 10041
10708 2509 9481 10125 10469
10709 1340 1568 3276 3277 5460
10710 1140 1972 2555 4700 4719 5180 5929 6446 6698 6775 8375
10711 1446 3000 3714 5719 8486
10712 8310 9676 10004 10025
10713 18 813 1016 2391 2815 3859 4104 5260 5885 7985 9225
10714 554 1568 7934 10483
10715 2958 9450 9885 10565
10716 711 1303 6597 6687 6958
10717 874 1293 2384 6037
10718 616 767 877 1834 8188
10722 4165 4452 5871 5984 6831
10723 569 1330 1710 2364 2539 2748 3747 4641 5016 5754 8127 8162
10724 1407 5634 7208 8146 9410
10725 2108 2931 3007 9183
10726 1432 2043 2766 7891
10727 276 2427 2431 9021 9685
10728 6 596 691 1345 1446 1955 2852 5475 6840 6936
10729 1646 5287 5779 6633 9658
10730 2949 5697 5984 6232 8088 9063
10731 588 2567 2689 8231
10733 37 1133 1732 4528 5289 5290 5319 5837 5929 5967 6069 6262 6831 6968 7054 7354 8516 8628 8652 8987 9160 10146
10734 276 2425 5365 7876 8484
10735 34 1007 3000 4020 7354 7464 8448 9115 9443 10014 10047
10736 361 1152 1257 1346 2266 6499 6905
10737 1419 1955 3568 4022
10738 78 706 1239 1249 1256 3000
10739 381 1055 2843 6210 9386 9916
10740 900 1705 8106 9024
10741 859 6664 8400 8750
10743 607 5153 7685 8278 8469 8707
10744 662 1457 6816 6879
10745 1317 5882 6466 10047
10746 164 211 707 1178 1329 1331 1868 5721 6363 7929 9362
10747 569 706 1340 1868
10749 707 1331 1671 1689 1721 3718
10751 632 1491 1928 2143 2802 7084 7099 10237
10754 2849 3672 4695 6514
10755 4582 8481 8729 10117
10756 1253 4622 5184 5185
10757 151 958 4570 4620
10758 621 1152 4221 6657
10759 707 1007 1329 1330 1331 1569 1710 2790 6076 6592 8116 8665 9240
10760 1666 5837 7047 7311
10761 641 1894 3965 5533 9106 9492
10762 6397 8798 8810 9174 10120 10526
10763 964 969 2773 3632
10764 1666 2544 3588 4044 5596 8106 10225
10765 1329 1331 1721 5081 9492
10766 662 1583 4259 9233
10767 1928 2457 3788 8128 8748 10047
10768 564 647 1030 1031
10770 867 868 1421 7569
10771 1149 3502 3973 8278
10772 25 1655 5863 8103
10773 2912 4690 5336 7974
10774 132 262 1463 1893 2763 2829 4652 4860 5310 7073 7845 7941 8203
10775 24 613 1332 1644 2046 8303
10776 274 8057 9108 9490
10777 160 318 6494 9650
10778 546 3248 7402 8358
10779 588 2014 5977 8988 9493
10780 149 204 1066 4718 5460
10781 1410 1943 3892 5743
10782 4705 4988 7659 10615
10783 1446 4331 7009 8905 8927
10784 204 354 1149 2008 2205 4532 8731 9878 10145
10785 1239 4438 5706 6081 6158 8325
10787 197 713 3457 3808 5043 5716
10788 707 1329 1721 2114 9268
10789 34 2856 3000 4868 5092 5634 7237 8424 8449 8692
10790 569 662 4316 7964 9023 9155
10791 1550 2576 5414 7721 9036 10462
10792 1722 2941 3529 3531 3767 3946 7570 9203 9276
10794 1833 4510 6189 10237
10795 795 3955 6253 6363
10796 554 1894 1909 3151 4875 5721 8278 8341
10797 1443 2993 4432 4906 4943
10798 672 3645 8407 10556
10799 1868 4698 9386 9542
10800 4420 6906 6954 8573
10802 167 6546 7262 8961
10803 385 609 1199 1340 1868
10804 1239 1517 2189 2457 3843 3925 5721 6384 7402 8103 9240
10805 506 507 1734 1894 2698 2971
10807 1330 1710 8718 10134
10808 1478 1494 1497 2590 3811 6876
10810 850 5947 8131 8503
10811 24 1568 10027 10435
10812 707 1331 1721 5361
10813 5874 6162 8424 8720
10814 2843 4214 4584 4719
10815 149 204 381 554 641 1280 1893 7743
10816 2167 2170 2172 2358
10817 101 1633 4399 5172 6985
10818 3413 3988 7640 10577
10819 811 1043 4327 7402 8368
10820 412 514 522 523 632 636 638 707 1169 1329 1331 1340 1394 1459 1493 1769 1771 2364 2442 2568 2695 5310 5437 5535 5721 6251 6344
10821 346 3202 5535 5945 7510 7878 8104 8231 9286 9775
10822 2042 2287 6913 8106
10823 43 3987 4532 4554 5246 6816 7301 7695 10062
10824 4174 4875 4876 7838
10825 1666 6608 8413 9255
10826 75 2576 2859 3000 4214
10827 4020 7096 7402 9813
10828 1501 2853 6042 7264
10829 1969 2445 6410 6577 8763 9124
10830 2488 3986 4535 8978
10831 36 662 1831 2121 2937 5300 6220 7089 7103 7274 8139 8631 9312 9493 9674 9825 9972 10124 10233 10281 10400
10832 4700 5728 6079 9485
10833 662 3519 3792 5194
10834 3601 6689 6804 6806 8649 8665
10835 6777 7306 9458 10291
10836 5219 5960 7739 7922 8327 9293
10837 1177 1202 4504 8106
10839 520 623 678 2850 3747
10840 381 579 1180 2043 2359 5942 6715 6969 7129 8918
10841 2043 3707 4097 5807 6979 7188
10842 18 1846 2875 4350
10843 24 520 1469 6958 9596 10083
10844 583 588 4198 8231
10845 606 2755 3333 6496 8287 8862 9054
10846 1893 2691 5557 8103
10849 5 1340 5910 6979
10850 768 769 770 6914 7160 7237
10851 583 588 3346 3726 7518 7685 8231 8420
10852 420 4959 5051 6739
10854 584 1727 4246 5721 9212 9521
10855 2009 7006 8829 10188
10856 583 588 721 8231
10857 8231 8448 10050 10234
10858 1479 2091 2845 3297 8121
10860 707 1246 1329 1331 1721
10861 484 583 588 1728 2825 2868 3707 4698 5984 7874 8231 8676 8797 8976 9110 9843
10863 707 1329 1331 1721 8844
10864 4581 6069 6628 6837 7881 8650 8702 9240 9902 10491
10865 620 2546 4892 4971
10866 1866 2046 2546 6286
10867 707 1721 6756 7389 8975 10210 10300 10452
10868 782 1534 2047 2732 7417 10226
10869 2120 2541 2881 4700 9448 10232
10870 173 408 425 1108 4000 4280 4691 5672 5776 6409 8179 9661
10871 583 588 595 2861 3841 3853 9346 10579
10872 588 2941 7874 8786
10873 366 583 588 7131
10874 3280 5128 8696 8978
10875 348 3211 4452 5764
10876 1606 2784 8106 9986
10877 37 5657 6633 9467 9855 10239
10878 384 1177 1621 2958 4565 6884
10879 187 1340 2689 4068 5874 7006
10880 211 583 588 1512 1523 2047 4205 5965 7887 8231 8606 9493
10881 1830 7402 9885 10483
10882 8759 8866 9154 10370
10883 1185 2471 4783 7446
10884 1340 1868 5642 5994 6627
10886 586 588 3903 8231
10887 641 1394 2364 8103
10888 359 3346 6982 7263 8173
10889 707 1331 1721 1893 7631 8976
10890 583 588 1178 1773 5185 5724 6981 7501 7715 8979 9025 9661 9782
10891 2617 3792 7009 10368
10892 1683 2960 3123 3218 8039
10893 3581 6087 6650 10043
10894 707 1329 1721 4183
10895 1330 1710 2240 2499
10896 5678 5837 7035 8678
10897 437 1340 1868 2683 8714
10898 2348 2457 4198 5460 5947 9380 10005
10899 518 1007 1727 5053 7663 7934 9296
10901 1451 2067 4198 4491 4733 8066
10903 490 983 3000 3565
10904 2627 7090 8608 9795
10905 569 1394 3672 8303 9218 9452 9943
10906 1683 5276 5601 7086
10907 1307 2768 6333 7022 7491
10908 579 662 2624 5944 5984 6638 6640 7242 7792 9280
10909 2411 2603 3269 4768
10910 211 1291 1926 2112 5777 8106
10911 707 1329 1331 1721 4860 5316 6526 7218 7779 9417 10199 10354
10914 1429 3164 4686 10512
10915 583 588 1385 7964
10916 4565 4990 5035 5411
10917 37 1246 3000 3973 5569 6063 10533
10918 569 1213 4830 8676 8947 9151
10919 478 5874 7100 8859 9380
10920 241 1371 8795 9356
10921 103 359 707 1173 1340 1394 1568 4422 4757 6216 6276 7029 7054
10922 583 588 8369 8717
10923 380 787 869 990 999 1034 2534 2556 2631 3120 4128 5902 7569
10924 1340 1868 2472 2746 4035 7252 7461 7898 9276 9409 10117
10925 354 721 1329 1331 4198
10926 29 253 8195 8362
10927 707 1329 1331 1721
10928 1177 1796 4072 7491 8080 10409
10929 24 662 1213 1932
10930 24 579 2819 5724 6527 6545
10931 1329 1331 1721 9386
10932 1642 4012 5356 9231 9782 10137
10933 127 420 3308 8575 9733
10934 1967 3886 4157 4559
10935 2162 2695 5460 7608
10936 4 131 894 1134 2849 2877 3512 4534 5298
10937 2042 4974 7137 8444
10938 1914 2237 2740 4616 4830
10939 1066 2484 4504 4931 5230 8039
10941 569 1453 1459 3811 7276
10942 1329 1331 1721 3259
10943 1268 2800 3347 8557
10944 179 187 488 520 737 845 849 1281 2150 2561 2829 2843 3245 3607 4214 4547 4700 4768 5793 5812 5929 6333 6536 6577 6717 6905 7330 7373 7512 7966 7967 8162 8338 8954 8987 9337 9510 10392
10945 662 1340 1868 2613
10946 1642 1845 3782 6191 9346
10947 299 354 1319 2095
10948 609 1328 1813 2804 7397
10949 5874 7356 7677 8967 9335 9782
10951 1652 5312 7819 8589
10952 255 8446 9914 10584
10953 455 1319 4830 9327
10954 298 4700 6087 8208
10956 24 1282 2125 2541 2766 6492 6673 8303
10957 1056 1327 3143 4875 5249 5721 5875 6762 6948 7314 7316 9034
10958 4217 4418 7416 9448
10959 2902 4733 5632 10079
10960 2121 6976 7013 9565 9673
10961 1773 2293 5300 7975
10962 408 7714 8873 9204
10963 1913 2887 3938 4801 6051 6543 6775 8631 8718
10964 3687 9240 9984 10396
10965 252 1773 9546 10175
10966 1711 2395 3911 5747 6652 6905 7006 8717 9279 10100
10967 1117 1340 1868 3847 3942 4373
10968 2121 2845 3609 4719 6116 8136 9200 9745 10495
10970 1294 1329 1331 1346 1721 1904 1932 2283 2303 3691 3927 4173 4435
10971 485 569 1177 4931 5460 9491
10972 3051 4700 6333 9318
10973 211 1446 3000 4665 5460 7096 7402 9493
10974 381 833 1705 2936 3028 3771 4214 7139 9210 9836 10482
10975 1239 1255 2211 2983 7686 8485 9360
10976 601 4243 5190 8012
10977 210 4232 4331 4351 6809 7597 9871
10978 86 261 2587 2866 3524 3609 4031 4441 4598 4875 7774 8120 9996
10980 355 1285 5556 5672
10982 1222 4422 5173 6540 7700 9285
10983 4886 5762 6085 8112 8525
10984 19 1666 7328 7491
10985 362 707 1329 1721 7143
10986 538 650 1773 2193 4209 6076 7056 8207 9588 10528
10987 1239 2046 2607 3079 3249 5721 5780 7684 7720 9025 9346 9415 9632 9885 10069 10178 10411 10596
10988 776 4214 5302 6544 7316 8184 9235 9916
10989 115 228 583 588 1445 3730 4869 8231 8720 8795 9346 9849 10215
10990 819 992 4187 5435 7607
10991 882 6380 7674 7682
10992 4537 4990 6394 9356
10993 1134 1213 4098 5063 5788 10482
10994 1666 1940 2043 3501
10995 1174 6062 7815 8800 8806 9148
10996 4780 6701 8303 9972
10998 2989 7160 7434 8282
10999 569 1568 4198 8390
11000 2512 5492 5982 9885 10239
11001 149 204 6605 7263 9121 9372
11002 4550 7041 9346 9938
11003 6525 6545 7932 8367
11004 579 6003 6984 10290
11005 542 1725 7159 8555
11006 27 195 5151 5400 6674 9246 9490 9920
11007 2555 2801 3450 5294 9500
11008 2042 2317 6991 8106 8296
11009 766 1159 1281 6781
11010 4836 5807 8229 8754
11011 583 588 2195 6238 7423 9542
11014 4644 5721 8037 8039 8873 9240
11015 1349 2563 7109 7550 7833
11016 707 1329 1340 1721 1868 1932 2265
11017 4078 5929 5966 6076 6738
11018 204 1617 2122 5874
11019 1849 2936 5721 6634
11021 1281 5638 6831 9050
11022 2567 4768 5478 8481
11023 1348 5001 7664 10032
11024 7833 7932 8471 9350 10032 10402 10414 10585
11025 417 459 1481 1497 1498 2036 2590 4780 4821 4928
11026 173 348 520 2766
11027 78 240 715 782 2828 4807 5664 10533
11028 156 159 579 8494
11029 591 3717 5984 8822 9654
11030 1019 1340 1502 1776 1868 6148 7480
11031 474 3844 5246 6804
11032 529 718 1092 2035 5839 5873 6194 8362 8717
11033 707 1329 1331 1340 1394 1721 1868 4588 4589 8103
11034 351 583 1178 5460 9296
11035 579 662 3277 3816
11036 2693 4077 7569 9036
11037 571 2123 4198 4399 5777
11038 183 1281 1910 2483 5531
11039 4397 4700 5550 6497 6574 7672 8106 8795
11040 511 5460 5947 7376
11041 2732 3279 8985 9195
11043 204 583 588 2283
11044 667 5823 8704 9268
11045 1732 2151 7027 7776
11046 420 1568 2505 3458 3893 4860 4980 5943 6215 7954
11047 1371 1373 2011 3252
11049 381 1340 1868 6982 6985
11050 2089 2728 2974 4355
11051 149 204 4796 5460
11052 24 150 204 351 352 485 588 1633 5150 5419 5460 5871 6674
11053 1331 1721 8252 8253
11054 1067 2766 5478 5570 6253
11055 1830 8494 8810 9471
11056 4646 4922 6328 6696 9847 9989
11057 564 767 954 955 1316 1596 1883 5051 6000 8571
11058 1490 5605 5889 8040 9365 10160
11059 2633 2850 6449 8259 8704 9076 9119 10544
11060 42 1246 1342 3000 6564
11061 253 2811 4139 5377
11062 1727 3020 6743 8415
11063 381 500 5547 10453
11064 707 1329 1331 4772 8369
11065 583 588 2190 8231
11066 24 49 351 579 1177 1361 1892 4869 4903 7055 9903
11067 359 5874 7912 8507 8853 9167
11068 1714 3838 3839 8832
11069 210 1609 1662 2621
11070 427 5626 8873 9259
11071 707 1331 1721 1891 7668
11072 5747 7580 8444 9400
11073 545 2091 4922 10098
11074 149 1269 2140 2837 3462 3944
11075 1310 1642 2489 4236 4639 4767 6055 7498 7952 8456 8935
11076 587 1862 8159 9177
11077 348 3101 3707 5460 6985 7628
11078 511 1862 1867 2603 8116 9498
11079 488 707 1329 1331 1721 2560 5806 6532
11080 579 2886 7818 10239
11081 1122 2171 2324 5746
11082 3994 5874 6104 6341 6393 6583 7006 7851 9054 9331
11083 1330 1710 2964 3457
11084 1552 2483 5367 8795 9274 9636
11085 1254 1727 2123 2683
11086 1568 1586 2058 2190 3000 6379 6941 9025
11088 579 6643 6758 6781
11090 5399 6069 6076 6727
11091 586 1314 2074 2324 2736 3590
11093 1173 2860 8795 9355
11094 5754 6666 6701 7751 8573 9113
11095 318 917 3445 9073
11096 31 6644 8448 8454 8677 9493
11097 1177 9315 9386 10469
11098 5302 6090 7817 9782 10452
11099 302 4830 5460 8902
11103 3050 4214 6522 6822 9723
11104 4404 4930 8000 8375
11105 6741 6850 7237 8162
11106 1676 4013 4700 7817
11107 755 2868 3022 6219
11108 1330 2960 3664 5304 5389 6637 7073 8679 8981 9759 10199
11109 321 324 735 6167 9177
11110 6839 7054 7278 8413
11111 2347 3282 10120 10489
11112 4014 6593 6822 7491 9889
11113 1742 2193 3986 5316 7737 7745
11114 2607 2837 3202 3904 9529 9856
11115 1710 5797 6051 9250
11116 114 3712 4020 4556
11117 5316 7131 8638 9025 9471
11118 559 5158 5300 5837
11119 203 7619 8127 10417
11120 3080 4376 4401 4504 4561 4872 7241 8519
11121 9160 9264 9362 9485
11122 145 782 4453 4537 5436 6252 6982 7054 7771 8278
11123 149 569 1178 1569 2087 2179 3034 5013 5498 5655 5756 5760 5823 6754 8106 8481
11124 1329 1331 1721 8031
11125 211 381 426 583 1222 1346 1636 2532 2674 2675 2696 2854 3717 4915 5129 5941 6583 6982 7740 8390 8511 8970 9025 10199 10253 10411
11126 540 662 1173 1246 2237 2555 4350 4736 4960 5657 6090 6713 6851 7823 8702 9380 9485 10007 10411
11127 372 380 401 800 923 5111 6880
11128 273 274 1615 2714 5969
11129 6920 7361 8115 9360 9541 10127
11130 37 362 707 1721 2283 2555 2884 4622 4899 5379 5755 6247 8424
11131 784 1642 2798 3333 5076
11132 5180 7166 7616 10147
11133 362 646 707 1329 1721 2319
11134 2856 7169 9338 10118
11135 862 3122 4676 4786 9544
11136 3277 4830 7470 8618
11137 1985 2001 3707 7333 7335
11138 4360 6663 6998 6999
11141 381 4422 5823 5874
11142 8092 8302 8620 10422
11143 2726 3705 3811 7195 8859
11144 747 1425 3967 6322 8001 9540
11145 1177 2555 5536 6712 10536
11146 654 1006 1007 3912 3914
11147 1394 5604 6377 7022 8105 8246
11149 1340 6389 6701 7934
11150 583 588 2179 8106
11151 247 2019 3707 8194
11152 569 6546 9505 10410
11153 210 7275 7402 7721
11154 1169 2820 4861 4967
11155 588 6620 8231 9832
11156 386 1165 4840 5466
11157 707 1329 1331 1721 6905 6936 9096 10420
11158 3576 4906 9569 10403
11159 125 4906 7048 10542
11160 3217 4184 5315 6274 7160
11161 2293 2295 3925 4491 4562 5765 6394 7076 7233 8754 9240
11162 2602 3105 9155 9331
11163 351 3854 6379 7271
11164 2964 4700 5716 5812 6090 7819 7909 9710
11165 642 1566 2276 4391 5558 5984 7417 10265
11166 778 1169 4700 6336
11167 381 443 448 9588
11168 1340 1868 4700 6348
11169 369 371 380 498 568 654 659 780 986 1948 2061 2310 2534 2631 4347 4380 4646 4762 5406 5456 5939 6265
11170 2646 5672 5851 9589
11172 1606 4214 4615 8499 8873 10015
11174 381 681 962 967 2494 2912 4537 5140 5611 5696 6249 8953 9212
11175 584 3928 7164 9374
11176 389 707 1186 1187 1721 3645 4339 4700 5153 5823 6333 7909 7925 8819 9318
11177 3501 3758 4994 6274 7501
11178 469 1884 2286 3704 4016 5341
11179 1262 5346 6831 6881
11180 1731 2483 3000 10544
11181 591 707 1329 1331 1721
11182 662 1213 7860 8718 10617
11183 1251 1472 2364 2873 6925 8226 9890 10615
11184 96 1821 2983 4628
11185 2653 6264 6991 7582 9885
11186 792 1111 2391 2878 5147 5566 6307 7569
11188 5478 6277 8347 10482
11189 588 3707 3986 4565
11190 569 579 1472 6427 9023 9254
11191 591 7484 9340 9589
11192 1348 1520 2469 2868 3673 4196 5657 5930 7266
11195 273 274 1285 6403
11196 2236 2841 4705 7160 7386
11197 1523 1868 5460 8105
11198 165 4748 5580 7716 8009 9903 10255
11199 670 1334 1340 1565 2277 5999 6808 8602 9189 9346 9529
11200 1329 1331 1721 6429 7492 8369
11201 483 1705 2345 2364 4377 4726 5419 6174
11202 52 3090 5328 6836
11203 1423 5982 8731 9685
11204 1497 6755 6881 8536
11205 511 554 6113 6822 7876 8103
11207 6994 8448 9416 10478
11208 641 2123 3996 4435 8749 8776
11209 4431 5024 5913 6076 7195 8050
11210 240 357 1932 2403 2825 4742 5478 8106 9442
11211 2576 5460 5907 7823
11212 381 545 561 579 1330 1466 1475 1710 2048 2193 2752 3887 3998 4060 4172 4652 5460 5755 5790 6557 6686 6794 7668 7823 7942 9016 9049 9198 10417
11213 205 1568 2853 8313
11214 670 938 2391 2704 4136 5114 6880 8007 8323 9325 9542
11215 1888 3876 6079 6712
11216 3830 6775 7402 9493
11217 63 2114 2553 3090 3522 6700
11219 590 4215 8307 9965
11222 996 1883 2391 2958 3912 3915
11223 607 646 951 1650 1894 2051 3094
11224 5881 6108 6253 6323 7832 8660 8664 10468
11226 29 2525 3064 3830
11227 361 2700 4678 8936
11228 1329 1721 3972 5774 7983 8765
11229 168 2377 4356 4940 5747
11230 36 1560 4554 8103 10400
11231 348 361 1932 5460 6615
11232 207 362 1152 1569 7076 7435 9409 9968
11233 6044 6103 8857 8882
11234 1065 1564 5719 6253 7329 7832
11235 4869 5779 7054 8303
11237 351 588 5080 8231
11238 291 707 1329 1331 6139 9975
11239 1285 1329 1331 1721 1941 6115 7576 8103 8413 9240 9588 9849
11240 5348 6664 6697 9520
11241 583 588 6427 9832
11242 5052 6808 9207 10185
11244 579 1189 1268 1340 1868 2850 3442 4899 6724 7004 8342 8448 8555 9025
11245 1803 3857 4279 9480 9760 10040
11246 361 501 805 901 1456 2114 2124 2417 2590 2930 3204 6313 7627 8773 9372
11247 1561 2732 3074 3558 4847 5244 5657 5944 5945 7891 8746 9861
11248 149 204 679 1096 8106
11249 313 2264 5643 8509
11250 1249 1298 3417 4557
11251 23 25 1928 2555 3135 9946
11252 1666 1868 2661 3904 4316 4452 8413
11253 408 1246 1727 4186 9885
11254 1096 1383 7097 10141 10302
11255 1941 4846 6147 7749
11256 1177 1708 2555 5300 5859 6097 7028
11257 1424 5313 6740 8401 8878 9408
11258 1568 2910 2936 3645 6715 6866
11260 662 2265 2548 4768 9287
11261 2318 2590 4584 10049 10452 10534
11262 1155 2059 2124 5678 6279 6695 8941 9616
11263 182 190 354 1894 6015 6905
11264 583 1507 4161 4875 6435 8231
11265 6559 6587 6588 8775
11267 2596 8039 8413 8415
11269 1340 1868 4830 7883 7916 8392
11270 149 204 569 4072 6664 8248 9415 10032 10291
11271 134 654 787 1661
11272 579 586 591 1149 1568 5460 7964
11273 2689 3519 3792 7709
11274 1281 4700 6873 7823 9952 10595
11275 18 718 2534 5742 7596 8740
11276 1268 3280 6741 8084 8177 9418
11277 662 2189 5911 7685
11278 241 569 707 1329 1721 2593 5029
11279 2457 5553 8062 8251
11280 1177 7740 9221 9903
11281 747 4278 6466 7354
11284 784 785 2621 2793
11285 2427 4104 4716 4972 7250 7281 7447
11286 700 2755 4513 8103
11287 5478 6998 7638 8909
11288 2891 5866 9250 9921
11289 692 706 1639 1998 2019 3986
11290 380 893 1068 3666 4381 5934 9263
11291 588 6281 6374 8231
11292 1502 2177 2658 4212 5556 7691
11293 2414 5623 7561 10239
11294 641 1935 4768 4830 5079 7338 9025 9360 9429 9893
11295 378 379 401 2162 6027 8469
11296 851 1726 2306 8882
11298 538 579 1375 2758 5001 8278
11299 3258 3639 3727 3755
11300 77 1447 3268 3385 3886 7028 7203 8751
11301 163 318 1995 2178 3286
11302 609 3839 4639 4936 5683 5943 8112
11303 20 354 359 7016
11304 361 569 3645 4275 4556 5873 7089 8065
11305 366 1096 5100 8219 9885
11306 1727 1868 2661 8935
11307 1404 2457 7697 8795 9251
11308 2143 2563 5073 8128 10422
11309 718 1788 1789 2654 3645 4218 5080 6796 7807 8117 8634
11310 760 1361 4580 4809 5302
11311 376 2556 6588 6744
11312 378 379 1564 2430 3423 7250
11313 2155 2640 3957 9491
11314 273 274 569 4198
11315 1040 1866 2605 5038
11316 3105 4834 5984 6775
11317 1200 1576 2287 3355 3806 4045 5194
11319 363 569 1892 2194 8762 8967
11320 1868 2369 5464 6417 7932
11321 4364 5478 8116 10482
11322 671 922 1614 4289
11323 414 4079 6247 8214
11324 164 6430 6464 8196 10266
11326 843 2194 2681 6284
11327 9876 9885 10041 10400
11329 520 1349 10478 10578
11332 670 7569 7987 8449
11333 149 1570 2364 2646 5079 8448
11334 381 583 588 9590
11336 1007 1246 8939 9885
11337 34 262 1271 3076 3628 6039 6482 6565 6593 6605 6816 7137 7201 7551 7731 7736 7758 8101 9931
11338 2014 2015 4820 4994 8987 10076
11339 2983 3782 4239 7597
11340 6532 9054 9745 10098
11341 247 5333 5724 5920 8074 8271 8791 9207 9981
11342 3237 5779 7402 10483
11343 4339 5340 6373 7823
11344 1305 1576 5648 6640 9975
11345 4404 5396 7438 10033
11346 2758 6482 6560 6699
11347 1256 1673 6194 6982 7876 8106
11349 411 4317 9289 10147
11350 178 235 1504 2561 3051
11351 1890 4523 5146 8497
11352 1711 5460 7664 9214
11353 632 1329 1331 1444 2457 2705 5330 6715 7190 8976 9166 9345 10062
11354 2077 3000 4349 6137
11355 1186 5929 7620 9861
11356 4245 5984 7080 8613
11357 520 707 1329 1331 3645 5947
11358 1329 1331 1446 1721 2640 8300
11360 1150 1151 2033 8696
11361 571 1223 2689 7291
11362 4764 5332 8786 10217
11363 583 588 593 2886 4205 6076 6701
11364 3874 5478 6465 6545
11365 707 1329 1568 1721
11366 1866 4123 4129 7305 7609 9089 9182
11367 1757 2509 2661 4122 4783 7169 7447 8456
11368 36 5320 5379 6674 6802 8498
11369 29 1493 4088 5466 6429 8413 9555
11370 216 827 1978 2061
11372 1314 5141 5874 6004 6108 8067
11373 597 2178 2201 3906 8795 9270 9492
11374 4554 5811 8444 9102
11375 905 2533 5493 6439
11376 4533 4584 4719 5657 5929 6905 7706 8363 9493 10120
11377 204 2357 8656 9829 10137
11378 352 353 1066 8795
11379 569 1722 3016 8625
11381 1246 1446 6485 9075 10400
11382 1081 5871 5874 6743
11384 2811 3607 3906 6994 7046 7184
11385 149 204 3271 8402
11386 164 707 753 1107 1329 1331 1443 1637 1650 1665 1721 1955 2469 2859 3483 3941 4010 5140 5257 5499 5702 5837 7940 8007 8324 8563 10364
11388 583 2766 5459 8231
11389 412 1569 5129 6156
11390 4275 7542 7673 7807
11392 7987 8424 8751 10143
11393 1770 6523 6586 6587 6985 7766
11394 351 1092 2886 5535 7246 8964
11395 2575 2621 3830 4684
11396 1322 6405 7925 10416
11397 36 1666 1773 3149 3254 5766 8704 10400
11399 953 1478 2590 4821 4825 5460
11400 211 583 588 3519 3792 5604
11401 5478 5721 6324 8672
11402 3318 6266 9485 9627
11403 186 7206 7714 9951
11404 6019 6403 8106 8704
11405 31 9226 10017 10147
11406 850 2321 2366 3427
11407 43 747 1445 1446 1448 2561 3538 4726 4768 6048 6253
11408 3874 8296 10006 10261
11409 318 3935 8594 9974
11410 5292 6846 8509 10060
11411 1033 1883 2313 2329 4283
11413 511 548 2264 8649
11414 4027 4439 5319 6742
11415 362 3864 5006 6715
11416 5601 5966 8375 9832
11417 4452 5672 5947 6377
11418 24 211 569 1229 1251 1329 1331 1721 2647 4475 4860 4897 5109 5131 6113 6383 6571 8103 8207 8704 9275 9450 9875 9877
11419 2982 4665 6097 8128 10260
11420 3940 6583 6774 7058 8024 8208
11421 132 1219 8283 8442
11422 583 1980 2129 3135 3853
11423 1708 3851 7874 8044 9679
11424 1574 1726 4891 5460
11425 410 880 985 1134 2509 7603 7621
11426 569 583 2105 8390
11428 4850 8990 9900 10447
11429 381 5586 9045 9503
11430 8137 9296 10139 10156
11431 444 707 1329 1721
11432 1329 1331 7665 10187
11433 1560 5873 8325 8481
11434 5300 5460 5984 7416
11435 144 5190 8472 8838
11436 569 3136 5788 6495 7935 8690 8978 9699
11437 420 2872 3085 4637 6220
11438 4974 5029 5728 7237
11439 1493 4455 5762 8275
11440 5721 8106 9363 9990
11441 3926 6389 7964 9005 9025
11442 579 641 2590 4700 6001 6701 6717 9240 10291 10611
11444 564 2046 2693 8495 8963
11445 1336 4644 6807 10279
11446 4537 4877 4896 8386 9148 9588
11447 1928 2118 3706 7976
11448 381 1246 5672 10239
11449 5156 7845 9829 10450
11450 485 2766 4869 6717 8787 9493
11451 707 1329 1331 1721 8448
11452 2376 5672 5706 9445
11453 724 980 2972 3890 4129 4553 9257 9893
11454 1159 1394 5367 10288
11455 707 1329 1331 1711 1721 7917
11456 707 1162 1329 1331 1721 2884
11457 1096 2370 4094 4968
11458 569 1340 1868 1956 6194
11460 765 3575 6079 9054 9405 9590 10452 10495
11461 54 8499 8727 8839
11462 1191 4971 5491 5932 6046
11463 2660 7442 7847 8106 8177 8533 9380 9976
11465 6831 9072 9086 10397
11466 2229 2983 6474 6565
11467 591 6496 8555 10091
11468 1327 6436 9515 10273
11469 2856 5646 5671 5972 8563 9518
11471 2395 3166 3873 8103
11472 409 641 944 1666 2383 5294 9360 9542
11473 5031 6989 7289 8127
11474 311 662 5460 7438
11475 985 2982 5106 10590
11476 149 204 6214 7598
11477 2579 8196 8197 10377 10380
11478 666 1340 1868 6743
11480 2265 5460 5883 6982 6990 9281
11481 195 721 6107 6429 9240 9286 10019 10049
11482 538 5721 6199 6253 7135 7157 7787 7832 7870 8718 9067 9338 9520 10076 10101
11483 9647 9973 10478 10487
11485 95 2680 3588 5332 5489 6509 7955 9506 9624
11486 579 4573 5348 8106
11487 2621 2769 3760 6322 7417
11488 2891 5929 8702 9362 9648 9695
11489 1222 1286 2301 2364 3707 6546
11490 569 1177 1904 3864 4830 5200 5422 5784 8106 8338
11491 328 431 3501 3672 3840 4486
11492 1526 5274 5452 5657 7049 7145 7777 7789 8169 9236 9303 9370 9678
11493 348 588 8231 9850
11494 2661 3000 5379 5972 7402 10533
11495 461 1568 4142 8765
11496 569 5984 7059 10117
11497 812 3980 5984 7978
11498 352 562 590 720 2348 2654 3634 7078 7187 7792
11499 4591 7603 7823 9380 9885
11500 4214 5349 6846 8948
11501 118 2661 5029 8448
11502 204 319 858 865 4789
11503 569 4000 5460 7964
11505 570 662 2194 3905 4155 5289
11506 538 554 1340 1868
11507 2042 6338 6350 8669
11508 1271 1868 2132 2744 3091 5312 6001 7079
11512 149 204 583 588 8273 8868
11513 995 1833 3645 3753 5874
11514 24 195 721 1247 1852 5552 5851 7195
11516 276 4993 6218 6248
11517 1859 4198 7689 8248 9025 9240
11518 125 576 3792 4390
11519 539 4013 7878 9487 9782 10217
11520 416 908 1186 1187 5567 7706
11521 588 1868 6794 8273
11522 1888 2590 7484 10301
11523 843 2014 2480 2482 3726 4400 4705
11524 118 1892 4134 6538
11525 211 253 2228 2877 2983 3150 3471 5689
11526 256 5297 7731 10382
11527 1586 7423 7773 7871 7937 7964 8963 10242
11528 707 1329 1331 9252 9624
11529 31 96 525 2684
11530 1065 1858 3104 6985
11532 5083 5923 8053 9054 9590 10332
11533 811 924 990 1213 2894 2958 5630 6620 9005
11534 2745 6259 7057 9543 10004 10027 10032 10556
11535 5270 5762 5805 9747
11536 455 662 1704 2179
11537 548 4198 7054 8074 10394
11538 149 204 1050 1673 1893 7294
11540 4825 7731 9016 10306
11541 1329 1331 1721 3301
11542 395 1673 3524 3691 4073 4497 5367 5874 6174 6909 8057 8103 8218 9025 10266
11544 3423 7588 8185 10439
11545 1321 1568 8421 9761 10084
11546 4209 5305 5954 6797 7224 7409 7435 7591 7663 9350 9526 9799 10229
11548 2565 7763 7779 9161 9240 9998
11550 579 583 1951 2047 5929 7366
11551 362 2555 4858 5583
11552 7140 9065 9729 10331
11553 541 1292 2127 4351
11554 1893 2893 5080 5518 6000 6099
11555 3670 5768 10182 10206
11556 208 5478 9529 10482
11557 240 588 1932 5482
11558 251 2565 4537 4768 5463 5577 6303 6406 6701
11560 756 2439 3118 4341 4869
11561 6299 6695 7306 7500
11562 511 3057 4109 4122 4523 5103 5712 7303
11563 651 5065 6741 8160
11564 569 707 727 1132 1331 4135 7054 9693
11565 1711 1932 3565 4616 5927 7691 7891 8106 8718 9240 9411 10239
11566 569 1131 1868 2598 7923 9049
11568 273 274 3337 3340
11569 4417 4615 6142 7324 7545 10236
11570 345 422 569 706 2474 3662 4532 4768
11571 392 1173 1300 2299 2983 3519 4417 5754
11572 3830 5278 5863 9202
11573 911 1312 2660 6193 8103
11574 707 1329 1331 3453
11575 706 5604 10137 10411
11576 6618 6942 7672 10003
11577 3955 4700 6117 7911
11578 6334 7349 7876 8142
11579 35 355 621 707 1327 1331 1394 1721 2178 7388
11580 92 509 2467 5353
11581 8113 8731 8794 10116
11582 420 1255 5943 8442 9733
11583 4746 7819 7823 8795
11584 1070 2364 5460 6754 8919 10117
11585 2640 5721 7054 8322 9025 9268 9755
11586 264 1920 3139 6631
11587 216 588 2484 4976 8231 8273
11588 2541 2580 3672 4700 4741 4943 8082 8876 9326
11589 579 583 1102 1430 1989 4796 8231 8522
11590 1801 2303 4700 8338
11591 1721 2606 2933 3296 3297 3618 5543 6465 6492 6676 6808 7310 7569 8416 9025 9883
11592 4350 5511 7266 7267
11593 1177 1340 1979 5042
11594 331 842 3937 5173 5661 5875 6247 6387
11595 881 1001 3497 10242
11596 4770 5460 7179 9240
11597 4316 6373 6816 9157
11599 49 459 1175 1894 8620 10551
11600 635 1190 1868 2535 4214 4251 5333 6003 7380 7823 8588 9386 9581 9975 10452
11601 42 75 591 1447 2575 2661 3365
11602 1339 1878 4537 5379 7377 8031
11603 1065 6741 7263 7514 7944 8555
11604 5532 7686 8574 9636
11605 240 579 2483 4299
11606 586 3982 5873 7280
11607 361 828 1875 3006 3118 5528 8385 10541
11608 10 149 1338 2177
11610 1704 5878 6026 8778
11611 742 843 1329 1331 1496 1527 1721 1868 2964 3204 3931 3935 4007 5054 5874 6731 6910 6974 7459 8201 8231 8344 8419 8545 8636 8795 9773 10119
11612 711 1152 3704 4584 4700
11613 1932 4198 5871 9258
11614 19 20 6230 9336
11615 1139 1165 1896 1941
11616 2817 5379 5621 8444 8930
11617 707 1125 1329 1331 1721 2842 6108 7139
11618 819 926 1883 2391 7569
11619 1446 1637 2877 6848 8563
11620 1708 7402 7721 9493 9663 10483
11621 5366 5625 5982 7807
11622 1946 8244 8625 9455 9487 9768 10198
11623 5270 7250 8114 8448
11624 149 204 6108 10534
11625 7891 8103 8746 9629 9633 10207
11626 2102 2493 3409 7724
11627 641 1568 1932 8343
11628 187 550 7823 9723
11629 2264 4405 5460 9493
11630 437 3006 8366 10033
11631 96 704 748 1340 1868 5341
11632 569 586 2766 6676 8105
11633 1186 1187 2125 2498 3277 4779 6348 6831
11634 707 1329 1331 2713
11635 18 1308 2105 3352 3652
11636 1280 2341 5316 6136
11637 3986 5142 9025 9049 9510
11638 1150 1151 2064 2960
11642 361 1329 1331 5604 9873
11643 583 5535 6990 7724 8273 10145
11644 3921 5966 6626 8718 9240
11645 4240 5932 6268 7952 9885
11646 24 1329 1331 1721
11647 1187 2567 5672 5688 8844 9493
11649 149 720 1102 1347 8106
11650 673 2120 4592 5532
11651 305 1868 3259 3535 6076 6701
11652 3000 3724 4158 6596 8816 9315
11653 775 2674 4358 7173 8214
11654 1293 1601 3519 3792 6958 6959 7822 8031
11655 38 211 264 1258 1332 1666 1861 1955 2124 3085 3346 4700 5339 5372 5599 5657 6145 6775 7202 7239 7289 7291 7339 8127 8186 8511 8624 8767 8978 9384 9751
11656 5460 8601 9355 9441
11657 31 276 825 7954 8503 9579 9870 10213
11658 215 408 1894 9257
11659 228 2931 6173 8499
11661 599 2246 2709 2730 3548 5257 5883 6950 8470
11662 205 2833 3450 3699 3780 4102 5719 5721 5823 6763 7998 8034 8394 10069 10171
11663 707 1331 1721 9109
11664 520 1531 1568 5604
11665 1386 1680 4845 5295 5455 8764
11667 538 569 662 1569
11668 359 8848 8940 9702 10083
11670 2162 3342 5683 7476
11671 1711 1990 3707 4119
11672 3645 4204 4686 9382 10512
11673 767 1035 2143 2229 2329 2534 2808 3000 3912 4497 6299 6878 7254 7569 8425 10239
11674 366 595 1892 4198 4219 4259 5001 5172 5481 6766 7166
11675 707 1101 1329 1721
11676 586 3051 6108 8845 9276
11677 707 1329 1331 1721 6965 7486 7988 7989 10424
11678 1208 1329 1721 2565 5984
11679 591 995 2898 5672
11680 103 1358 2555 2856 2861 2894 3471 8627
11681 117 545 1278 6699
11682 5484 6403 8704 8848
11684 6212 7585 8050 8187
11685 437 2264 2907 5075
11686 77 4537 4638 5642
11687 2935 8189 8214 9130
11688 763 1895 5300 5576 10305
11689 3000 6276 6907 7874
11690 900 1228 3094 5611
11691 362 588 1451 8273 9383 10059 10302
11692 1096 1726 2051 4541 10374
11693 4895 4896 6247 9723
11694 520 662 746 6881
11695 3899 6142 8410 10416
11696 3846 4639 6432 7255 9685
11697 6259 8471 8472 8477 9079 9345
11698 2483 3886 6908 9627
11699 260 4770 5874 7207
11701 2047 3665 5946 8704
11702 653 1531 2744 10145 10316
11703 569 1206 4830 5751 5775 9924 10123
11704 25 3904 4214 5540 8103 9486 9487
11705 662 1290 2238 5175
11706 96 2503 4349 4898 7589 8106 8264 8583 8683 8684 9376 9390 10104
11707 389 1581 4479 7653
11709 7981 8231 9964 10505
11710 2596 4755 6876 8363 8465 8545 9023 9590
11711 707 1331 1721 5977
11712 650 746 1868 1910 4142 4266 4488 4857 5121 5602
11714 351 1191 1290 2589 4344 9005 10478
11716 1568 4768 5823 6636
11717 5460 6070 7824 9296
11718 2213 5460 7970 8707
11719 62 4882 5328 6913
11720 1710 2566 6108 6545 7291 7721 8637 9039 9569 10021
11721 224 299 311 471 2105 2474 2507 2689 3000 3346 3672 4999 5672 7874 8103
11722 6701 7054 9723 10495
11723 1394 3558 4566 7988
11724 1888 6073 6565 7818 10331 10349
11725 2640 2659 2714 3785
11726 2815 4214 4597 6976 8207
11727 14 7165 8929 9075 10004
11728 201 1199 1498 4809 8287
11729 372 2366 2391 3427
11730 1736 2849 5383 5384
11732 947 1016 1420 2275 3890 5293
11733 6933 7205 7777 10154
11734 7423 8270 9200 10331
11735 1329 1331 1721 2654 3575 4358 4584 5535 6714 7819 8285 8300 9160 9324 9697
11736 386 1203 6814 8106
11737 437 2167 4405 6412
11738 1198 2237 6699 10261
11739 354 1177 1200 1614 1686 5605 6076 8103 8381
11740 149 1905 3935 4562 8106
11741 1157 2237 2535 4203 4883 6076 6108 6959 7377 9485
11742 1330 1710 1920 6326
11743 1528 4700 5686 6333 6429 6645 8285 8467 9386
11744 588 5278 8231 9409
11746 1255 2621 4284 6361
11747 639 678 1351 8155 8253
11748 211 707 1329 1941 3135 3981 6985 8162 8303
11749 409 2800 3467 4716 5510 7023
11750 540 579 1096 3000 4214 5424 6581
11751 211 569 583 588 748 1138 1282 1283 1375 1446 1773 2815 4211 4719 7706 8106 8343 10120 10617
11752 1727 2684 2716 3135 4622 8703 10233
11753 1223 2074 2108 3020 3707 4768 5084 7335
11754 2155 2509 2546 7942
11755 583 762 2894 4125 6958 7098
11756 4598 7763 8162 9495 10027
11757 381 540 1018 1187 4340
11758 1441 2627 3774 6494
11759 273 274 1181 1633 3029 3645 4719 4755 5018 5217 5308 5648 6079 6260 6335 6393 6657 7103 7796 7851 7876 7966 7967 8968 8971 10016
11760 2123 2381 7090 8201
11761 6003 6985 8765 9885
11762 361 4700 7967 8637 8749 8980
11763 1637 2124 3473 3657
11764 540 2815 4700 5719
11765 351 3352 8829 9659
11766 583 588 1528 2101 2179 3628 4896 5460 6701 7137 7199 7627 8173 8231 8864 8902 9295 9647 9969 10247
11767 8439 8745 9350 10253
11768 206 273 274 351 1246 4947
11771 1894 3832 4280 9856
11772 34 1592 2389 2621 2643 10533
11773 1346 2289 4337 5257 6640 8106
11775 583 588 2698 10069
11776 1893 3134 6394 6620
11778 1203 5254 5751 5781 6720 6931 6942 8909
11779 583 588 2150 2590 3283 4700 7718 8207
11780 354 420 520 662 1219 1222 1314 1568 2181 2557 4638 4869 5632 5686 5909 6674 7245 8143 8956 9733
11781 4971 5321 8324 8555 9808
11783 5341 5478 6804 7093
11784 2371 4452 4556 4573 4796 5672
11785 2002 2295 3576 5624 7825 9680
11786 583 1354 3501 3894
11787 707 1329 1331 1721
11788 583 2606 3904 4975 7484 8714
11789 1707 2849 4226 8918
11790 1349 2565 4700 10140
11791 361 1844 6740 7874
11792 703 3501 5460 5656 7842 8690 9054 9939
11793 260 606 1727 6258 9761
11794 420 4396 5166 9733
11795 381 4768 5784 9590
11796 7861 8325 9022 9987 10147
11797 413 1423 2091 2193 2583 4827 5655 6668 8909 10061
11798 215 1007 3606 5609 7569
11799 3999 4834 6904 8246 8252 9435 9529 9867 9885 10062 10332 10402
11801 1329 1721 3934 4203 4622 5470 8102 8551 9661
11803 591 1280 9380 10331
11804 25 1969 2592 3000
11805 211 362 1240 1330 1527 1780 1893 2195 2548 3094 3128 3133 3134 3258 3289 4302 4896 6259 9521
11806 316 3191 6138 6647 9837
11807 7142 7143 9326 9645
11808 381 662 1456 1577 1893 2857 4700 4821 5309 8009 9806
11809 271 519 569 5361 6326 6876 7050
11810 2973 8516 9295 10077
11811 195 707 1271 1282 1329 1331 1721 1868 3551 3799 4198 5874 5954
11812 5478 9529 10389 10482
11813 2703 4409 7756 10162
11814 3609 6013 8948 10411
11815 321 1862 1863 3980 9177
11816 588 1878 2154 2583 3000 3683 3824 5460 5657 7110 7978 8231 9055 9063 9559 10230 10284
11817 128 253 782 1135 1914 2479 2634 3450 4350 5762 6307 6635 7994 8573 8993 9813 9987 10283
11818 251 918 1085 1531 2251 3658 4450 5362 6391 6690
11819 1943 6699 8506 9023 9471 9493
11820 25 381 1568 2395 4198
11821 1327 4301 5036 8103
11822 504 6321 6954 8635
11824 181 1023 1502 4073 4862 5096 6822 7143
11825 160 305 2035 2876 4020 5535 6565 7537
11826 1801 5823 8326 8844
11827 520 579 724 1178 1829 6846 7093 9804
11828 177 1617 5550 5909
11829 381 707 1329 1721 5648 7335 7376
11830 2441 5865 6020 6795
11832 2729 4167 6823 7200
11833 182 713 2650 3796 5754 7331 8309
11834 374 987 998 3753 5065 10444
11835 685 1615 2059 2272 2667 2684
11836 1020 4198 5230 6611 7054
11837 1115 7662 9806 10571
11838 2849 2856 3657 4022 4235
11840 1893 6164 6792 8909
11841 366 1394 1399 4198 8116
11842 583 588 5079 9983
11844 584 1174 5263 7404 7471
11845 408 1658 2936 5947 8375 9846
11846 173 662 2624 4173 4463 5175
11847 144 319 623 5442
11848 362 5036 7540 8904
11849 1783 4589 5823 10331
11850 76 78 228 264 1609 2051 2661 2729 2843 2930 2931 3365 3572 3575 3579 3609 3610 3782 3902 3955 3976 4014 4472 4584 4585 4719 4830 5153 5687 6433 6536 7054 8924 9357
11851 62 66 707 1329 1471 1721 3089 3347 4061 4143 4430 5328 7619
11852 36 1666 3019 3973 5478 5584 8039 8867 10400
11853 2590 4307 8039 8106
11854 353 764 2265 3814 5536 5966 6926
11855 2752 2769 3830 6876
11856 1868 4537 6990 8074
11857 639 2731 5302 6831 7180 8873 9071 10452
11858 2579 5300 5943 6739
11859 1444 3519 3792 5543
11861 204 1568 2068 6715 6990
11862 1207 1726 2872 3082 6276 8115
11863 588 607 8106 8231
11864 825 3164 5114 7658
11865 579 1211 3832 8343
11866 583 588 5430 8231
11867 2159 4069 4483 5851 9485
11868 3908 5075 5409 5911 6655
11869 583 588 593 706 5535 5946 6305
11870 579 707 1329 1331 1721 7685 8023 8468
11871 3540 8555 9515 10067
11872 706 707 1329 1331 1721 2095 3132 7408 9010 9363 10266 10420
11874 749 1065 7686 7974
11875 7598 8143 8302 9468
11876 520 3056 3807 4457
11877 2171 4111 4261 5657 8000 8128 8706 9092
11878 1408 1878 7978 10038 10238 10358
11879 717 1352 1932 2329 2625 3711 7266
11881 1932 2942 7297 9590
11883 222 865 1096 1864
11884 308 2299 2840 2996 4352 5316 7906
11886 1817 1918 2110 3242 4156 7037 7350 9214 9829 10273
11887 1830 1894 4020 5688
11888 701 982 2457 6278
11889 276 2822 4667 6680 6739 7041 7250 7255 7815
11890 25 569 1528 1893 2047 7689 7851 7853 8390 8584 8819 9723
11891 2825 4359 5549 7438 9806
11892 3986 8271 8317 8448 9600 10425
11893 2452 8625 9281 9492
11894 2262 4836 5705 8592
11895 784 1222 3300 3346 4328 5679 5871 7266 9661
11896 162 340 2689 5900
11897 381 635 1023 1394 1528 1893 3025 3033 4214 4758 4768 5032 6108 6162 6496 6619 7004 7078 7143 7731 7801 8285 8406 8686 8718 8772 8849 9049 9240 9280 9335 9849 9865 10306 10397 10611
11898 149 204 1255 1708 3163 4198
11899 1177 2845 6073 6664 8625 10000
11900 662 1727 5460 5965
11901 1527 2802 3649 4391 9386
11902 38 2859 3000 3342 4784 10400
11903 261 5823 6020 6642 7078 7909
11904 1018 6664 7405 9344
11905 2253 4342 5359 5724 5957
11906 784 1280 4002 4272 6627 7937 8106 9574
11907 1331 1721 4597 5730 5984 7289 8416 10467
11908 420 1219 3051 5503 5982 7558 9733
11909 18 1493 1970 2766
11910 3000 4850 6075 8444 9681 10533
11911 605 1469 4276 4825
11912 1364 2349 2747 4700 7823 8543
11913 1982 5823 6199 6323
11914 299 5300 7432 10047
11915 583 588 1152 2689
11916 588 1886 5333 6429 9495
11918 374 400 2457 3615 4275 4926 7978 8006 8591 8856
11919 62 1073 2831 4136
11920 2293 2850 7964 10362
11921 101 1067 1858 1894 1910 2067 2456 2786 3249
11922 2079 3436 3579 3955 4309 7773 8546 9246
11923 4869 5859 7699 8106 8563
11924 4152 5873 6070 6958 7273
11925 1178 1354 2018 2177 2843
11926 5156 5164 5982 8285 8314 8935
11927 75 208 667 1955 2047 2126 3939 4573 5444 5492 5724 5871 5882 6687 8817
11928 1255 7559 7899 9885
11929 519 4198 5823 9546
11930 538 6958 7518 8094 8441 9708
11932 429 1676 2841 3136 4899 9111
11933 691 1293 4307 4627 5721 9027
11934 381 1249 9563 9864 10187
11935 808 2130 4331 4525 6023
11936 35 5929 6545 9339
11937 258 6884 8775 9494 10208
11938 459 1569 2577 6456 7453
11939 707 1331 1721 4656
11940 244 2236 4162 8196
11941 707 1329 2153 9832
11942 204 210 707 739 1177 1331 1708 1868 3688 3886 4615 9561
11943 455 2702 8795 9536
11944 149 3312 4954 5179
11945 1301 1623 5776 6691
11946 2801 7012 9443 10041
11947 3000 5604 5623 6028 6363 7687 7952 8873
11948 2436 4830 7935 8918
11949 1157 1159 4253 6536 7825 8723 10543 10578
11950 206 1223 5460 5945
11951 27 1492 1868 3961
11952 775 3955 4700 7908 10488
11953 1329 1331 1721 10137
11954 1092 1708 2077 3996 4780 5536 6003 7261 7402 8002 8454 8878 8918 9276 9390 9490 9529 9546 9813 10489
11955 3768 4491 4573 10120
11956 2364 2852 3463 4860
11957 2845 9160 9723 10019
11958 4700 5302 6776 10475
11959 455 1346 2047 3551 3947
11960 1336 5604 8074 8253 9546 10487
11961 183 366 1111 1262 3247 8040
11962 921 1666 1710 1891 1910 2597 3156 3934
11963 109 218 8384 8535
11965 381 2846 5730 5874
11966 571 711 3091 6587 7167 7514 7574
11967 707 1331 1721 2758
11968 328 2019 3361 4813 5622 6090 8315 9135
11969 24 540 542 569 1173 1394 1568 1710 1856 4220 4385 4748 4850 6743 6958 8103 8826
11970 4 5399 7423 10452
11971 1868 8337 9275 9276
11972 183 210 952 2936
11973 3676 3961 4078 4080 5449 10404
11974 1780 1813 2023 5460
11975 707 1329 1331 1721
11976 768 996 3912 3913 3915
11977 102 588 6384 8273
11978 4767 4935 5372 7024 7294 7772
11979 352 1711 4047 7652
11980 381 571 707 1329 1331 1666 1721 2265 2983 5604 5982 6743 6982 9486 10062 10440 10536
11982 103 3473 3809 4798 7862 8569
11983 305 4243 6377 9903
11984 1963 4214 5079 6941 8231
11985 3559 4830 8448 8631
11986 336 1138 1281 2498 3851
11987 1340 1666 1868 8129
11988 1666 2295 4537 8039 9714 9751
11989 1346 1394 1891 1942 2658 4556 5436 8332 9025
11990 569 2194 2391 4200 7443
11991 2665 4763 6410 6972 8021
11992 260 1284 1346 2238 2766 3076 4253 4422 5391 5719 6180 6386 7196 7294 7787 8105 8259 8343
11993 542 641 1269 7376
11995 1314 6710 6786 7312 7335 10239
11996 204 1340 1394 4452
11997 2567 2568 5721 5929 6245 9025 9158
11998 2005 6036 7500 8018
11999 5604 8718 8938 9254
12003 1979 2773 2887 3488 5795 10517
12004 2677 4568 4901 4915
12005 3467 8634 9095 10116
12006 591 4324 6082 10292
12007 1914 2254 4535 8271
12008 1167 4490 5747 6294 8380
12009 1531 2067 3095 5644
12010 2960 3575 3576 4585 4591
12011 214 307 371 2088 2631
12013 1711 3202 5211 5780 7402 8988 10403 10435
12014 3576 3872 8625 9439
12015 211 351 579 707 1222 1331 1711 1721 2709 2744 2944 3704 5452 5672 5787 5856 5932 5987 8555 9452 10239 10410
12016 409 1419 1420 2566 5262 5300 5499 7011 7773 8330
12017 1346 2030 3615 3707 5600 9251
12018 706 1137 4198 4915 5236 5795 8106
12019 3898 5378 7050 7819
12020 5065 5611 6113 6515
12021 1182 3707 3999 4422
12022 14 1146 2663 2751 3838 3839 4350 5721 7861 8285 8754 9484 10032
12023 253 5728 6051 6511 8082 9291
12024 264 483 5982 8795
12025 1082 1773 3625 9585
12026 6709 7691 8337 8485
12027 1394 2042 4547 6108 7566 8534
12028 707 1721 10198 10199
12029 4719 7612 7799 9826
12030 707 1329 1331 1721
12032 6122 8044 8637 9493
12033 528 627 5609 9739 10247
12034 4532 6107 7050 10141
12035 24 2253 5271 7326 7689 8465
12036 6989 7148 7908 9569
12037 1329 1331 1721 9335
12039 25 2211 2766 5420
12041 348 1154 4943 8420
12042 15 149 204 351 1355 2749 2940 4850 5771
12043 1445 1894 2146 2564 5728 6775 6931 9072
12044 545 2689 2936 5332
12045 168 2563 2661 3803 4700 6536
12046 111 469 1200 2057 2539 4475 9565 9626 9956
12047 2509 3643 4350 4638 8197 9250 10052
12048 381 1152 1177 1394 4298 6194 8103
12050 1819 4259 4974 5029
12051 763 1928 2127 4957 7103
12052 353 354 583 3020 4830
12053 1186 1187 1574 1726
12054 4955 9489 9804 10551
12055 579 1727 2051 4948 8920
12056 1144 2744 4700 6335
12057 211 511 588 1123 2045 2936 3675 9382 9723 10219
12058 34 1709 3688 4353 5272 5416 5562 6812
12059 597 2989 5380 8137 8918
12060 583 588 4490 8231
12061 568 1812 2298 2911
12062 1352 3704 4875 5460
12064 2060 4568 4901 6076
12065 707 1331 1721 10531
12066 419 606 1552 1818 3609 4948 5302 5650 5721 6958 7188 8593 8823 8839 9655 9955 9956 9998 10354 10546 10547 10607
12067 52 4571 4644 5190
12069 4214 4857 5204 5333
12070 2590 2835 4068 4399
12072 1550 1762 10085 10216 10331 10452
12073 707 1331 1721 9166
12074 1096 3615 6241 9883
12075 3215 3610 4896 6869 9928
12076 629 1495 3091 4431 6344 7466
12079 211 1330 1520 1710 2975 3135 4302 4828 7485 7951 8304 8323 9328 10595 10599
12080 1446 1625 1650 2549
12081 579 1704 3050 5316 5432
12082 5239 6001 7006 9025
12083 2661 5837 7402 8018 8444
12084 203 583 595 1890 3706 4972 6576 8231 8998 9900
12085 1340 1868 1932 5396 6715 8714 8765 10033
12087 1081 1096 8100 8657 9344 10482
12089 38 305 662 1308 1523 2546 8103
12090 1652 2494 3000 3707
12091 1007 1736 2982 8298 8591
12092 374 2534 5472 9225
12093 26 234 1609 2812 3327 4855 5503 8192
12094 4662 5108 7402 9493
12095 11 31 114 137 164 181 215 253 284 285 286 287 301 411 499 582 617 654 657 680 691 780 784 814 880 893 926 972 986 1037 1042 1051 1082 1138 1190 1239 1322 1534 1536 1599 1609 1610 1616 1642 1858 1894 2042 2097 2120 2121 2130 2158 2204 2245 2252 2353 2483 2487 2546 2570 2591 2605 2625 2692 2757 2776 2794 2801 2815 2823 2846 2856 2909 2983 3199 3240 3249 3327 3358 3497 3704 3706 3877 4011 4056 4100 4292 4381 4510 4691 4744 4869 4875 4924 5025 5045 5111 5114 5340 5420 5672 5682 5797 5802 5804 5843 5850 5895 5902 5923 6007 6080 6122 6137 6216 6382 6417 6514 6660 6740 6859 7006 7057 7099 7279 7373 7425 7540 7581 7583 7625 7681 7773 7874 7957 8016 8151 8296 8375 8625 8729 8935 9005 9250 9263 9295 9493 9531 9546 9843 9885 9908 9944
12096 2042 4901 6709 7289 7320 7923 8162 8554 8685 9240 9956 10295 10607
12097 583 588 1375 3051 3401 6377 6743 6822 7054 7192 8162 8227
12098 216 2295 7236 9885
12099 149 204 381 583 1223 1314 1568 2293 5466 5915 7936 8228 8718
12100 1568 1941 8272 10048
12101 5192 5973 9513 10573
12104 472 3783 5515 9450
12105 252 910 2230 10489
12106 569 1340 1868 2215 3981 5153
12107 145 455 1498 4823 7765 8136 8444 8625 8714
12108 1394 1932 6652 10315
12109 1108 5988 6831 8231 9782
12112 583 588 8231 10531
12114 707 1329 8207 8795
12115 2661 2801 4351 6130
12116 207 569 641 1177 9615
12117 260 673 4452 6318 7522
12118 1204 1774 1893 4803
12119 273 274 362 662 2283 3792
12121 2263 3164 3915 8103
12122 5863 6122 6775 7273
12123 707 1329 1331 1721
12124 370 1042 1414 8581 10423
12125 9216 9682 9871 10554 10555
12126 35 6876 9025 9723
12127 75 2811 7046 7558
12128 532 559 579 4351 4408 5118 5984 6685 7816 8324
12129 632 1177 5202 10478
12130 520 583 713 1577 1891 2207 2457 4215 8909 10266
12131 218 412 5043 9874
12132 260 3668 6140 6876 8625 9892 10107 10371
12133 1213 1301 5338 5842 5886 6756 9240
12134 654 2081 7899 9261
12135 1157 2143 3318 3526
12136 583 588 590 4695
12137 2229 4014 5681 7874
12138 5354 5584 8039 9806
12139 1561 2360 4495 7679 8103 8663
12140 579 781 4261 5726 6612 6673 8728 10276
12141 5634 6695 8424 9481
12142 2145 4014 7028 8618
12143 833 2295 4537 7242 8173 8615
12144 641 765 1331 1721 9296 10210
12145 108 1662 1730 1732 1734 1846 2075 2555 2579 2868 2975 4574 4695 6883 7776
12147 588 4361 6324 8231
12148 3093 5460 5779 9042
12149 208 5195 5219 5478
12150 351 2704 3132 8791
12151 2661 3668 4453 6046 7851 8392 8424 9061 9231 9972
12152 1005 2366 2391 2905 3427
12153 641 1241 2738 2746 2922 2933 8106
12154 6210 7264 8343 9214
12155 1348 2264 2672 4452 5871
12156 583 588 1868 9615
12157 407 437 1269 5396
12158 2364 4198 5710 7544
12159 532 533 4228 9093
12160 3126 5549 7054 8844
12161 678 1909 6655 9806
12162 2492 7815 8929 9205
12163 180 707 1331 1721 2094 8902
12164 164 464 707 1191 1329 1721 1858 7542
12165 1336 1545 8390 10487
12166 679 922 2047 2123 2993 4326 5748 7832 9373 9546 9588 9688 10069
12167 1619 1831 3318 6771 8786
12168 3318 4700 4830 6333 6860 9515
12169 1177 1700 2260 4862 6855 7491
12170 6740 7402 7491 9189
12171 1576 6904 6997 8014
12173 210 380 7862 9201
12174 1171 2738 5108 5777 6991
12176 7385 8215 8871 9966
12177 707 1329 1331 1721
12179 889 3613 3758 6485
12180 595 5984 8704 8976
12181 1336 1568 5829 5984
12182 584 5077 6408 7164
12183 181 381 8421 8704 9994
12184 25 1160 6989 7423 8511 9723 10068 10331
12185 707 1331 1721 2050
12186 370 378 379 2534 2831 4125
12187 707 1329 1721 8343 9290 9525
12188 1673 2824 5823 8106
12189 5359 5561 6920 8554
12190 2576 3955 6527 6577 6605 10599
12191 1139 1285 8270 8471
12192 1340 3545 4261 5584
12193 276 3293 3295 5394 5635 9287
12194 469 722 2192 3000 3240 4690 6232 10533
12195 249 2365 6068 7974 8764 10079 10379
12196 7352 8634 9379 9747
12197 649 1178 2015 2283 2516 5871 5949 6002 6344 6496 9026 9252
12198 847 1021 2407 2564 3606
12199 351 707 1329 1721 8516
12200 662 4748 6181 6837
12201 5400 5617 7271 8935
12202 583 588 2123 2989
12203 2092 2260 2627 2761 2987 3940 5051 5648
12204 149 204 569 583 588 1568 8555
12205 652 1246 4413 4956
12206 583 2042 4929 8273 9543
12207 2203 2250 2280 6488 6494 10505
12209 6469 6577 7731 9903
12210 1478 4431 4719 7222
12212 99 584 3356 3955 5549
12213 8609 9390 9400 10514
12214 1112 4841 5075 8071 10271
12215 23 3317 7224 8677
12216 253 7623 7870 8223 8424 8448
12217 1457 2123 7376 10469
12218 2983 5356 8881 9159
12219 587 1387 1416 1862 1867 4322 6607 6905 8471
12220 25 2222 3978 8303 8555 8972
12221 1255 2483 6740 8452
12222 412 1084 3202 5604 6076 6108 7084 9160
12223 351 1213 1893 4537 6611 8128
12224 746 1213 1893 3676 4571 8362
12225 707 1329 1721 5915
12226 4559 6253 6620 6904 8672 8698
12227 118 1567 1893 2057 3851
12228 1285 5250 5823 8854
12230 30 3817 6409 7598
12231 1246 1340 2541 3314 9406
12232 155 1310 1340 1347 1868 6194
12233 2240 3502 4215 4652 7408 7817
12234 1049 1802 1980 3824 4698 10116
12235 1150 1151 1849 2047 8717
12236 6335 6367 7054 9166 9970
12237 1568 1727 3832 6029 8555 9671
12238 569 1252 1319 2710 6076 6912 9046 9931
12239 1330 1500 1969 3925 5460 8522
12240 2305 2614 3029 3750 4452 4700 5915 6773 8111 8285
12241 408 2081 2993 4534
12242 1666 2509 2564 2624 2942 2993 3669 4779 4795 5074 5081 5282 5302 5460 6673 6884 6909 7089 7236 7864 8873 8895 9111 9734 10007 10047
12243 36 37 55 73 1732 9832
12244 5481 5765 7104 7627
12245 2122 3944 6904 6982 9568 10091
12246 4280 9048 10229 10422
12247 707 1331 1721 3143 8106 8717
12248 511 3873 5089 8135 8416
12250 4695 6791 7273 10163
12252 302 1666 5863 6379
12253 1327 1910 4314 6883
12255 1496 4818 5662 6065
12256 1862 1873 1994 3721 8415 8832
12257 583 588 1704 8231
12258 470 3896 6757 6876
12259 119 253 351 583 1048 1178 1617 2105 4748 5689 5984 7964 8207 8636 9391
12260 1340 1868 2640 2791 8797 9043 9650
12261 1066 1067 3747 5247
12262 1711 2078 3519 3792
12263 7143 7145 7777 9826 10377
12264 641 1727 1868 6194
12265 118 2162 2789 3870 4151
12266 1592 4695 5863 6595
12268 2260 3091 3352 4826 5984 7338 9212
12269 160 4109 5892 7723 9386
12270 1394 1727 6876 8093
12271 255 2114 3020 4104 5690 6464
12272 2140 2696 5474 5846 6048 8713
12273 6491 7110 8735 9462
12274 206 2051 6982 7576
12276 355 381 1406 1552 1904 1914 2189 2478 3997 4850 7465 7824
12277 3615 3730 10053 10601
12278 554 707 1329 1331 1721 6108 8103 8702
12279 389 646 823 1239 1336 1574 2212 2280 2697 4296 5395 5411 5724 5984 6519 6620 6747 7964 8103 8918 9282 9406 9490 9492 9542
12280 518 579 5851 9025
12281 78 3526 3747 4838
12282 1983 2983 6555 8499 8747
12283 4897 6589 7192 7747
12284 3799 5244 6384 6627 7660
12285 1637 1707 1790 2423 4138 4349 4680 5982
12286 1894 2661 4020 5010
12287 641 1932 4556 6740
12288 177 1246 1346 1904 6201 7304 7491 9661 9881 10034
12289 2861 2894 3813 10583
12290 583 588 5305 8231
12291 542 7690 8105 8458
12292 7402 9381 9481 9493
12293 337 2046 7639 9903
12294 258 579 1329 1331 2285 2590 2722 3029 5395 5535 5863 5873 6022 6087 6169 6831 6943 8060 8207 9956
12295 2964 7735 7799 10128
12297 638 2247 2499 8212
12298 2983 7722 8375 9493 9727
12299 6108 6333 7492 7643 7909 8717
12300 1228 1229 4537 8106
12301 635 7546 7886 10479
12303 863 2191 4462 6029 6278
12304 271 1007 1215 2014 2745 2852 2866 2936 4128 4401 4418 5988
12305 336 2930 2952 3560 4379 4611 5208 5757
12306 24 36 370 829 878 1007
12307 24 195 412 579 4014 4635 5139 7356 9386 10007
12308 27 5278 5874 7914
12309 147 801 1662 4203 4331 4546 4814 7479
12310 95 149 204 3258 4417 5874
12311 630 3698 8718 9766 10595
12312 2726 4604 6140 8108
12314 6323 7289 8702 10608
12315 2366 2631 3427 7023
12318 3953 4157 4551 8583
12319 2068 3484 3675 3991 5191 5611
12320 540 5404 6715 7723
12321 3000 3645 5761 6772
12322 25 1523 4537 8103
12323 216 1177 1456 1704 2590 4214 5302 5379 5804 5887 5988 8344 8419
12325 2511 5633 6776 10315 10523
12326 545 912 2843 8363
12327 1547 6545 6618 6643 7054 10423
12328 211 483 1953 2411 2591 4300 6459
12329 5341 6974 10054 10561
12330 316 1863 2533 3451 3513 3747 4786 6647
12331 2068 7402 9201 9493
12332 1329 1331 6029 8511
12333 717 1528 3502 3916
12334 583 6223 8273 8665
12335 36 455 721 5175
12336 197 3270 7429 9985
12337 583 588 707 1331 1721 2876 5677 10032
12338 194 4700 5153 6136
12339 456 707 843 1331 1711 1721
12340 4974 5984 7174 8103
12341 2005 4091 4266 4492
12342 1255 5130 8789 9493 9597
12343 273 274 305 379 401 1177 3333 3471 3663 4254 4389 4714 4762 5315 5460 7951 8578
12344 24 1568 5984 6985
12345 2576 6049 6646 8315
12346 7491 7909 9389 9830 10495 10539
12348 1294 2871 5489 5535 6251 6659 6831 8829
12349 1340 1394 1868 2744 2758 3000 3025 3458 3925 6724 7079 9365
12351 204 571 583 588 662 1932 4452 4830
12353 379 1061 7023 7991
12354 662 1173 1340 1868 3925
12355 1340 1868 2270 2538 6377
12356 1329 1331 1721 4350 5747
12357 353 5672 7126 8421
12358 1285 3712 4361 8148 8471 8986 10355
12359 401 1032 1061 2949
12360 1174 1526 3280 9111
12361 261 713 1868 3346 6004 8537 9303 9723
12362 2972 4700 7612 8587 8625 9491 9651 9672 9903 9972
12363 658 664 2299 4214
12364 5395 5721 7205 8185 8415 8668 8671 8672 9487 9668
12365 6522 6577 7521 7734
12366 10 14 583 588 1092 1256 1923 2108 5460 8207 8231 9004 9842 9944 10355
12367 1096 2653 4467 9216
12368 28 173 195 662 707 721 1329 1331 1721 1946 2563 3935 4020 5379 7396 9750
12369 154 362 1269 2123 3706 3841 5901
12370 95 3000 4273 6433
12371 1617 2042 2849 4971 10143
12372 34 2145 2583 9687
12373 2717 5601 6147 6189
12374 706 1246 1487 5013 5761 6754 8039 9492 10447
12375 29 42 4234 6062 7861 9295
12376 9551 9604 10112 10509
12377 381 588 707 1274 1329 1331 1721 2815 3667 4214 5194 8231 9239 9906
12378 1262 1727 2384 2766 3864 6069 9054 9380 9723 9768 10452
12379 1666 3333 4451 5688
12380 408 2608 4608 5440 7054 7402 9493
12381 1528 4896 5028 7684
12383 369 568 769 954 995
12384 168 1240 1446 7205
12385 508 1130 2216 8563
12386 253 2766 3576 4581 6919
12387 173 3887 9109 9340
12389 501 1138 5042 6036
12390 187 707 1329 1331 1721 2681 5721 5776
12391 2538 6839 8812 9627
12392 1700 1906 4805 9131
12393 650 1892 4578 4768
12394 1150 1151 2746 8270
12395 2123 2709 6664 7007
12396 1998 2763 2820 4862
12397 8106 8555 9937 10530
12398 1451 5874 6241 7171
12399 707 1721 3601 6689
12400 6491 6911 7728 9060
12401 1713 4212 6071 6268
12402 18 87 4881 6885
12403 710 4964 7448 9125
12404 588 1894 2069 2153 2295 2658
12405 358 646 3601 7352 8103
12406 1235 2285 3709 4474 6253 7832
12407 1361 2524 4592 4737 5565 5846 5938 6174 6182 7615 7931 8186 8879 9309 9311 9668 10052 10154
12408 773 2607 2925 6876
12409 583 588 4698 5689 8273
12410 24 561 2729 2766
12411 1766 3590 5339 6529 6667 8103 9517 9865
12413 2760 5083 6958 8296
12414 155 162 203 348 1727 1905 3935
12415 90 1382 3615 4198
12416 69 469 3956 4147 6194 8424 8555
12417 7874 8449 8506 10065
12419 381 511 538 1284 1340 1495 1868 2146 2265 2696 3908 5728 6196 6545 7200
12420 203 2253 2640 7962
12421 5080 5977 8849 9625
12422 662 1727 1859 2507 3543 4830 6620 8704 8717 9355 9357 10374
12423 2283 6577 7179 8205 9302 10121
12424 260 586 1428 5851
12425 1711 2295 6019 6076 6654 7161
12426 348 569 583 1087 1793 8231 8795 9355
12427 583 588 4830 5460
12428 739 1191 1559 4781
12429 1246 1446 7491 8448
12430 668 3016 4195 7569
12431 7891 9435 9689 9690
12432 1329 1331 1721 5486 5874 9084
12433 1329 1331 1721 10476
12434 826 932 1049 1683 1802 2324 5304
12435 571 6989 7461 7672
12436 3304 9542 9580 10227
12437 1705 5721 6664 8743
12438 3051 3992 6719 6761 8902 9340
12439 775 5282 6066 6097 7318 7394 8490 8719 10215
12441 605 2305 3683 3730 7702 8555
12442 6565 6701 8063 9741
12443 1617 2511 6715 8582 9188
12444 210 3457 3672 8448
12445 282 8958 9485 9867
12448 204 583 3508 5492 5984 8043
12449 1329 1331 1721 4050 6073 6076 8369 10069
12450 498 2461 2555 3707
12451 1726 2591 4684 5024
12452 1330 1710 5987 5988
12453 707 1329 1721 3454
12454 1686 2901 5118 8290
12455 351 571 707 1331 1721 2238 4349
12456 1068 1081 1099 1113 10024
12457 24 160 511 571 1568 2766 6959 8207 9856
12458 3762 5914 7289 8682 10534
12459 756 4090 6120 7212
12460 2689 3551 3593 5079
12461 1401 4048 4380 4431 4791 5804 5874 5999 7569 8795 9346 9810
12462 1446 4349 5592 7306 9400
12463 1617 3790 3899 5828 10143
12464 1446 4095 6308 10116
12465 583 3022 8231 8795
12466 350 449 1314 1568 4156 5299 5984 6371 8515 9186 9469 9903
12468 3576 7704 7876 9305
12469 697 719 825 1123 1429 2366 2509 3427 5379 6819 8330 8506 8883
12470 145 1340 1775 1868 2178 2738 7366 8251 9906 10334
12471 147 1940 5567 5863 7674 9552
12472 361 542 569 1340 1868 2228 3685 6118 7484
12474 2886 3050 3982 4475 4700 6496 7215 7489 7961 8156 8702 8876 9299 9591 9859 10287 10417
12477 569 1314 1329 1331 1394 1721 6108
12478 3731 6108 7820 10043
12479 360 361 1489 2051 2270 5228 5721 5984 9588
12480 5466 7822 8511 9386
12481 1666 1690 1830 1979 2657
12482 3924 4407 6709 7438
12483 164 1605 5631 9251
12484 1322 9103 9493 10423
12485 77 351 1155 2642
12486 376 985 997 1031 1272 1316 2277 2982 3054 4762 5758 6027
12489 4076 4974 5641 7999 8633 9504
12490 565 834 881 1565 1616 1942 3747 4314 8106
12491 417 707 1331 1721 3076 4768 5460 6468 8207 8465
12492 1893 2876 5778 9644
12493 408 501 579 2623 5144 5333 5984 6125 8528 8920 8939 9386 9937
12494 583 2541 5079 7180 8231 8369 9879 10119
12495 151 583 588 1813 2689 6108 8231 8318
12497 1340 1371 2691 4698 5209 6699
12498 25 253 351 6981 8939 9157
12499 707 1331 1340 1721
12500 505 2983 4401 6739
12501 2019 2660 3202 5984
12502 4565 4700 6191 6307 7998 8902
12503 5194 7377 7937 8303
12504 19 24 101 225
12506 361 4068 4705 6494 8105 8902 9140
12507 1420 2958 4289 7011 9522
12508 721 2997 6066 7484 7511 8326 8352 8805
12509 18 1329 1721 5305 8600
12510 2602 3105 3994 8228
12512 5837 6743 8680 8826
12513 210 891 1830 2295 6808
12514 33 137 1841 6299 7078 9767 10361
12515 228 3540 3682 6087 7059
12516 351 520 707 1329 1721 4700 6002 9471 9546
12517 444 1340 1711 1868 5556 6931 7274
12518 380 819 2107 5451 8725 10079
12519 2892 4869 5287 5377
12520 2237 2560 4850 8786
12521 6079 6854 9305 10411
12522 534 2378 6207 7321 7815
12523 3934 4441 5302 5501
12525 2509 4271 9679 9898
12526 2983 4214 4350 4777 5270
12527 1137 1945 2117 2124 2555 2579 4935 6345 9204 10162
12528 1361 1666 2509 3079
12529 126 5754 5963 8783
12531 1229 1340 1375 1868 2295 6003 8257 8609
12532 211 351 2766 3093
12533 1229 1980 2984 5460
12534 356 2987 3839 5201
12536 101 6740 9468 9885
12538 3050 3269 3925 6583
12539 183 1683 2741 6076 6674
12541 38 2162 2804 3468 5296 5366 6945 8113 9180 9443
12542 203 583 588 2835 8231
12543 361 1314 1340 1523 1568 1868 1946 3653 4385 4589 8106 8343 10368
12544 319 1377 1378 1379 2273 4674 4935 4995 5568 5779 7177
12545 2912 3094 3813 9261
12546 3551 6558 7832 9499
12547 181 1020 1349 1451 2364 5230 5871 6652 7006 7099
12548 588 598 2265 8231
12549 1208 4537 4956 5190
12550 25 1177 1178 7080 9132
12551 372 379 1008 4992
12552 678 679 2746 5721
12553 583 588 1871 5589
12554 714 7266 8977 9600
12555 19 20 8413 9493 10497
12557 2364 2739 3035 4106 4915 5098
12558 388 511 569 1222 3925 6247
12559 273 2837 6763 8795
12560 177 1854 3704 4819 6108
12562 2377 4280 4915 5536 6926
12563 1662 1846 2621 7032 7491
12564 1213 1298 1893 5400 9405
12566 42 545 691 2000 5666
12567 1666 3615 4714 7376
12568 17 2070 5079 5384 6653 6882 8642 9850
12569 1236 1621 7316 9046 9624
12570 2661 5779 5932 6849 7160 8415
12571 7572 8757 8940 10051
12572 1841 2802 4350 5378 5754 5859 5861 6739 6753 6885 10101
12573 7385 7663 8310 8477 8618 8711 9553 10032
12574 67 2043 2215 2434 2773 3076 3773 4201 5196
12575 31 211 1910 3496 3910 7065
12576 2746 6534 6645 7312
12577 583 1727 1773 3891 3981 5460 8231
12578 378 379 1821 4128 9839
12579 1498 1793 3898 8545
12580 2046 2047 4081 5837 8116
12581 4168 6247 7201 7242 8415
12582 579 1137 1340 1342 1368 1868 2046 6070 8086 8704
12583 390 2965 6247 8640 9298 9566
12584 1574 7262 8067 8103 8559
12585 1284 1505 1727 2123 4556 4719 4862 5460 6022 6874 6920 8207 8444 9240 9883
12586 1497 2132 4821 5984 7909
12587 1662 1846 4261 9493 10143
12588 511 2602 3105 10526
12589 662 1451 3864 4210
12590 588 707 1329 1331 1721
12591 1209 5874 7839 10238
12592 913 917 1391 4416
12593 4063 5708 6593 9558
12594 9129 9335 9877 10133 10394 10411 10539
12595 420 1219 2390 9733
12597 2148 4922 5424 6959 9489
12598 3766 4099 4304 4443 6611 9485
12600 7236 9467 9481 9846
12602 7691 8268 10207 10479
12603 381 8494 9491 10577
12604 2114 4912 5657 10239
12605 278 545 649 4602 5360 6180 6247 6876 7162
12606 2123 2303 6709 9240
12607 355 1186 2276 4214 6030 7386
12608 486 3051 6463 9339
12609 103 1821 1841 2162 3342 4475 5702 7246
12610 444 453 688 707 1329 1331 1340 1721 1762 1868 2272 2590 3215 3588 4267 4649 4744 4809 5775 6366 9346
12611 579 1568 1727 6985
12612 1874 1888 1930 4087
12613 468 1358 2635 2868 3022 3327 5010 7206 8373 9115
12614 95 2323 8109 9363
12615 195 2340 2840 5121 5256
12617 2047 2354 2656 3783
12618 4280 6277 6377 6982 7303 8106
12619 40 211 1913 2340 5728 6854 7034 7891 8082 8415 8590 9631 9633 9768 9825 10207 10371 10409 10558
12620 1178 2110 5244 6003
12621 178 260 3242 5247
12622 1597 1818 3986 4558 5016 7435
12623 3 579 1311 8415
12624 1290 4170 5927 7096
12625 183 5153 6011 6542 6941
12626 632 971 1284 1330 2466 4068 4088 5329 5721 6876 7578 9887
12627 6664 7826 8873 9158 9727
12628 195 1606 4599 4615 5688 8103 9885
12629 467 4391 6040 6377 7196 9744
12631 35 1294 2815 4720
12632 243 635 700 721 1462 2125 2515 4025 4068 4383 4860 5823 7078 10224
12634 2259 8179 8718 10087
12635 6429 7564 7774 8718 10019
12636 149 204 1340 1666
12637 164 2049 2127 3615
12638 1830 3850 3877 9493
12639 2294 3302 5762 7039 9356
12640 4418 4420 8731 9416
12641 319 3016 3919 4405
12642 96 7096 9371 10531
12643 5972 7808 9084 10239
12644 1246 6740 7797 9597
12645 656 870 2908 3913
12646 707 1329 1621 8064 8103 8702
12647 583 1375 5672 6982
12648 593 662 1186 1187 4068 5080 8231
12649 707 1329 1340 1721 1868 3889
12650 3939 10117 10510 10526
12651 263 3730 4214 4891
12652 1893 2942 4214 5757 6831 6956 8287 9923
12653 1177 3707 4255 6991
12654 78 1255 1662 1894
12655 1957 2262 2695 2842 8448 10136
12656 1841 4349 4838 4971
12657 2490 2761 3368 3467 5702 7418
12658 2567 2661 3000 4465
12659 183 407 587 611 862 1026 1235 1559 1650 1845 1856 1867 2248 3519 4015 5281 5338 5566
12661 486 1125 3810 9339
12662 491 2207 5054 5904 8231
12664 253 1298 2811 3468 4160 4487 6062 6954 7017 8863 9338 10002 10360
12665 304 4589 5524 7818
12666 227 641 1568 2178
12667 3135 3810 4025 4754
12669 5278 5475 6885 7402
12670 707 1329 1331 1721 3618
12671 1099 4009 4287 5529 8039
12673 260 860 7691 7932 9134
12674 4503 4640 4700 4865 6079 6889 7085
12676 419 1813 2047 5853 5855 7435
12677 35 601 1450 1457 5947 7111 8366 8515
12678 603 5493 5725 10146
12679 4401 5180 7054 8073 8107 8136 8137 9110 9386 9588 9934 10326 10458
12680 706 707 1329 1330 1331 1340 1710 1721 3618
12681 641 1446 6049 7961
12682 2156 2814 4877 6956
12683 146 583 588 2396 4020 9761 9832
12684 2511 2583 3749 3993 8415
12685 169 2877 2983 3347 3640 3776
12686 569 3683 6494 6991 8740
12687 9662 10051 10076 10506
12688 4205 5219 5708 5832 6324
12689 707 1108 1329 1721 2845 6816 7782 8381
12690 6717 7107 7759 9462
12691 707 1331 1721 3899 4700 6225 6822 7145 7817 8820
12692 260 606 612 4738
12693 707 1331 2359 4264
12694 4020 6363 7940 8232
12695 253 554 3672 5460 7610 10120
12696 1791 5366 8479 9069 9078
12697 2746 3588 7659 9449 9627
12698 569 2042 7157 8657
12699 4667 8444 9450 9493
12700 115 1049 2178 2549 6333
12703 1280 2122 5460 6988 8331 8349 8899 9782
12705 413 6557 8722 9750
12706 351 362 3565 5724 7766 8207
12707 409 647 1478 3564 4163 4260 9686 10536
12708 2055 4605 5358 6752 7310 7659 8499 9139
12709 1007 2444 4405 4974 8674 9222
12711 413 545 1196 5422 6652
12714 5478 5748 6663 7813 8116 9307 9459 10482
12716 1568 4407 7376 7438
12717 2590 4700 5536 6831 8106
12718 592 707 1329 1721
12719 354 1067 7080 7208 8074 8380
12720 1329 1331 4687 7856
12721 142 1868 4830 6520
12722 1227 1364 3989 6296
12724 5863 7402 8282 9533
12726 1469 2933 4214 7548
12727 758 1793 1809 2364 5379 6701
12728 2105 4362 5672 6278 7062 8103
12729 767 6349 7306 7996 10239
12730 1727 2364 5817 7934
12731 1905 3625 4198 5945 6876 8106
12732 1177 4014 5031 5226 5856 5863
12733 7763 8285 8344 8773 9252 10338
12735 2362 7224 7928 8003
12736 1868 3886 4297 5948
12737 6856 9115 9429 9491
12739 2938 4591 5680 9723
12740 1329 1331 1721 5501 9661
12741 6299 7867 7868 9572
12742 3000 5736 9991 10378
12743 625 1037 1902 2023 2846 3663
12744 420 1219 2169 3451 3813 9733
12745 149 204 2716 5080
12746 8359 9293 9729 9982
12747 1957 4824 6429 6876
12751 42 5356 7691 8107
12752 6373 6474 6528 6701 6822 7143 7583 7777 7930 8422 8436 9240 9242 10306
12753 216 374 1883 2794 5294 9929
12754 4061 5247 6135 8047
12755 569 1523 4829 5553
12756 1628 2178 2717 3179 5874 5925 9453 9883
12757 1832 2221 6067 8718
12758 7423 8237 9723 10331
12759 4422 5424 5604 8549
12760 206 561 1445 1734
12761 7817 7819 7822 7823 7964 8184
12762 1980 2602 5460 5947
12763 2035 4634 4816 7159 7694 10159 10360 10559
12764 167 520 993 1764 2469 3610 4077 4497 5984 9296
12765 211 331 2060 6363
12766 511 1887 7006 9892
12767 3347 4475 8630 9448
12768 583 588 3502 6673
12769 5658 6051 7953 8935
12770 1930 2151 3471 5823
12771 34 101 571 707 2717 6745 8103
12772 1178 2709 5075 7022
12773 2015 2655 4214 8103
12774 24 583 1932 3135
12775 203 1252 2303 7616
12776 412 633 1268 1464 1733 1993 2043 2147 2149 2915 3331 3628 4700
12777 583 4280 6076 8106 8231 8384 9151 9166 9481
12778 98 4014 4766 5973 7179 7447 7646 9043
12779 361 1133 1308 1554 1730 1813 3429 3653 4007 4134 5574 5635 5636 5959 5984
12780 1790 2238 4252 5620
12781 195 529 591 746 1874 4214 4773 5316 5535 6363 6701 6958 9723 9952
12782 361 1213 1340 1727 1868 5604 5823 7294 9524
12784 2576 5863 6889 8588
12785 483 1492 1705 7692
12786 1568 2603 8375 9360
12787 1355 1406 2555 4083 4669 8249 10420
12788 241 2303 5351 6626
12789 3707 6825 7997 8795
12790 1174 2125 3440 5577
12791 2146 9862 10051 10454 10476
12793 43 262 4025 4850 10549
12794 1133 2517 4491 6698
12796 384 1453 1466 4860 5988 7289
12797 334 6878 7165 7236 8751 10020 10260 10533
12799 275 1635 1666 4700 7773 8444
12800 210 1246 1255 4391 9400
12802 125 361 1394 1830 2078 5982 6778 7257 8868 10509
12803 641 868 1202 2391 5926
12804 264 2591 3824 4959
12805 268 381 569 1523
12806 180 1055 1213 1329 1721 2661 5245 5949 6412 6717
12807 1246 1500 2043 2295 2546 2568 2773 2993 3050 3638 3643 5460 5795 6555 6769 6977 7482 8344 9462 9645
12808 4700 7684 9687 10198
12809 149 204 569 1868
12810 707 1255 1331 1721
12812 2859 7224 8009 10031
12813 6739 7039 7870 8150
12814 417 463 4780 8736
12815 584 873 5292 5294 7979 8172 8591 8916 8963 9154
12816 569 7998 10113 10149
12818 545 1340 1868 2195 5911
12819 2590 4585 4811 9946
12820 1340 1523 1868 2283 2497
12821 519 7950 8285 10410
12822 2 24 707 1028 1209 1329 1331 1868 2282 3872 4309 5302 5484 5929
12823 706 707 1329 1331 1721
12824 767 791 792 1422 1518 2102 2683 4686 10467 10512
12825 381 9155 9708 9857
12826 707 1329 1331 3128
12827 1340 2280 6377 6627
12829 3423 4315 5691 9687
12833 588 595 2250 3841 6386 7402 7523 8269 8369 8760
12834 719 1174 5258 6173 6220 9308
12835 132 2692 8184 10602
12836 131 532 894 1639
12837 4670 6454 7691 8116 8415 10356
12838 923 5376 7899 10079
12839 222 433 913 3169
12840 1255 1720 4391 5765 8504
12841 1076 2435 3692 4081
12842 2043 6324 7856 10296
12843 568 1772 2576 2631 10322
12844 210 7127 7999 9044
12845 252 1113 4540 5076
12846 707 1294 1329 1331 1721 5018 6469 7401 7473 7909 7910 9035
12847 408 490 616 1666 8630
12848 351 2125 4569 6869
12849 1303 2585 7401 7532 8573 9768 9916
12850 1727 2213 3902 5457
12854 1178 1932 3645 4915 6538 6822
12855 1858 7047 7098 8606
12856 1469 3593 4063 4700 5874 6363
12857 588 4215 8273 10355
12858 1207 3648 8347 9075 10165
12859 315 1403 2102 2291
12860 253 511 4223 9916
12861 357 573 579 2736
12862 351 529 4214 7131
12863 578 918 933 5379 6041 7135 9974 10572
12864 38 397 1290 2009 2125 2190 2475 2895 3501 3649 4261
12865 2889 3084 5797 6276
12866 1269 1314 2253 9399
12867 5874 7386 7493 9535
12868 2267 3999 6426 8103
12869 767 923 999 1422
12870 2602 2658 5747 8610
12871 261 609 1284 2162 3968 5535 8646 8786 10239
12872 814 1342 2280 6465 6536 6743 8704 10237
12873 355 2377 6831 7006
12874 1736 3558 4460 9680
12875 187 583 3318 8231
12876 918 1081 3499 5763 9806
12878 641 903 2178 2293 2850 4452
12879 173 707 1329 1331
12880 2023 4684 6948 7059 8156 8230
12881 520 579 1523 6446 9558
12882 361 2047 5460 5676
12883 1894 2741 9767 10451
12884 1293 1985 2011 4410 4830 5006
12885 2477 3509 3892 8332 8718 9699
12886 1293 2059 3467 4349 4553 5242 5263 5366 6051 7038 7046 7572 8090 8174 8325 8562 8863 9167 9406 10002 10266
12887 165 1150 1340 1868 3942
12888 1329 1721 2900 3519 3792
12889 5741 5891 7356 8572
12890 579 591 662 2125 2283 6879
12892 756 1246 7311 10450
12893 149 204 583 588 1704 1893 2015 2047 2207 2655 2689 2845 3132 3150 4562 4768 4915 5268 5874 8106
12894 2457 2717 2836 3104 6212 6551 7626 8303 8456 8867 9728
12895 707 1329 1331 1721 9515
12896 641 5354 5584 5721
12897 2047 2095 4363 4875 6031 6895 6941 7408 7663 7965 8302 8439 9802 10031 10291
12898 2102 2141 4405 5791 8761 10413
12899 538 569 4214 8105 8203
12900 583 588 662 1330 5466 10273
12901 276 3086 7447 9685
12902 2434 3051 4597 5747 10062
12903 352 586 2205 7384 9849
12904 744 3426 4160 9481
12905 101 1495 3204 3888 8605 9401
12906 1023 3519 3792 7876
12907 2590 8343 9174 9471
12908 1319 3453 4080 6461 9386
12909 183 662 1558 8041
12910 1298 7695 8319 8424
12911 4768 6148 6182 7294
12912 1239 3317 6409 9518
12914 7664 8716 8893 9350 9860 9966 10355
12915 713 3678 3952 5993 7818 8822
12916 2021 4422 4876 5656 7699 10292 10441
12917 305 507 3368 3467 3859 4104
12918 1340 4208 4452 5642 6985 8795
12919 697 768 769 2575
12920 1742 2236 2992 5129 7564 10578
12921 4757 8800 8816 9102 9903 10478
12922 216 378 1271 1937 5379 6715
12923 195 1241 1597 4214 5460 7523
12924 311 1683 4405 9795
12926 2888 5116 6358 7748
12927 86 1893 5221 5478 6341 7423 8877
12928 252 2405 4467 4504
12929 2295 8625 8703 10552
12930 2817 3691 4475 6664 9025
12931 5101 8902 10179 10315
12932 1330 1710 2043 9240
12933 2601 6220 8844 9418
12934 707 1329 1331 2237
12935 227 588 641 684 3403 6108 8231 9092
12936 547 1177 1282 1921 4153 4603 4605 4768 4825 6155 6556 6942 7104 7420
12937 149 204 511 1459 2742 5460 6510 6701 6958 7777 8925 9280 9832
12938 1655 8444 8618 8729
12939 651 1067 2677 4770 4851 5984 6047 7347 8343
12940 4906 5584 6070 6108 9275 10534 10588
12941 154 1922 2887 3668 4772 5436 8363
12942 520 635 649 1133 1618 7059
12943 3588 4214 4741 4903 9240
12944 381 511 1568 5642 8074 9903
12945 3000 6332 9067 9205
12946 1568 2260 2507 7576
12947 2738 3575 3576 4214 4719 5535 8173 9235
12948 1469 1497 2801 5905 6740
12949 362 629 1169 2123 2590 3280 4214 6001 7289 8343 8534 10394
12950 1246 1330 1710 8413
12951 519 569 1375 3645 4409 8278 8588 8718
12952 891 1076 1803 1866 2162 2493 2991 3199 3307 4459 4694 5564 7572 9251 10143
12953 707 1329 1331 1721
12954 208 4320 4405 5706
12955 630 1459 1464 4249 5672 6323 10238
12956 2405 2861 3135 6324 6926 7492 8013 8509
12957 3000 8150 9379 9893
12958 1329 1331 1721 1989 3873 7585
12959 19 20 1767 2726 2944 4309 7555 9972
12960 700 1403 2071 5857 6494 6607 6987 7208 8103 9025
12961 511 4404 6122 8942
12962 3530 3531 6108 7685 7833 9537
12963 43 2732 2983 9861
12965 405 545 715 1711 2567 3579 3794 4584 5424 7266
12966 4687 5584 6484 9334
12967 2826 8071 8338 8625 8983 8987
12968 173 1330 2673 6794
12969 561 2752 4517 7275 7423
12970 4667 6741 9216 9751 10239
12971 583 588 591 1443 4700 5874
12972 1568 5460 6985 9607
12973 662 2295 3877 6299
12974 588 7780 8231 10078
12975 247 251 8455 8795
12976 8369 8848 9335 9546
12977 1700 5479 7659 10293
12979 164 2377 2529 3366 4023 7335
12981 1666 3094 4997 6699
12982 1067 2000 3747 3887 4198 5079 5984 8106
12983 2114 4912 7491 8730
12985 569 1991 2000 2283 2285 2295 2317 2505 2548 2702 2907 3925 4371 4405 5196 8103 8106
12986 211 569 1498 1711 1973 4047
12987 1329 1331 1576 1721
12989 579 1868 6108 8105
12990 351 776 1340 1868 2131 5194
12991 0 2704 3463 5856 8951
12992 588 591 6205 8273
12993 1213 3022 4028 8349
12995 707 1331 1721 4758 5535
12996 5265 7448 7944 8448
12997 1177 1340 1749 3982
12998 2424 4397 8442 8512
12999 611 1057 4560 4674
13000 1394 6375 6502 6605 7213 7289
13001 765 1280 3215 7670
13002 1102 1990 2043 3645 4599
13003 205 519 1443 2613 2719 7124 7743 7894
13004 2815 6539 6583 6959 9998 10122
13005 1497 7075 8740 9489
13006 658 767 2366 3427
13007 367 2841 2960 5299 8305
13009 1683 5042 5947 7093
13010 24 1329 1331 1721
13011 707 1282 1331 1721
13012 707 1329 1331 1721
13013 1007 7402 7721 9481 9493
13014 707 783 1329 1721
13015 1830 2960 4719 5752 7385
13016 1576 3910 10060 10608
13017 299 359 641 2009 2193 2228 2803 3463 5985 6889 6968 8106 8271 9148 10533
13018 31 1708 4020 8375
13019 8229 8231 8370 8644 9166
13020 2064 2546 2761 3301 4350 4553 6937
13021 540 2237 2238 2736 3717 4573 4796 8343
13022 629 1548 2804 7674 8344 10406
13023 2546 2555 8620 10147
13024 211 352 353 1246 1914 2377 5721 8873 9200 10159 10423 10424 10610
13025 1246 4615 4974 7585
13026 662 1928 2253 2766 4556
13027 6740 7402 8044 9784
13028 1660 6808 6927 8187
13029 202 7706 8287 9025 9492 9815
13030 1329 1340 1456 1721 1868 2884 4243 8055 8641 8902
13031 627 4307 6737 7357
13032 5318 7263 8795 10371
13033 601 2034 2674 9477
13034 621 1634 4600 8281 9661
13035 1329 1331 1721 10055
13036 4555 6013 6017 7969 8704 9240
13038 149 204 1340 1868
13039 1290 2015 4059 8697
13040 583 588 1340 1868
13041 792 835 896 4188 4872 5600
13042 1604 4139 4196 4579 5377 10363
13043 540 1187 1726 1727
13044 1706 3090 3254 3429
13046 354 569 1178 2047 3874 3925 5460 9392
13047 2443 7064 8555 10141
13049 559 751 2555 3934 4964 6125
13050 506 4171 7784 9373
13051 311 356 4830 7902 9214
13052 2185 3019 4284 6076
13053 2207 2936 6429 7477 7957 9989
13054 569 2043 2766 5776 8902
13055 374 378 1834 6437
13056 125 520 1213 1269 1293 1294 1727 1891
13057 584 6958 8103 9410
13058 1577 5745 6169 6543 6557 7077 7851 8939 9230 9416
13059 4214 4700 5217 7819 7908 9362
13060 605 4850 8760 9025 10371
13061 203 366 569 1122 2403 5746 8505 9727
13062 1970 4351 6192 6958
13063 662 1531 5535 6268 6982 10334
13064 94 819 1710 3576 5460 7250 8156 8328 8377
13066 187 195 4700 7819
13067 4120 5354 5584 9481 10380
13068 2114 5825 7214 7299 8253 8289 9431 9542 10039
13069 2624 6194 9023 9702
13070 3297 4632 5392 6345
13071 5642 5705 5823 10482
13072 264 787 2498 2964 4700 5657 6539 8304
13074 4214 6108 8212 8544
13076 2457 4687 7004 8554
13077 645 3507 8795 9524
13078 31 1446 3000 8002
13079 155 162 338 361 449 569 1048 1282 1329 1340 1721 1868 2221 2658 4048 4172 6545 6884 8467 8722
13080 187 195 707 1329 1721 2137 4214 4700 6761 6831 6943 7925 9950
13081 571 1932 4106 5803
13082 361 2257 7368 7402 10373
13083 149 204 579 630 1177 1484 1892 1893 3425 4649 5873 8106
13084 255 381 2541 2583 4906 5249 5745 6835 7585 8194 8375 9025 9329 9418 9898
13085 11 24 412 869 1340 1868 5598 5728 5851 5852
13086 653 2794 3962 5973
13087 1726 2380 3006 4405
13088 141 1051 2165 2903 2905 7167 7569
13090 793 2022 4223 7270
13091 2338 5785 5907 7665 8345 10552
13092 4082 5460 6888 8274 9155 10145
13093 376 2470 8902 10382
13094 1523 2993 4110 5899
13095 1108 1746 2766 9704
13096 1249 1666 3321 3344
13097 3216 4214 5302 8106
13098 3551 5436 7054 7402
13099 1531 1894 2155 3934 4875 6831 7906 9109
13101 1739 2865 3553 3984 4756 5300 9991
13102 24 37 130 183 211 253 275 583 588 591 812 1076 1246 1268 1375 1451 1614 1666 1704 1710 1711 1831 2046 2378 2494 2535 2853 2960 2974 3111 3499 3502 3610 3613 3674 3934 4214 4386 4537 4585 4620 4691 4700 4869 4971 5129 5320 5489 5601 5672 5820 5843 5966 6087 6765 6842 7059 7402 7619 7663 7860 7944 8057 8106 8281 8458 8469 8520 8591 9006 9072 9439 9780 10068
13103 707 1329 1331 4682
13104 1099 2764 6347 6842 7140 8524
13105 1329 1330 1331 1721
13106 6741 6873 8743 9492
13107 583 662 1569 2019 5628 5721 6879 7136 8207 9899
13108 1722 2949 7912 9806
13109 200 1856 2284 3882
13110 1892 2094 2583 3318 3691 4752 6553
13112 234 719 1743 6661 7953 9005
13113 1469 1868 4061 4208 4604 5781 6115 8484
13114 6198 6527 9885 10239
13115 6394 7749 8818 8821
13116 2427 4821 9183 9676
13117 2391 3869 4368 4370 6439
13118 604 3556 4369 4514
13119 2590 6771 7338 8421
13120 211 5965 6782 8256
13121 8967 9023 9806 10060
13122 583 4837 8231 8795
13123 77 3480 4318 4666
13125 2112 6859 7682 9767
13127 554 3133 5186 8717
13128 579 1271 1666 4441
13129 583 4686 5032 6642 7200 10512
13130 1451 4830 8579 8718
13131 203 1340 1868 2968 5227 8106
13133 353 354 359 6157
13134 439 1886 3161 4068 4478 5583 6247 7459 7820 8040 9265 9392
13135 1780 4797 8350 9071 9386 10495
13136 2 579 4198 5460
13137 1346 1859 1868 1951 2317 3889 3944 4537 5708 6692 10440
13138 34 7170 9967 10533
13139 35 772 2820 5371 7054 8103
13140 662 1529 4780 5454 5460 5984 8200 8636
13141 1732 4972 6421 7864 8290
13142 18 1133 2454 2574 4999 5117 5379 5634 7923 10015
13143 819 955 1978 2104
13144 14 24 1446 1666 2509 2511 2555 3639 5296 9450
13145 2701 3950 4081 4096 4732 5578 5823 8286 8665 8746 9289 9691 9867
13146 103 187 381 538 747 1255 1262 1727 2054 2260 2740 2849 2920 3413 3688 3730 4045 4258 4350 4611 4779 5026 5272 5359 5371 5506 5634 6247 6583 7548 7659 8103 8424 8717 8847 9752
13147 583 588 5947 8231
13148 211 583 588 1177 1568 5984 10311
13149 583 588 1868 6071
13150 1666 1858 1894 3390
13151 625 680 1062 1829
13152 1832 1899 5721 5984 6557 6591
13153 293 1382 2843 4084
13154 2483 2590 2815 6931
13156 1003 1006 1013 2366
13157 240 485 560 569 749 865 1159 2212 2689 4850 5823 6367 8350 8797 8936 10120 10568
13158 351 588 3886 8231
13159 389 5871 6299 8105
13160 24 719 2162 2335 2366 2457 2554 2612 2618 3344 3877 5762 6784 7057 7645 8535 8800 9075 10105
13161 2383 3674 4796 6227
13162 569 1727 5307 5466
13163 605 635 5183 7105 7142 7145 7777 7819 7823 9655 9723 10473 10550 10588 10591
13164 390 4896 6004 8511
13165 351 707 1329 1331 1888
13166 995 1007 2257 2958 3884
13167 707 1721 4773 8176 9971
13168 747 751 2391 3026 3830 4526 4695 5313
13169 1700 3936 5151 5268
13170 2744 5332 5460 5874 7317 9751
13172 351 1152 3758 4434 8057 9796
13174 651 1152 1666 2565 4275 4280 4432 5326 5395 5688 5868 6580 6876 7082 8162
13175 173 354 679 1340 1666 1868 4861 10410
13176 2302 2303 8554 10071
13177 707 1329 1721 4243 7556
13178 3540 3719 8231 9391
13179 651 5395 6435 7915
13180 4006 4768 5994 6115
13181 261 359 2293 4830
13183 1464 6229 8106 9893
13184 707 1329 1721 2482
13185 538 583 2047 2095 2732 3736 4215 5001 7833 7932 8310 9010
13186 2486 2487 6082 7468
13187 348 351 554 1917 2976 6508
13188 77 351 1291 2259 2801 2811 3645 3646 4157 4455 8618 8874 9493 10260 10330 10361
13189 5622 6784 7447 8888
13190 176 261 641 1256
13191 583 588 6816 7059 8516
13192 4830 8162 8718 9996
13193 1177 6029 7301 9386 9449 9782
13194 3000 4078 5863 6514 8448 9315
13195 1249 2321 3993 4453
13196 583 588 6003 7022 8273 9166 9356
13197 486 622 5218 9339
13198 583 588 2042 6879
13199 6527 6822 7692 8162 9511
13200 1346 6056 6553 8547
13201 597 598 2380 5792
13202 354 3993 6157 6281 7489 7721 8022 9329 9893 10201
13203 707 1329 1331 1721 2108 8987
13205 5361 7050 8163 8234
13207 1329 1331 1459 1643 2051 3457 3775 6765 7162 7874 8762 9470 10410
13208 1269 5007 6108 9234
13209 1878 2454 3912 5292
13211 538 583 588 8231
13212 583 1637 2576 5399 6394
13213 37 49 6891 9940
13215 149 204 210 4667
13216 302 374 993 5779
13217 569 5984 7834 8155
13218 0 6806 8116 10356
13219 569 1754 1932 2178 4198 8106
13220 1652 1696 2514 4104 6680 9084
13221 3982 7400 8332 9025
13222 707 1329 1721 4113
13223 583 593 2105 3793 5984 9964
13225 1000 1568 4198 4283
13226 24 707 1331 1710 1721
13227 7579 7934 9708 10120
13228 707 1331 1721 5405 6565 6605
13229 116 697 8356 9740
13231 2856 5869 9068 10333
13232 19 20 7864 8413
13233 23 30 319 325 433 587 897 1047 1078 1416 2345 3383 4695 4872 4974 5237 6354 6648 7897 8159
13234 1340 1868 1878 2941 3853 5711 6241 8003
13235 1568 5871 6715 7304
13236 951 1314 4155 5988
13237 1926 2123 9591 9723
13238 1177 1568 4198 7835
13239 743 2845 6831 10480
13240 67 2456 2872 3423
13241 311 4405 4930 10559
13242 588 2615 6042 8231
13243 355 1222 2015 3135 3717 4700
13244 1650 2058 2207 2756 3132
13245 2689 7867 9792 10399
13246 207 2240 4214 5079
13247 127 1329 1331 1456 1721 8103 8225
13248 1329 1331 1721 2730
13250 3730 5338 5460 6289 8065 8718
13251 3020 3701 5460 6804
13252 7162 7222 10044 10605
13253 5235 8272 8553 8796
13254 1404 2264 4968 5285
13255 629 1497 2766 5874
13256 2801 2856 2861 2880 4764 7062 7696 8509 10374
13257 1211 1319 2524 2590 2610 4181 4625 4860 7289 8372 8544 8682 9218
13258 328 596 1255 1894 4574 5507
13259 1329 1331 5871 7330
13260 5582 7616 7885 8717 9151
13261 1383 5773 6554 8106 9556
13262 600 1670 5048 5094
13263 4014 8165 8738 9471
13265 311 314 1340 1868 5402 6119 9707
13266 1329 1721 6001 7987
13268 102 653 1632 3427
13269 7232 7720 7948 9240 10298
13270 515 1979 2580 6075
13271 1271 1460 2105 2253 2480 5054
13272 253 724 1256 1774 1998 2795 4258 4700 4995 5001 6262 7909 8231
13273 1394 1594 2127 2621
13274 1898 2800 2812 2933 3346 4408 4867 5001 5073 5318 5777 5972 7223
13275 629 3318 8169 9040
13276 149 204 627 2179 4109 4826 7792 8536 10131
13278 1296 1907 4020 5982 9166
13279 707 1329 1721 5598
13281 624 1150 1451 4796
13282 60 164 213 1007 2023 2391 3249 3497 3813 6521 7749 8258 8704 8902 9175 9635
13283 588 641 1340 1404 1868 1901 2102 5704
13284 420 5943 6378 6695 7588 9733
13285 4209 6170 8106 10069
13286 45 1173 3163 3749
13287 3588 3869 4048 4063 4261 5176 5535 7695 8128 8353 8465 8494 9054 9280 9418 9644 9712 9885
13288 354 5922 6394 6979 7691 9490
13289 351 1067 1780 3854
13290 7815 9189 9493 9615
13291 311 1712 8156 8987
13292 2047 2745 4349 7833 8439 8790 10252 10355
13293 24 35 111 352 662 707 1294 1721 2819 2983 3423 4198 5460 10533
13295 1726 1980 2696 2697
13296 1886 1888 4782 5582
13297 709 2438 4285 4615
13298 2889 3120 4558 6990
13299 1727 4433 5823 8748
13300 36 420 2489 5492 5943 9685
13301 181 4622 5041 8303
13302 7931 9470 9481 9813
13303 31 351 569 1568 6377 7559
13304 420 9685 9733 10246
13305 0 2408 5478 8103
13307 1255 2178 4615 8424
13308 305 2719 5599 8096
13309 583 588 2746 9494
13310 145 1314 2285 4975 7131 8563 10035
13311 3999 4097 4422 6199 7315 7638 8654 8672 9293 10207
13312 892 1329 1331 1721
13313 542 1256 1749 4452
13314 579 6932 7142 7731 7780 9414
13315 3766 4742 6494 10139
13316 211 1195 1330 1710 3139 3149 5724 7291
13317 511 2691 2936 5476 6070 6122 8509 9240
13318 3199 5361 8592 9693
13319 1311 1330 7716 7763
13321 413 2115 2589 8046
13322 587 611 1057 1059
13323 707 1329 1331 1943
13324 2555 7491 7944 8718 8795
13325 1330 1710 3094 6982 7997
13326 5502 5642 5795 8034 8106
13329 24 176 4198 7006
13330 437 1131 2709 5778
13331 1008 1977 2605 4757 5372
13332 204 511 6428 8369 9258 9470
13333 469 722 2067 4985
13334 1443 1523 2509 2561 5423 10304
13335 257 299 520 727 744 1480 1888 2590 2873 2942 3936 4091 5062 5460 5543 6831 7156 7408 7484 7689 8158 8585 10293
13336 2426 4396 5120 8117
13337 2059 6028 8562 8619
13339 851 1918 2533 3252
13340 2011 4391 5441 6348 7569
13341 512 3572 3574 3925
13342 707 1331 1673 1721
13344 154 833 1301 2189 2293 2738 3909
13346 593 706 1140 3801 5219 7448
13347 133 720 2647 4528
13348 1255 2621 6890 7243
13350 1862 2367 3869 8879
13351 36 1765 2428 2960 4297 10400
13352 579 1569 8343 9471
13353 348 349 437 520 569 630 641 650 662 1301 1375 1457 1489 1932 2293 3202 4020 4312 4404 4472 4856 5249 5378 5706 6699 6711 6715 6989 6997 7113 7136 7140 7315 7397 7514 7842 8106 8221 8343 8347 8375 8684 8735 8738 8843 9006 9207 9423 9605 9873 9889 9983 10417 10547 10611
13354 2142 2154 2866 9297
13355 1050 2564 2930 4979 5018
13356 707 1331 1394 1721
13357 5175 6667 8039 9589
13358 588 2053 2689 4198 8231
13359 721 2225 2768 3091 3519 3680 4207 7380
13360 206 1209 2457 2945 3249 8106
13361 319 600 1144 1673 3496 4532 5344 5547 5915 6655 6701 8556 10479 10533
13362 227 571 833 1174 1698 2861 2961 4132 4133 4914
13363 2597 8718 8745 9160
13364 2687 2896 5932 8424
13365 2483 3249 3938 9885
13366 2500 2642 2968 4196 5258 5873 6831 7509 8902 10337
13367 583 588 8231 8251
13369 149 1531 2989 4590
13370 2961 5457 9275 9396 10121
13371 2162 2801 7448 9885
13372 80 4845 7634 8733
13373 1459 2043 6565 6620 6642 7799 7822 9386 9775 9873 10092 10331
13374 569 1256 5604 5947 8105
13375 354 1576 1932 3884
13376 804 1346 4198 5460
13377 639 2190 5646 9767
13379 2935 3687 7316 7878
13380 957 995 2957 4702
13381 262 711 2405 6037 6643 7388 7836 7878 7906 9318
13382 24 564 707 1007 1329 4000
13383 187 2132 2815 3521 3588 4584 4650 4700 4719 5302 5757 6117 6341 6348 7548 7612 8207 8819 8948 9108 9112 9386 9588 9899
13384 487 1213 2442 4597
13385 183 1909 4252 4758 5292 5318
13386 1523 3019 3551 5133
13387 486 579 1340 8322 9339
13388 1255 2646 5367 8162
13389 584 1857 5077 5460
13390 1493 5311 6581 10334
13391 77 5260 5623 9794
13393 305 3650 8103 9497
13394 2 662 1151 4796
13395 874 1948 4762 7248
13396 569 3830 8338 8432 9025 9202
13397 707 1301 1329 1721 2695 4518 4570 6565 6637 9380 10199
13398 1799 1818 3538 4638 5863
13399 707 1329 1331 1721
13401 13 1813 8278 9883
13402 538 1178 1340 1568 1574 5436
13403 2349 4782 6121 7576 9330
13404 2546 4020 9189 9481
13405 102 241 2457 2583 7377 8043 8951 9160
13406 2624 2640 3645 5984 7818
13408 24 260 361 362 569 586 591 718 1222 1344 1569 1874 2253 4156 5771 6113 6247 7523 8811 9151 9906 9919
13409 104 583 641 2989 3519 3792
13410 707 1329 1331 1721 9160 10411
13412 929 1177 5746 10482
13413 583 588 6246 8231
13414 569 1340 1868 2265 2960 4732 8074 8717 8919
13415 2901 3000 4133 6696 7448 8449 9148 9550 9636
13416 589 5460 5556 8034
13417 579 2661 5954 6605 6701 7884 9326 9370 9581 10143 10195 10550 10604
13418 1098 2785 7652 8415 8919
13420 772 3913 5242 6927 7798 7819
13421 1155 1213 6844 7320 7569 9415 9590
13422 707 1329 1721 3899 6217 9903 10143 10502
13423 4862 6699 8039 9925
13424 2758 6597 8328 9276
13425 2303 4700 5851 7798 8106 8546 8645
13426 8833 8835 9723 10198
13427 2043 5305 5994 6775 8103
13428 53 3084 5863 6023
13429 2766 6073 8588 10143
13430 1446 2983 5768 9980 10424
13431 102 4554 7054 9615
13432 1886 2108 2827 3952 7591 7878 7925 8920 9046 9265 9624
13433 34 37 38 2546
13434 1329 1331 1721 1932
13436 2162 5179 5378 5982 6055 7953 9064 10522
13437 488 1608 4584 5942 6131 6375 7129 7910 8625 8818
13438 564 5565 5721 7578
13440 822 889 1034 1624
13441 2689 8795 9356 9357
13442 1711 3664 5395 7542 7891
13443 1342 3754 3798 8246
13444 1406 2362 4093 5594 9605
13445 5205 6527 9025 10045
13446 1340 1868 2541 9139
13447 1878 2567 9494 9506
13448 362 707 1285 1331 3948 5586 7317 7438 7881 8800
13449 6165 6541 7519 8069 8344 8444
13450 1387 1862 1863 4674
13451 6505 9276 9873 9975
13452 1326 6076 7356 7363
13453 18 1446 3000 7028
13454 4934 6178 6831 9386
13455 3912 4132 4133 6770
13456 472 1182 1446 8704
13457 77 118 1367 5302
13458 579 1707 1937 2400 2512 2800 3000 5167 5321 8131
13459 579 1340 1868 2480 5984 8253 8580 10068
13460 569 583 8231 8369
13461 1225 1840 6465 7628
13462 662 1173 4243 5926
13463 1627 5584 8457 9635
13464 361 1222 5153 5604 6194 7006 7296 10149
13465 2811 4100 6130 8700
13466 1617 5470 6076 8285
13467 1727 4198 4897 7175
13468 1330 1710 2732 9861
13469 4686 5664 8905 10512
13470 7289 9240 10279 10578
13471 569 2658 5798 9027
13472 211 569 1340 1868
13473 5022 6324 8669 10261
13474 292 1635 1758 8343
13476 707 1331 2420 4765 5335
13478 228 4150 4193 5243 7509
13479 6816 7672 9490 9492
13480 42 4545 8700 8748
13481 569 5460 8625 10389 10408
13483 305 569 588 8231
13484 273 274 351 10440
13486 1177 1959 3698 4737
13487 1568 4198 5823 6664
13488 583 588 3680 5520
13489 569 1666 5064 7665 9134 9542
13490 707 1329 1331 5006
13491 353 354 1001 1301 1772 4830 4923 5561 7127 8444
13493 895 2404 2546 6831
13494 14 4108 8929 9255
13495 1187 1329 1331 1443 1721 4581 5349 6184 7246 7677 8303
13496 2085 5284 5549 5721
13497 2413 5966 7722 9420
13498 1658 5965 6247 7131 8303
13499 1943 2511 3425 8547 10497
13500 354 650 707 1892 4214 9723
13501 149 7807 8718 9952
13502 4700 7807 7823 7925 9034 9416
13503 101 6740 7987 8187 9529
13504 40 1526 1712 1980 2709 4667 5379 6162 10533
13505 4432 5166 6958 8718
13506 486 569 1340 8679 8707 8796 9353 10142
13507 25 2121 2293 2567 4475
13508 2237 2689 3719 5441 8303 9734
13509 4393 5281 6415 7720
13510 2803 7872 8581 8804 9885
13511 9450 9767 9901 10258
13512 5721 8655 8661 8668
13513 165 1185 6958 7668 9904 10128
13514 6219 7131 8271 9903
13515 7659 8625 9025 9487 9588 9745 9841 9939 10411
13518 3000 4417 7273 9315
13519 26 1845 2017 3792 4603 5874 7197 8296 8348 10500
13521 579 1162 1213 1848 1860 1930 3502 4219 5080 6344 6538
13522 711 713 2840 3819
13523 6804 8555 10581 10616
13525 1134 1595 1881 2067 2129 2675 3252 3645 6545
13526 463 464 586 1344 3091 3150 5845 5874 6458 6467 6522 6547 7145 7792
13527 3485 3487 6229 6296
13530 569 706 1932 2047 4443 4796
13531 571 635 678 1411 2318 2590 4033 4055 4532 5460 6164 7136 7142 7242 7781 7818 7823 8625 8717 8836 10195 10306 10417
13533 36 654 670 787 947 1034 1053 2596 2909 4444 6859 8151 8423
13534 5641 6414 8680 9971 10440
13535 275 1186 1187 4198
13536 6554 6565 6599 8864
13537 204 206 1568 1868 5257
13538 569 3601 6689 8487
13540 213 635 1281 5424
13541 1375 3913 4027 5657
13542 470 1007 5396 6391
13543 381 1394 1632 2206 5482 5521 5942 5984 6534 7071
13544 569 1940 4700 7179 8044 9248 9311 9885
13545 600 2249 2940 8103
13546 2564 5679 6976 9271
13548 618 652 1421 8726
13549 1551 3431 3434 4030
13550 545 8718 8795 10120
13551 1470 2942 7678 8921
13552 1936 2124 2859 3867 5460 6958
13553 866 1255 2547 4198 4349 4674 8223 9361 10116 10614
13554 119 1488 4741 7168
13555 34 3615 7402 9493
13556 155 162 458 1700
13557 14 611 1574 3513 3869 4674 4897 7504 8039
13559 707 741 1329 1331 1721 6872 9389 9745 10096 10452
13560 1343 1959 3582 4405 7598 8350
13561 660 6612 6741 7054
13562 569 5984 7124 7491
13564 241 357 511 1222 2253 2296 2736 5988
13565 1446 2121 2555 3000 4391 10533
13566 3454 6719 8239 10570
13567 5460 5721 6070 7205 7891 9529 9980
13568 2649 2983 3270 4186
13570 4968 5721 5746 8392
13571 1340 1868 7024 7161 9240
13572 27 1609 2162 4417
13573 1122 3118 6206 8093
13575 602 8485 9450 10155
13576 583 588 4462 8231
13577 2745 9907 10383 10499
13580 8139 9335 9496 10099
13581 210 3450 4106 5664
13582 3501 4301 8271 8749
13583 569 1340 1868 2555 5624
13584 36 742 796 824 1780 2007 3135 3842 4002 4350 5672 5972 6238 7353 8136 8424 9148 9972 10101 10400
13585 836 2603 3830 5828 6366 7010 7405 8317
13586 592 1027 2047 2784 2928 3472 3969 4322 4537 4545 5909 6076 7016 7294 7409 8264 9029 9096 9104 10137 10235 10493
13587 1562 4191 7720 9637
13588 1732 2152 2555 4492
13589 765 3952 7151 8399 9503 10440
13591 2843 6212 6979 7275
13592 1943 2942 8919 9235
13593 5721 7777 8343 9595
13594 348 3899 5721 7575 8471 8788 9692 10063
13595 101 5657 5678 8453
13596 1970 4007 9548 10143
13597 1186 1187 2546 2576 3000 7040 8652
13598 539 707 1331 1340 1721 1868 1893 4768 4850 7485
13599 160 5574 5721 10574
13600 123 7874 8921 9488
13601 2300 2302 4959 5022 6868 7739 8103 8134
13602 768 1421 1422 3896 8799
13603 119 2650 7385 10260
13604 165 511 679 746 1149 1223 1282 1449 2749
13605 202 247 352 354 361 459 547 579 1125 1196 1340 1342 1472 1781 2108 2364 2565 3126 3576 3899 4177 4192 4214 4409 4584 4699 4700 4780 4915 5144 5744 5848 5922 6264 6392 6536 6565 6676 7795 7866 7935 8105 8717 9317 9451 9581 9686 9773 9873 9958
13606 4708 7443 8795 9268
13607 7046 8115 8424 9636
13609 2171 2456 9033 9542
13610 1330 1710 3034 4060 5460 9046
13611 2042 2194 3717 4816 9166 9919
13612 9528 9802 10252 10275
13613 444 632 833 4143 4605 5311 6717 7078 7136 7289 8212 8978 9240
13614 579 707 1329 1331 1685 5970 7925 8129 8489
13615 583 595 1868 8231
13616 149 204 1990 4097 6942
13617 696 1844 4331 4395 4397 4898 6276 7815 9718 10018
13618 579 711 5101 6919 7112 9556
13619 2766 2886 5460 8084
13620 141 668 1883 2391
13621 233 1470 1497 1732 4243 4896
13622 5972 8303 8364 8690 9600
13623 4097 4102 5460 5863
13624 351 707 1329 1331 1868 5460
13625 1223 2802 4391 6421 7096 9885
13626 501 653 1538 4897
13628 2095 5984 8867 9354
13629 228 1246 2679 2815 4639 4768 5929 6017 6660 6831 7341 7479 8106 8323 8424 8448 8581 8625 9005 9240 9427 9485 9792 10057
13630 1894 3886 3975 6366
13631 1394 2089 4198 4452
13632 1666 2501 5584 6124 6728 7163
13633 467 1541 2049 4348
13634 24 79 736 1285 2391 2824 2945 5721 5851 6796 6905 7663 8103 8106 8470 8471 9588 10355
13635 2403 2405 9696 10131
13636 3838 3839 7431 10399
13637 1568 5460 6715 7934 8846 10330
13638 1940 4349 4639 7135 8037
13639 4698 5601 6278 6816 8064 8448 9139 10489
13640 1177 5840 7664 9543
13641 179 4432 4475 5516
13642 6394 6701 8390 8718 9768 10044
13643 2884 6252 8663 8667 8795
13644 1194 2766 6831 7103
13645 4452 4576 5125 7741
13646 34 569 707 1007 1177 1329 1331 1568 1721 2216 4700 4830 6373 6429 6676 7402 8303 8526 9025 9240
13647 216 569 707 1329 1721
13648 352 583 588 7022 8273 10069
13649 4700 6889 7347 8591
13650 242 3940 4268 7175
13651 1727 1932 5604 10177
13652 1868 4198 6620 6715 7413
13653 1329 1331 1721 2538 10500
13654 2205 7333 7849 8339
13655 2114 2815 2822 2861 3519 7485
13656 354 579 600 1284 1340 1911 2123 2201 3039 3550 4048 5277 6108 6626 6701 6959 8236 8717 9240 9277 9409 10139 10382 10552
13657 361 1568 4443 6985
13658 2124 6466 6958 7744 9921
13659 583 588 4784 5379 6386 8136 8231 9137 10450
13660 221 222 1981 5478
13661 159 5444 5460 7852
13662 583 588 1727 7071 8867
13664 2661 2817 2875 7486
13665 707 1331 1721 8207
13666 384 1462 2515 6066
13667 6545 6577 6831 9004 9041 9873
13669 608 2729 6059 6577 6905 7365 7591
13671 430 707 1329 1497 4535 10472
13673 7484 9515 9627 9734
13674 2123 5874 8786 9166
13675 665 823 2611 5025 6965 8146
13676 4316 5888 6522 6620 7054 7199 7909 8918 9559 9720
13678 9599 9928 10397 10433
13680 1978 2534 2631 3704 4389 4579 6787
13681 569 1347 1666 4198
13682 1710 6518 8212 10394
13683 3758 3760 4161 5471 5863 7491 10424
13684 6496 7532 7796 8438
13685 160 311 348 1826
13686 364 824 1586 2511 2568 3000 3852 4553 7250 7891 8106 8285 8497 9005 9036 9102 9416 9852 10117 10257
13687 101 662 1178 1726 2056 2238 3100 4463 6194
13688 172 584 1256 6268
13690 3599 6199 6785 9195
13691 351 1330 1710 4067 4605 5728 9574
13692 501 4801 5493 5674 8283 9084
13693 404 1128 1598 2393
13694 2413 3859 8794 10076
13695 2511 3576 5189 5191 6304 6421
13696 101 4156 5721 5755 8526 9025 10007
13697 2909 8151 10208 10299
13698 273 274 635 1711 5775 8740 8795
13699 579 588 7022 8231
13700 3717 4423 6180 8536
13701 4638 5509 7720 8070
13703 282 746 1721 1916 2542 3000 4149 4350 4400 5302 5333 5475 6076 6333 6507 6708 7233 7274 7983 9071
13704 569 707 1329 1331 1711 1721 5604 8554
13705 1201 1202 3126 8703
13706 707 1331 1721 7925
13707 204 662 2319 3593 6243
13708 1637 2849 4328 4401 4757 5475 5863 7434
13709 5070 7402 7798 8387
13710 2815 3204 4284 4638 4741 7620 7909 8948 9304 10527
13711 583 1340 1868 8231
13712 542 5642 5708 9735
13714 19 1791 8625 9511 9874 10478 10591
13716 1329 1331 1721 4974 5029 6287 8207 9025
13717 520 1459 1478 1496 1568 1597 1721 1768 1893 1909 2178 2257 4020 4214 6699 7386 10602
13718 1096 1864 2749 4371
13719 1568 5178 5460 9832
13720 583 2887 8144 8231
13722 3514 4280 7016 7312 7402 8439 9010 9099
13723 1868 7523 9275 10078
13724 604 3556 4726 9876
13726 1177 2661 5746 6012
13727 1280 2237 2542 10270
13728 253 824 2877 5223 6685 6686 8448
13729 1092 2500 5217 6079 6463 7140
13730 1255 2035 2110 4431
13731 650 1262 1955 2124 2787 4214 5371
13733 1186 1187 1300 1930 1979 3519 4772 4842 6957 7073
13734 621 8369 8795 9212
13735 210 2377 2766 7665 8103 8444
13736 772 4903 6774 6870
13737 800 1068 1081 1099 4009 5564
13738 707 1329 1721 10108
13739 3000 4667 6046 10258
13740 1488 2833 4358 6336 6582
13741 2212 4891 7215 8523
13742 540 542 1773 4283 4649 5460 5873 6205 8415 8555
13743 2155 2555 7999 8448
13744 579 1314 1568 5823 8343 8958 10060
13745 1340 2229 2240 2689 3956 4738 6143 6989 8339 8644 9372
13746 569 6307 8374 8381
13747 5657 7308 7961 10239
13749 711 4915 5183 7733 9927
13750 1280 2334 6009 7982 8829 10491
13751 18 2294 2631 3874 5927 7569
13752 183 2015 5914 7180
13753 520 1122 2936 6421
13754 1446 2154 4918 7023 9550 9896
13755 2983 3000 3094 3095 6215 9261
13756 2307 3120 3747 4449
13757 301 651 3917 3918 4194 4686
13758 408 2721 2802 2803
13760 594 1210 4432 6905
13761 579 1568 6471 7145
13762 7308 7692 8284 10091
13764 1575 1751 2055 4690 8106 8665 9399
13765 24 583 588 2568 9363 9784
13766 1825 7353 7437 9834
13767 1173 1177 6170 8278
13768 5812 8939 8987 9874
13769 3811 9161 9742 10391
13770 939 2122 7660 10452
13771 583 588 3282 4770 6071 8303
13772 365 2056 5803 6336 7006 8303 8947
13773 4975 5020 5870 7488
13774 1340 1868 1932 3813 4532 6108 7205 8162
13775 1007 6070 8832 8936
13776 2300 6167 8106 8198 9412 9952
13777 707 1329 1331 1947 2919 4020 4907 4938
13778 204 1256 1868 4198
13780 5051 6082 6739 6840
13781 149 6440 7556 7912 8448 8902
13782 102 674 767 819
13783 328 2124 2861 5026 8106
13784 216 2391 4380 4936
13785 1938 3720 4666 5772
13786 125 1284 1327 2811 8424 9318
13787 381 588 1568 5915 7089 7131 7944 8231
13788 708 4766 6709 7664 7934 9572
13789 381 5807 6772 10480
13790 34 38 95 996 2800 3941
13791 583 1222 1347 8231
13792 768 1153 1177 2714 2806 4821 7016 7409 7420 8424 10420 10586
13793 794 1340 1868 4690 6194
13794 547 1331 1721 4063 4942 5721
13795 707 1329 1331 1340 1868
13796 2766 5080 5851 6148
13797 609 3779 4078 5151 5666 9240
13798 662 2047 8103 9526 9801
13799 3886 4182 4417 5183 5405 7142 7201 7765 7777 8316 9421 9928 10197 10588
13800 4768 5604 5775 6989 7687
13801 8356 8619 9350 9912
13802 542 3551 4030 5424 5444 6310
13803 311 707 1329 1331 1721 5125 5554 5836 6648
13804 569 3207 8415 9588
13805 221 222 407 917 1828 3556
13806 3150 4110 5604 6860
13807 358 3280 5721 8058 9990 10232
13808 5478 5748 7891 10482
13809 1329 1331 1721 4974
13810 4571 5234 5475 6905 7783 7956 8237 8424
13811 3020 7215 7616 7916 9554
13812 1512 2408 2409 5478 5746 8116 8481 9210
13813 898 977 5597 9974
13814 2546 3981 6584 7361
13815 2560 2571 6846 6905
13816 467 569 654 1007 2524
13817 2128 3859 4351 7257 7431 8398 8563 9179
13818 195 766 1186 1187 1253 2205 2483 3437 4417 4795 8480
13819 7491 9493 9847 10373
13820 1246 1333 6094 7299
13821 1124 1192 2016 2372 4567 5147 8786
13822 439 579 649 1552 7044 7289 7689 8343 9614 10083
13823 67 511 1932 4020 4198 6039
13824 326 1377 2038 4852
13825 6466 8494 9224 10120
13826 351 540 1329 1331 1527 1868 4700 6667 6876 7078
13827 534 5254 8788 9493
13828 1190 6122 8424 9519
13830 5395 7044 8207 8673 8920 9575 10135
13831 707 1331 1721 4901
13832 583 1383 4897 8008 8775 10508
13833 2766 2784 6242 7934
13834 585 934 1026 1057 1106 1862 3513 5568
13835 569 641 1314 1568 3925 5823
13836 4830 5996 6301 6314
13837 730 7470 7775 8729
13839 2051 2576 2719 3979
13840 1293 3333 4351 6122 6982 7843 8362 9036 9581
13841 201 2844 5823 5863
13842 6540 6546 6577 6643 6976 7450 8972
13843 211 692 693 694 1354 2000
13844 1177 1990 2283 3003
13845 1329 1331 1721 1756
13846 1915 3280 8768 10417
13847 22 2937 7402 9761 10158
13848 1797 2546 4639 7373 8448 9180
13849 1145 1308 6883 8278
13850 4698 5424 5721 6247 6426 7957 9240 9340 9627 9667 10007 10123
13851 1066 3146 3910 8106
13852 2794 4501 5699 8810
13853 311 437 2990 4386
13854 3000 4246 6438 7416 9657
13855 641 1340 1868 6259
13856 228 1285 1302 5395 5747 7131
13857 351 1410 2565 3204 4349 6429 7998 8277 8303 8401 8987 9340 9493 9706
13858 274 362 1913 2561 2732 9861
13859 1340 1534 1868 3956 4252 4537 7299 9788
13860 3648 3978 5489 9782
13861 869 1000 1007 1174
13862 2208 2212 5874 7493 7687 9240
13863 569 6831 7491 7523 7819
13864 1565 4975 5746 8136
13865 1955 2802 3467 4104 6802
13866 520 8106 9415 10198
13868 2652 4700 5558 5874
13869 707 1329 1331 7093 8106
13870 409 676 948 4462 5598 8303 9427
13871 1123 1932 4768 5845 6577 6586
13872 447 2546 3347 4110 4708 5972 7159 8146
13873 1329 1331 1894 3668
13874 2162 2849 4971 6276
13875 18 169 289 502 569 707 2861 5719 6051 6665 6808 6809 7669 7926 9885
13876 1794 5929 6084 9160
13877 3994 5552 8718 9363
13878 1552 2984 3215 3887 3925 5162
13879 2621 7448 8290 9528
13880 1317 6157 6321 7569 7989 9122
13881 35 9151 9487 9723
13883 707 1331 1721 8759
13884 6070 8116 9208 10069
13885 4 2804 2868 3258 8290
13886 854 3758 3865 5092 7163 8387 8637
13888 4956 5823 9010 10355
13889 1894 5709 6511 6665 7635 9493
13890 325 726 4525 4801 4838 4905 5264 6167 6307 9140
13891 1082 3782 6927 8017
13892 583 588 706 4830
13893 3249 4974 8037 8106
13894 630 1154 2047 5907
13895 584 1439 1943 2019 5077 10413
13896 3420 3485 6301 7900
13897 1469 1477 2783 3646 3811 4860
13898 40 63 740 1440 1446 2426 2432 4592 4639 4902 5296 5647 8424
13899 657 658 1036 1978
13900 374 376 654 2329
13901 211 357 659 707 834 1150 1151 1329 1331 1619 1721 2207 2524 2831 4497 5184 5460 5598 6724 7569 8710 9020 10414 10482
13903 116 1178 2822 2864 6809 9493
13904 2744 6112 6260 6643
13905 1223 1621 2045 4556 5460 6984 7243 9023
13906 964 1356 5244 8434
13907 218 569 1250 3644
13908 707 1329 1721 2960 6714
13909 1714 2073 2280 3067 7616 8103 8552
13910 571 1308 5907 6643 8845 9240 9588
13912 784 1666 2555 4960 4979 9329
13913 152 513 4162 8448
13914 1726 2472 3653 6904
13915 1340 1866 1868 1901 2143 4474 5779 6695 6891 7273
13916 654 2746 5719 6599 8322 9393 9873 10417
13918 149 161 204 1271 1868 2688 5411 5872 8106 8704
13919 6079 6611 9509 9745
13920 588 589 1568 5871 9668
13921 1868 3986 6163 7022
13922 4698 8231 10146 10314
13923 2768 3986 4915 5245
13924 4700 6201 7050 8588
13925 1188 7833 9802 10069
13926 1330 1710 2620 2886
13927 381 1239 2541 2625 7706 9030 9074 9861
13928 101 3994 4686 5416 8555 10430 10512
13929 479 2280 5844 6907 10429
13930 3683 4667 10186 10589
13931 2802 5129 5911 6002 6876 7566 8321 9785 10266
13932 2941 3331 4002 4910
13934 63 8335 8448 9813
13935 707 1329 1331 1929 5874
13937 24 1432 1727 2042 8106
13938 583 588 1697 4821 5967 8113
13939 31 1255 1322 1615 1894 2621 3526 4261
13940 584 2691 4147 6676
13941 3000 7491 8128 9471
13942 569 593 5721 8310
13943 583 588 8106 8231
13945 211 1576 2766 2819 4659 4850
13946 4087 5330 5461 6281
13947 2126 2942 7423 7819
13948 219 355 381 566 1157 1512 2236 2736 2768 6793
13949 569 1451 2070 2845 3811 4532 6599 8106
13950 1666 5329 6216 6600 7112 7448
13951 1678 1858 2968 3985 4198 5300 6827 7098 9480 9658
13952 393 819 1050 1408 1865 2178
13953 1791 2207 4329 5982 7854 10431
13954 6680 7448 7560 8563 8697
13955 1329 7138 7143 7201 8668 10092
13956 2606 3899 5460 6626
13957 1895 2067 2352 2511 8106 9151
13958 101 1830 2643 4223
13959 118 183 253 583 588 1233 1394 2127 2293 5230 8271 8381 8424 8610 8798 9885 10032 10120
13960 1423 3875 4234 4420 5532 6433
13961 4160 5475 7385 10404
13962 381 579 1832 2766 5846 6004 6603 6701 7731
13964 707 1327 1329 1331 1882 2016 2788 4342 5721 5852 6247 6701 7668 8551 9782
13965 1423 1446 5420 8448 8634 10118
13966 1286 2520 2823 5664 5820 6740 7330
13967 583 588 4883 8231
13969 650 2162 2719 7909
13970 569 3707 8105 10489
13971 583 2411 2689 4162 8369 8432
13973 707 1329 6078 7664 7833 8236 9588 10069 10413
13974 5460 7179 7489 7691 9892
13975 1904 1979 2109 2303
13976 707 1329 1331 2479 2698 2804 2942 5724 9768
13977 128 4349 4869 5207
13978 1246 9493 10020 10511
13980 5305 5984 8481 9331
13981 2484 4349 8718 9416
13982 25 1457 1722 1901 2886 3202 4006 5803 7777 9025 9614 10603
13983 10 437 4333 4407
13984 77 4475 4700 5487 5701 7377 9478
13985 121 5635 5682 6664 8290 9272 9679 10118 10279
13986 807 1307 2046 3096 3827 3928 4023 4114 4974 8665 8932 8963 10439
13987 538 2824 3000 5761
13989 1981 6785 8666 8672
13991 651 819 3913 3915
13992 3899 4693 5871 6316 8103
13993 3826 4975 6500 10401
13994 1489 6003 7548 8271 8847
13996 2590 2640 2746 2838 7338 7377 8877 8901 9386 9659
13997 413 4974 7999 9122
13998 2451 5554 6003 9276
13999 6038 6740 7376 7402
14000 1893 2835 5584 6237 8036 9642
14001 1959 5478 5641 9216
14002 381 1177 5760 6982
14003 1625 1666 2704 5489
14004 1186 1187 4214 4770 5823 6247
14005 261 641 4830 8303
14006 769 2513 3615 3834
14007 4475 9635 9915 10378
14008 604 913 1862 3556
14009 1316 6027 7023 10030
14010 569 1178 1569 8717
14011 351 4144 5460 8718
14012 24 1868 6743 9296
14013 835 1422 1645 3962
14014 596 1269 1742 1894 2283
14017 381 545 2265 2893 3725 4592 4780 5372 5395 6194 7706 8828 10213
14018 961 6554 6560 7524
14019 210 2621 3758 9885
14020 31 2546 3467 6784 9878
14022 3582 7504 7902 10572
14023 134 1321 9803 9967
14025 149 204 348 353 7266 8162
14026 210 2581 3300 5792
14027 228 963 1048 2545 2706 5528 7783 9806
14028 707 1329 1331 1868
14029 1240 1710 3934 4454
14030 5043 5305 8939 9135
14031 351 2343 2745 8609
14032 362 2377 2561 2567 4906 4974 5706 5721 6905 6915
14033 583 588 1932 5460 6872 8724 9240
14034 1104 1347 2307 2308
14035 3346 5984 6253 6557 6991 9025
14036 3558 4198 5478 6278
14037 446 2070 2886 4719 8236
14038 635 707 1329 1721 1765 2416 5156 7869 8362 8773 9324
14039 210 587 934 4994 7125 8159
14040 7027 9201 10029 10413
14041 4000 6108 8536 9581
14042 1329 1340 1721 1868 5721
14044 583 588 6377 8273
14045 1394 2442 3246 4720
14046 1096 1864 2719 8570
14047 2047 3730 7385 8236 8302 8470 8471 8476 10031
14048 579 707 1329 1331 1721 2114 2689 6036 7627 8188
14049 2541 5221 6168 8192
14050 35 351 1281 1326 1598 1930 6076 7262 7284 8625 9745 10200
14051 2524 2927 4233 9885
14053 173 1893 2125 7433
14054 583 588 1993 4182
14055 311 489 583 708 1139 1501 1605 2232 2357 2363 2702 2784 2989 2990 5556 5643 5759 7407 7936 8711 8713 9042 10146 10249
14056 707 1331 1721 8106
14057 60 984 1049 2345
14058 701 2591 3126 4123 4129 4842
14059 569 627 707 1187 1314 1329 1331 1496 1721 2814 3591 4198 5340 7964 8106
14060 3838 3839 5166 6355
14061 22 77 2457 8108
14062 1066 3501 6096 8073
14064 2787 4665 6809 8413 9347 10482
14065 381 2509 6626 7083 8759 9410
14067 3936 4768 6606 6676
14068 211 381 594 5716
14069 1702 6030 6059 7505 8728 9369
14070 492 3427 4136 8444
14071 386 1727 2691 3064 8703 10239
14072 635 1469 5873 9113
14073 251 543 1383 3010 6295 6296 6297 6316
14074 1732 3758 7276 7402
14075 1204 1467 1773 2713
14076 202 275 583 588 711 1222 1281 2305 2590 4430 4601 4815 6283 7136 7145 7773 8300 8798 8866 8931 9025 9139 9329 9333 9409 9964 10366
14077 1497 2035 6421 6503
14078 1282 1329 1331 1340 1721 5460
14079 293 351 707 1329 1331 1721 2639 4622 5338 6108 6164 6400 7937 9117 9240 9594 9875
14080 591 1187 1740 2745
14081 286 616 831 870 888 912 1128 3896 5782 9500
14082 40 164 10236 10237
14083 554 8618 9782 10508
14084 662 845 1727 2178 7934
14085 583 6046 6894 6958 7441 8231 8381 8759
14086 77 95 101 3230
14087 707 1329 1331 3502 7289 9212 10394
14088 36 6249 9806 10400
14089 367 1905 2785 3935
14090 1647 1972 2555 9320
14092 2114 5532 5728 6220
14093 517 2317 5584 6070 7634 8228
14094 863 1246 5066 6253 8103 8293 8663 10261
14095 1343 3749 4715 5300 5378 5811 7233 8383
14096 588 7673 8918 10583
14097 25 1155 1769 1868 1894 3933 4283 4391
14098 2856 2877 7237 8631
14099 605 6113 7096 8120 9054 9275
14100 583 588 5672 8231 9057 10479
14101 1293 1458 3087 4715 5985 6348
14102 1125 2355 2815 5487 5977
14103 6830 8356 8381 8763 8919 10124 10446
14104 355 428 1157 2047 8872
14105 4639 8874 10116 10498
14106 1256 4014 7823 9546
14107 917 1177 6664 8747
14108 4556 4881 9205 9575
14109 1732 1929 2193 4235 7117 7118 7341 8045 8391 8877 9568 9989
14110 649 705 4083 6333 6607 7983
14111 2906 4214 4267 4896 4927 6076
14112 2059 3559 3670 4509
14113 333 1894 8278 8795
14114 1340 1868 2377 2579
14115 1186 1187 1206 1469 1773 7207
14116 711 3607 8106 8718
14117 1137 1930 2047 7491
14118 583 588 3615 6905
14119 138 149 204 1049 1568 2260 2860 2958 3706 3747 4249 4700 8588 8867 9036 9148 9972 10331
14120 204 366 583 588
14121 639 719 2212 7823
14122 1299 1700 3513 3747 5302 5520 6946
14123 1079 2498 3485 3486 3989 5617 5619 10239
14124 583 588 8231 10545
14125 7550 8582 8634 8888
14126 305 1066 1346 8697
14127 583 3150 5226 5721 8231
14128 7 4115 5287 6036 6635 6741 7448 8106 8353 8627 8634 8852 8878 9343 9407 9408 9600 9681 9721 9807 9843 9944 10025
14129 1329 1331 1721 4048 7137
14130 3688 4783 4924 10400
14131 8126 8182 8635 8930
14132 865 896 977 4674
14133 330 956 1099 3774
14134 227 2311 2579 3526 5659
14135 34 1239 1662 1732 1846 2661 5378 5678 5837 6216 8562 9493
14136 203 3938 6377 8679 9721 10008
14137 366 2069 5642 8732
14138 1329 1331 1721 5874
14139 968 2772 4214 5190 5873 7054
14140 588 706 4651 8248 8249
14141 1603 2580 4964 8303
14143 14 780 2153 5535
14144 3928 3996 4243 8127 8229
14145 589 1205 5460 9469
14146 635 1893 5153 9946
14147 211 6743 7672 7737
14148 1169 1571 3276 4857 5869 8718
14149 579 706 1346 1469 2935 4705 4748 5816 6271 6436 7363 9972
14151 1940 5300 6644 8321
14152 1148 1775 3682 5094 8200 10198
14153 211 621 641 1710 2228 4860
14154 1340 1868 5887 7420
14155 2442 2564 5755 6152 6538 6544 6546 6551 7529 8106 8954 8956 9640
14156 662 1727 5874 9493
14157 569 1457 1484 2100 6860 7376 10411
14158 707 1329 1331 7937
14159 149 569 1340 1868
14160 1984 6719 6752 7359 7909 8336
14161 348 1177 1874 2107 2182 2353 2824 3707 4776 4990 5478 6847 6982 7185 7740 8254
14162 1971 6069 7341 9745
14163 635 1463 4744 6565 6639
14164 1667 2772 6039 9458 9471
14166 25 211 381 450 460 463 641 756 1122 5361 5984 6363 7093
14167 2081 4974 7306 7417
14168 1246 1941 2455 6958 8261 9493 10450
14170 18 1340 1722 5672
14171 264 353 706 1340 1868 1932 3738 4401 6958 8424 10239
14172 2162 3366 4783 8935
14173 1285 1968 2766 3240 4603 4979 4990 5213 6825 7914 7997 8323
14174 532 4486 8920 9497
14175 28 1262 5772 8139 8401 9247
14176 420 8408 8512 8731
14177 2065 5313 5883 7749
14179 228 707 1240 1329 1331 1721 5837 8939 9359
14181 416 1075 1878 2383 2945 3723
14183 351 721 1597 2542 2844 3588 4967 7131 7612 8303 9024 9235
14184 358 2720 4199 4337
14185 211 1178 5947 6985
14186 437 590 1177 1239 1257 1269 1340 1868 1959 2358 2370 2964 5460 5746 5874 6076 8106 8231 8987
14187 819 2062 2109 2563 3992 4203 6195 6616 8177
14188 277 1998 2148 3043 3764 5721 6774 7977
14190 2732 3705 6701 9861
14191 534 707 1329 1721 2343 4034
14192 125 545 989 1459 2207 2263 2604 2766 3968 4768 4853 5151 5378 5721 6041 6076 6969 7930 8106 9079
14193 328 5536 9309 9417
14194 2886 8506 9139 10378
14196 1569 8722 8774 9276
14197 866 1096 4852 10237
14198 37 2661 9938 10533
14199 76 1568 2784 3875 4077 6959 8679 8704 9885
14200 1246 2623 5130 9597
14201 707 1331 1721 3212
14202 381 3042 4979 8494 10310
14203 351 1568 6001 8103
14204 587 1025 2625 4560
14205 662 1223 2126 2179
14206 76 2173 3429 4316 8444 10533
14208 4768 5535 7013 8686 9025 9972 10019 10145 10534
14209 937 1394 4216 5730
14210 208 351 583 591 5807 6465 8231
14211 261 3899 4700 9833 10046
14212 579 1817 6926 8551 9782
14213 1213 5874 7215 7216 9393
14214 2355 4456 8959 9083
14215 3899 4257 5682 6449 6577 6919 7003
14216 1012 1591 5984 7520
14217 641 1067 1563 2732 4277 6128 9432 9861
14218 7639 8703 9005 9285
14219 561 5747 5874 6876
14220 1158 1740 2520 5641 8680
14221 414 4869 6449 6942 7127
14222 4295 5556 8241 9023
14223 361 1340 1711 1868 4198 6982 8494 9487 10004
14224 4415 4475 7627 8140
14225 1213 2679 6280 6893
14226 583 588 4559 8231
14227 1861 3497 7740 8424
14228 69 253 4261 4349 8382 8650 9104 9105 9526 9760 9907 10585
14229 1910 4462 4545 5782 7449
14230 3501 9347 9959 10373
14231 1346 5379 5688 9493
14232 707 1329 1331 1346 9567
14233 253 583 1532 3653 4488 5875 6304 6708 6778 8036 8231 8786 10579
14234 289 3786 8920 8921
14235 728 7626 9100 10400
14236 4339 5889 7959 7967
14237 244 1394 1451 4472 4649 5008 5646 5823 5874 5929 6568 6593 7376 8309
14238 374 724 867 5260
14239 155 162 341 662 1534 6958 9471 9999
14240 30 506 508 756 1107 1446 1625 2352 3000 4237 4341 4671 4777 5118 8935
14241 5035 8369 9391 9850
14242 1092 2766 6958 7823 10513
14243 1331 1721 1799 2578 3576 3862 4563 4719
14244 846 998 8219 9377 9705
14247 569 1932 5604 9349
14248 1727 3104 7367 8770
14249 348 4020 4505 9212 9768 10115
14250 351 1340 1366 1813 3707
14251 605 2827 6643 9525
14252 77 187 707 1329 1721 2153 3896 5156 5670 8195 9025 9347 9493
14253 6527 6546 6592 6604
14254 2253 5785 6438 8024 9470 10265
14255 2688 3372 6399 8898 9534
14256 625 641 7690 10482
14257 42 579 7734 9558
14258 371 380 401 668 972 980 992 1046 4389 4762
14259 408 1800 2649 4331
14260 583 588 641 2689 4830 5460 5823 7556
14261 1568 5020 5721 7385 8310 8475 8711
14262 2260 2270 6318 7493
14263 2300 2598 8350 8471 8760 9259
14264 1726 4906 5566 9296
14265 1301 1346 7964 10155
14266 210 3758 7402 8789
14267 149 204 353 2237 10060
14269 1531 5420 5761 6743 7708
14270 226 601 641 1176 1340 2218 3593 3681 3841 5460 7177 8978
14271 6467 6932 7106 7145 7200 7421 7516 8791 9367 9618
14272 452 635 2590 3390 5155 10391
14273 2576 5874 9430 10317
14274 1281 1918 3318 3588 4700
14275 164 781 1743 3691
14276 1255 4770 5863 9493
14277 662 1177 4860 5803
14278 76 367 1782 1894 4253
14279 5070 7135 7212 10351 10576
14280 25 1442 1893 1911 1930 2035 4568 5527
14281 6560 7762 7777 9509
14282 5874 6715 7131 7587 7940 9049 10339
14283 2114 2194 2349 2801 3792 7278
14284 7094 8182 8757 10170
14285 320 862 1867 4634 9177 9806
14286 713 4816 5755 6236 6546 6587 7069 7136 7145 8421 8536 9888 10050 10081 10130
14287 520 7792 9252 10007
14288 2936 5724 6336 6527 6588 6621
14291 588 7166 8231 10433
14292 7817 8465 8704 10495
14293 4098 8549 8665 10296 10482 10565
14294 5379 6941 8033 8760 8996 10097
14295 1868 2709 6307 8595
14296 1340 1355 1868 4198 4452 8274
14297 470 1624 3896 7991
14298 210 7721 8321 9885
14299 707 1092 1331 1721 6381
14300 276 2428 4796 5657 6276 7475 10239
14301 1423 3342 6849 6934 7550 8512 9231
14302 2632 2731 4270 5105 5556 6205
14303 1177 4658 4818 7466 9071
14304 211 707 1329 1331 1463 1468 1497 1856 3385 5929
14305 250 402 858 1538 2672 8795
14306 183 260 583 588 1294 2257 2603 6436
14307 1775 5200 7341 8795
14308 249 5773 8455 8466
14309 1133 4999 5672 6806
14310 3753 3928 9063 9657
14311 588 6292 7299 8231 10137
14313 302 1103 2989 4405
14314 784 6827 8097 8578
14315 554 569 2159 2843 2886 5324 5672 9493
14316 660 1666 4108 6741
14317 1647 1894 2590 7807 8763 9109 9456
14318 149 1531 3076 3707 5482 8106
14319 253 641 1186 1187 4983
14320 2283 5424 6817 8958
14321 867 2391 4413 4923 5260
14322 501 587 2392 4405
14323 2940 3887 7408 8250
14324 1026 3463 5977 9520
14325 747 5313 7874 9885
14326 187 351 381 569 606 1569 3986 4156 4198 6258 6403 6471 7386 7590 7819 7823 8080 8902 9025 9160 9200 9386
14328 187 4014 4700 6212 8625
14329 210 374 412 662 2328 4722
14330 2483 4196 5265 5536
14331 440 450 463 627 1622 1721 2590 5757 10224
14332 4165 4205 5235 9208
14333 1191 2483 4125 9450
14334 185 1031 2984 3135 6892 7385 7572 7603
14335 361 1340 1868 7833 8310 10474
14336 351 569 1568 5460
14337 2602 3105 6985 9253
14338 1886 4013 8392 8819 9265 9683
14339 719 720 2555 4700 6092 6333
14340 183 4720 5153 6974
14341 722 1821 3342 3357 3688 6926
14342 352 353 583 588 961 1097
14346 374 641 3028 5966 7569
14347 1708 2483 3057 5212
14348 2283 2978 4700 4805 6794 7419
14349 583 588 1371 8231
14350 173 2555 2593 6219 6701
14351 707 1290 1331 1721 3550 7681
14352 520 1576 1727 1932 4014 4198 4796 5305 5874 9094 9116 9493
14353 32 2557 4475 7897
14355 2983 3615 3877 5987 6124
14356 130 710 1173 1563 2801 4714 7224
14357 813 921 1246 2555 9735
14358 587 934 1862 1867
14359 6154 7058 8539 9684
14360 1285 2884 7407 8499 9380 9449 9856
14361 371 2061 3555 6846 7726 8506
14362 2047 5721 6196 9485
14363 362 6002 8343 10411
14364 6950 9027 9028 9233
14365 569 707 1329 1331 1721
14366 607 2009 4546 4586 4875 4916 5042 5652 6087 6676 6837 6876 7565
14367 77 193 1340 1606 1651 1775 1868 2037 2960 3553 9636 9885
14368 3240 7602 8174 10614
14370 2512 2649 3342 3776
14371 351 357 1150 1151 4198
14372 1293 8004 8324 8984
14373 1340 1568 1868 3502 8415
14374 2815 3091 4063 5721 6418 7309 7799 8154 8255 8555
14375 917 3146 5673 6647
14376 253 4121 4733 8742
14377 1816 2683 3472 4472 6268 6498
14378 571 2632 2642 7659 8103
14379 3707 3955 4598 5746 8481 10146
14380 5883 6392 8740 8868
14381 381 1007 7376 9177
14383 351 2847 3919 5345
14384 5801 7205 9818 10172
14385 3839 4551 5166 7577
14386 1831 2014 4376 5045 6383 6450
14387 30 36 1894 3507 4115 4350 4351 7464 7572 8652 10400
14388 1269 6701 9025 9515
14389 3707 4147 5078 7080
14390 6348 7748 7966 9661
14391 2439 4429 6108 7684 8067 8795 9332 9389 10397
14392 151 4214 4773 6743
14393 583 2055 3346 6429 7484 8448
14394 675 1096 2596 4838 4859 5759 8381 10237
14395 707 1329 1331 1721
14396 3747 5167 8174 10305
14397 24 511 2047 9025
14398 149 204 1346 6985
14399 528 741 1340 1466 1528 1868 1887 2763 4215 4423 4700 4896 7542 9130 9562 9904 10211 10411 10465
14400 328 701 2402 2591 2643
14402 8519 8888 10118 10395
14404 206 3817 4214 4700 5302 5702 7823 10423
14405 3204 3609 3610 3955 4218 5139 6831
14406 1154 1303 3646 5723 8106
14407 746 1276 1308 1813 2098 2114 2184 3356 3644 3854 3858 4705 5221 5780 6076 6851 7423 7593 8353 10060
14408 1666 7698 8197 9036
14409 588 641 5644 8231
14411 210 1249 2089 4452
14412 554 1330 1710 3177
14413 118 355 583 588 1222 1587 2756 3567 4367 5371 5489 6036 6148 8231
14414 5460 6701 8522 9892
14416 276 2546 3457 5272 7432 8128 8922 9706
14417 275 280 2766 3366 3955 5267 7703
14418 149 204 3835 4368 4949 7215
14419 588 3000 5478 6465 7215
14420 707 1329 1331 1721
14421 1113 3720 4252 9177
14422 273 1222 1307 1705 2124 2735 2915 2924 3986 4830 4869 6713 7564 9996
14423 3269 4585 9386 10007
14425 3453 5874 7376 9329
14426 2580 3830 5379 10008
14427 49 571 588 3346 4349 5151 5300 7009 7180 8004 8448 9338 10419
14428 24 34 149 204 2262 4392 5460 5544 6070 7489 7832
14429 1463 2621 10143 10483
14430 1568 1840 2116 5839 6863 7093
14431 5953 6061 6752 6851 7182 7428 7830 8162
14432 261 569 5460 7289
14433 283 1441 8884 9329
14434 95 768 1732 5379 5415 5536 5879 6175
14435 2661 2983 3442 8731
14436 381 1747 1860 6193
14437 2860 3135 3347 3416
14438 6876 8528 8938 8989
14439 1635 1712 1914 6640
14440 1285 1340 1568 1868 2654 8471
14441 591 1813 2878 8795
14442 371 1408 1879 9767
14443 173 1811 2056 4532
14444 25 1340 1868 4990
14445 707 1329 1721 10566
14446 1708 3830 6775 7636
14447 149 569 1138 1246 1340 1868 2555 2580 5378 5797 7402 8425 8498 9885 10201
14449 211 1523 1569 2283 6160 8337
14450 707 1186 1187 1329 1331 1528 1721 1888 2851 2930 3610 4742 7612
14451 179 381 451 569 635 947 1019 1101 1569 1661 3615 3938 5114 9239
14452 588 2773 8134 8795 9005
14453 3457 7156 7821 10199
14455 767 4391 5378 5929 8196
14456 348 8795 9151 10452
14457 606 6563 6756 10534
14458 583 2046 2207 2523 2541 4214 8106
14459 1301 2653 8711 8714 9993
14460 917 1967 4653 5395 5436 5437
14461 1156 1394 1492 7542
14462 1732 1967 4559 5387 6197 9189
14463 811 1666 2391 4108 4275 6494 6964 7001 8241 8951 10355
14464 27 4331 7306 7417 7649
14465 1633 5707 8106 8665
14468 579 707 1329 1694 1695 1721
14469 1445 4020 7262 9885
14470 1340 1868 7874 8704
14471 2507 5217 6132 9160 10473
14472 713 2293 2590 2931 4214 6468 6816 7136 7542 7742 7792 7878 8438 8537 8687 8920 9025 9330 9372 9558 9873 10003
14473 1560 2704 2856 5300
14474 6740 6936 7402 8729 9450
14475 374 1977 2281 2300 3555 7292
14477 833 2059 8103 9466
14478 1350 2349 2763 5556 5984 7073 7643 8440
14479 1639 2146 2861 2892 4344
14480 1340 3344 6510 9065 9471
14481 1281 4214 4700 8064 9389 9782
14482 1481 2564 3454 4584 4635 4692 4700 4841 5028 7112 7910 9165 9709 9930
14483 309 3462 3747 3986 5657 6667 7093 7131 8982 10034
14484 1329 1331 1721 1892 3252 5967 6135
14485 713 8921 9491 9964
14486 7131 7823 8918 10452
14487 707 1329 1331 1721
14488 650 5648 6611 9441
14489 3455 4291 5422 7753
14490 351 583 1568 5604 8614
14491 1314 1552 2766 8162
14492 2856 2893 5929 8424
14493 1186 6087 8690 8813
14494 2 1568 10045 10062
14495 2887 5212 6741 9922
14496 823 1355 1710 1930 2377 4290
14497 1617 2661 3774 5982 8448 9087
14498 707 1329 1331 5405
14499 700 2162 4580 6134
14500 1849 3948 3966 5652
14501 275 1013 4243 8103
14503 641 1254 1327 1523 2238 2454 3237 3346
14504 520 633 679 1459 1471 2036 2590 3628 5913 5917
14505 707 1329 1330 1331 1710 1727 1893 3704 3887 3938 4105 4475 5460 5973 7402 7438 8448 9240
14506 4204 5031 7976 9382
14507 2555 7720 9151 9493
14508 2707 5604 9240 9386
14509 623 4897 5575 8381 8764
14510 356 357 6534 7689
14512 569 583 588 9155
14514 1727 4012 5874 6822 7093 7398
14515 1568 7667 8647 9243
14516 522 1222 1742 1928 7031
14517 635 707 1023 1170 1180 1265 1329 1459 1601 1770 1850 2132 4031 6522 6554 6577 9223
14519 788 2766 5529 7099 8108 8800 9351 9679 10279
14520 866 1025 5725 7305
14521 569 583 2925 5831 6801 7938 8369
14522 1383 1574 2356 4968 7465 8072
14523 319 1026 1069 5498
14524 1446 4391 6488 8128
14525 5310 5460 7136 7925
14526 1452 4063 4821 9317
14528 917 2178 3770 8103
14529 7471 8459 8829 9922
14530 762 2295 3497 6747 9490 9602 10058
14531 6822 8377 8820 9683
14532 376 380 499 939 1408 1682 1833 2391 5004 7023 9386 10411 10542
14533 211 361 1268 4198 6701 7698 7833 8103 8106 8731 9257 9823
14534 24 588 1177 2035 2377 2565 2843 2931 3202 3762 4906 5655 6804 8845 10136
14535 2804 8450 9443 9694
14537 2260 5007 6653 9903
14538 1446 5664 7236 7402
14539 4020 4583 4700 5085 7131 7180
14540 583 964 2689 8231
14541 3736 4261 6905 10423
14542 4428 5300 5672 6323
14543 844 1195 1480 2933 6348
14544 2483 2561 2886 3792 4150
14545 8661 9274 9278 10486
14546 305 583 588 641 1910 2854 4261 5682 6610 7054
14547 260 2178 2403 9903
14548 211 1329 1331 7266
14549 1466 2265 4700 5672 7137 8555
14550 707 1329 1331 1721
14551 2211 2679 3519 3792
14552 361 706 1340 1868 2253 4399 6402 7572 8106 9885
14553 1037 2067 7099 8601 10601
14554 151 569 1346 2709 5604 7934 9276 9396
14555 1773 4700 6879 7699
14556 3095 4554 6500 7972
14557 583 588 592 1979
14558 23 210 1830 6122
14559 707 1282 1329 1721
14560 2336 5242 8025 8314
14561 362 426 1330 2222
14562 696 1972 6363 7827
14563 889 3019 3094 3924 4897 5136
14564 586 1174 4203 7551 7824 9591
14565 707 1329 1331 4865
14566 5339 8609 8704 10120 10514
14567 5947 7173 9588 10411
14568 4295 5914 8718 9240
14570 865 1106 1976 1995 2533 5567
14571 351 362 1399 1528
14572 2259 4190 4204 6259
14573 420 2162 4278 5157 6329 9733
14574 455 1868 8194 10155
14575 4064 5460 8718 9515
14576 459 6975 7347 7461 8156 8344 8717 9840
14577 2949 3017 5376 5456 9172 10079
14578 351 1137 1340 1868
14579 103 1831 3046 3467 5377 5574 6309 8018
14580 542 588 1501 5747
14581 2495 4427 4838 8610
14582 210 541 3870 4475 4543 6919
14583 361 588 960 8231
14584 374 625 4317 4918
14585 213 396 706 1794 1878
14586 5336 6299 7504 8415
14587 25 62 579 596 2238 5787 6377 6836 7823 9955 10374 10411 10552
14588 1868 7078 8236 8491
14589 38 5138 8729 10400
14590 797 3354 7345 8700 9547 10114
14591 635 3091 5179 8950
14592 1269 8343 9661 10048
14594 2211 2801 6995 8095
14595 351 629 1314 1365
14596 707 1331 1721 2125 9092
14597 889 1351 3550 5478 8227 8668
14598 807 1173 2602 5460 5947 6982 8511
14599 2285 2317 2802 3136 3502 4391 4838 4975 4985 5153 5412 6194 6195
14600 319 407 913 2076 2672 3556
14601 1458 1469 3705 5487 7423 7817 9054
14602 4278 4976 6945 8575
14603 843 3519 3792 6889
14605 1340 1342 1868 2441 3707 4768
14606 24 1333 2293 7964
14607 179 1092 1711 2825 3945 4014 9382
14608 214 869 888 1002
14609 3750 5812 6333 7911
14610 235 1394 2010 3782 6682 9420
14611 1178 1528 2149 2941 3215 3519 3586 3792 3851 4440 4990 5622 6956 7160 8919
14612 137 568 2082 2534 4526
14613 715 1464 1909 2583
14614 5212 5543 7984 9308
14615 2590 7195 9894 10280
14616 1177 7847 9276 10120
14617 366 1568 1569 2240 6981 7935 8050 8772 9166 10247
14618 1641 4579 5804 5902
14619 356 571 4608 6701
14620 1528 4896 5910 7627
14621 357 459 1329 1721 8066 9045
14622 357 2651 2740 4877
14623 225 2280 4014 6298 8991
14624 554 2565 2711 7821
14625 3719 8795 9240 9926
14626 707 1281 1329 3300
14627 588 8231 8902 9894
14628 216 1016 1426 5393 7010
14629 1346 5823 6593 6641 8270 8714
14631 155 162 1351 4520
14632 1340 1727 1868 2380 4214
14633 8127 8670 8685 9560 9858
14634 14 7099 9295 9418 10438
14635 841 2590 4862 7910
14636 195 1450 7799 8587 9151 9166
14637 1223 1282 1887 4768 6577
14638 1496 7627 7777 7924 8555 8911 9019 9618 9968
14639 1941 2689 3652 8318 9923
14640 784 2216 5657 6186
14642 4475 5535 8731 9390
14643 101 1568 7163 8987 10239 10350
14645 390 486 1591 9339
14646 2689 3357 5925 7436
14647 1343 1666 2016 8787
14648 2145 3123 3463 4700 6135 8345 8482 9792
14649 175 569 1932 2720 3711 8106
14650 1020 1726 6324 8765 10447
14651 311 2178 2232 2654 4155 4859 5945
14652 359 3000 4784 4830 8448 9240 9885
14653 604 913 2102 2533 4833 6354
14654 1149 1340 1346 7304
14655 1501 2319 3318 4172 7386 8785
14656 2877 4198 5113 9157
14657 3019 3615 5493 6276
14658 76 2436 4004 4987
14659 4125 5212 7273 7697 8044 8194
14660 1360 1572 5721 8429 8665
14661 569 588 5604 9276
14662 1012 1404 4404 5064
14663 18 362 417 2088 7199
14664 77 886 887 976 997 1038 1246 1565 2366 2958 3000 3164 3450 5699 8007 8019
14665 24 583 588 1705 1813 2565 2640 3091 3690 4830 4843 5395 5556 5746 6323 6429 6951 7614 8173 8231 8481 8713 9253 9588 9944 10069 10171 10253 10353
14667 2390 5688 7588 7622 8506
14669 2250 3277 4779 6926
14670 24 1066 1070 3977 7616 10161
14671 1451 2109 2115 2478 3240 4665
14672 301 1430 2946 3447 5294 7228
14673 24 3964 4417 5929
14674 889 3381 3576 4405 7266
14675 772 1444 2891 5281
14676 583 588 1732 2482 7833 8273
14678 76 7815 8106 8765
14679 4768 7799 7817 9608
14680 276 2800 2856 4667 6141 9763
14681 1346 1826 2317 5467 5721 9842
14682 348 1329 1331 1721
14683 2670 2802 4595 9837
14684 1177 1878 1959 8106
14685 668 6080 9561 10084
14687 2557 2800 4995 5623 8750 8989 9804 10279
14688 980 1946 2165 4273 5077 5460
14689 1574 1953 4417 5554 6665 6927 8413 9493
14690 8060 8336 9737 9972
14691 1676 6893 9996 10232
14692 960 2516 4210 5605
14693 1574 1726 7438 8103
14694 151 6709 6715 7638 9761
14695 1705 1745 2465 2483 2695 3667
14696 161 1943 4590 7976
14697 4110 4768 6076 7054
14698 18 24 1080 8762
14699 5629 9155 9270 10567
14700 2936 8085 8804 9767
14702 351 1483 3439 6577 10331
14703 261 784 824 1790
14704 1023 1456 2071 2076 2661 3048 3846 4475 5626 5688 6897 7128 9338
14705 587 1995 4513 4560 8832
14706 258 583 588 5721
14707 982 1319 5370 5984
14708 1666 4897 8039 9751
14709 707 1331 1721 2949 4611 6095
14710 707 1329 1331 1721
14711 1666 7338 7999 8195
14712 1666 1894 6147 8039
14713 7783 8619 10204 10281
14714 583 588 8231 9154
14715 651 709 5782 6334
14717 707 1331 6544 7110 7262 8495
14718 707 1329 1331 1810
14720 520 4048 7934 9618
14722 1975 2234 3749 4391 5564 5840 7711 7968
14723 4700 5338 7819 9826
14724 1375 1568 6699 7059
14725 339 569 5737 6666 7923
14726 1565 4544 6559 6867
14727 5863 5974 8106 10220
14728 1727 4821 6073 6178 9485
14729 443 1238 1451 5823
14730 456 604 1340 1419 1712 2672 2816 3556 5100 6247 7222 9049 9177 9361
14732 119 408 1743 3987
14733 86 901 1404 2451
14734 2976 3501 6228 6704
14735 78 358 1637 4020 9453
14736 1727 6247 7165 9166
14737 588 592 8231 10559
14738 746 2480 2677 10452
14739 2123 7596 7950 10290
14740 8415 9590 9767 9995
14742 1340 1574 1868 4770
14744 2262 7022 7916 9296
14745 351 355 707 1157 1174 1331 1721 2541 4068 4452 4896 6989 9883
14746 1123 1177 3550 7022
14747 5885 8006 8007 8495
14750 57 4048 5914 7376
14752 354 355 4700 7402
14753 2208 5396 5791 7172
14754 2740 5657 5929 5942 6943 10145
14755 1340 1868 5823 6756
14756 2154 6966 9067 9569 9614
14757 1547 1552 2073 7080
14758 1191 1894 2494 4020 5932
14759 5703 6324 6991 8346
14760 1255 1935 2555 3263
14761 381 588 1727 9166
14762 2094 5686 5807 6247
14763 318 587 2956 8155
14764 4417 4737 5088 6580 7787
14765 4700 9491 9492 10354
14766 2685 3723 3980 5431 5455
14767 2162 3135 4667 6968 9542
14768 511 569 2548 10120
14769 149 204 6846 7506
14770 465 1138 2719 9330
14771 8921 8939 9928 9998
14772 649 707 1159 1329 1721 2148 2236 2697 5483 7047 8194 8401 9557
14773 1249 1259 2068 2896 3430 6959
14775 1395 2083 3020 8919
14776 1647 1727 6628 8718
14777 2567 3830 3886 5576 7402 8039 9051 9493 10394
14779 1314 1552 2283 6356 7738
14780 211 1340 1868 5230 8106
14782 7657 8699 9078 9241
14783 24 3900 7376 9162
14785 5943 8400 8634 9733
14786 101 408 428 5657 8563 10241
14787 149 204 211 311 563 707 1704 1710 1721 1992 2097 2815 4243 4515 5311 6079 6315 6538 7078 7735 8555 8822 9727 9782 9813 9885 10119 10338 10354
14788 443 707 1329 1721 2196 8106
14789 1446 2391 2643 10551
14790 1178 5984 8343 9574
14791 1213 5823 6876 8343
14792 71 4533 7874 8326 9309 9885
14793 357 487 569 1188 1213 2564 2565 5419
14794 1329 1331 1523 1721 1727 1857 4836 9025 9508
14795 1392 2345 8516 9903
14796 1386 1805 4472 5823 8764 10477
14797 4214 7823 9303 10331
14798 273 274 2047 2293 2327 8106
14799 314 2209 2323 4968 8103
14800 2033 2583 8813 10578
14801 538 554 4850 5278
14802 631 1152 2655 8103 8343 9079
14803 2497 6572 6605 6641
14804 711 2678 4915 6522
14805 569 713 1346 2746 3854 8238
14806 34 707 1306 1329 1462 1721 6152 7672 9271 9557 9720 10039 10162
14807 183 353 1340 1914 3346 8112 8127 10479
14808 583 588 1568 4198 8231
14809 4846 5815 6569 7689
14811 588 4098 7740 8116 8273 10482
14812 1285 3787 6987 8666
14813 422 587 1057 2579 3493 5189 9592 10571
14814 444 1583 4224 7889
14815 121 1803 6454 8028 10110 10463
14816 206 2380 2960 5874
14817 1732 2926 7041 7816 7855 8424
14818 2818 6936 7722 7954 8575 8634
14820 2804 5797 5938 6685
14821 583 588 8471 10426
14822 23 101 4280 4784 5378 7636
14823 587 1096 3191 4739 5276 8039
14824 1186 2193 2660 4454 10221
14825 362 3625 6129 9375
14826 511 5453 5460 5966 5984 6115
14827 25 662 1394 1568 1893 7263
14828 8993 9338 9387 10111
14829 1329 1331 1568 1721 4198
14830 8092 9029 9947 10383
14831 1619 4137 5353 8325 8393 8560
14832 117 1589 3775 4077
14833 211 635 1294 2541 2542 2845 2874 2920 3519 3792 3936 5043 5302 5371 5501 6073 7484 7659
14834 37 38 826 1878 2158 2160 4126 4459 5455 7099 8325 8413 10358
14835 98 1251 1285 4464 6149 6234 7833 9543 9598
14836 1454 4430 4815 5873 8009 8374 9380 10452
14838 381 569 1340 1715 1868 5476 6982 8103
14839 18 579 1340 2339 6162 8237
14840 707 1329 1331 1340 1528 1721 3649 5719 8111 9874
14841 1116 1241 2565 2857 3719
14842 828 3321 7025 9605 9707
14843 117 504 5702 8203 9078 9272
14844 206 6503 7659 10007
14845 354 2295 3486 6008 9356 10388
14846 1446 2162 3811 9062
14847 1346 1894 2178 2322
14849 6494 7575 9259 9707
14850 2137 3150 3830 6791 7572 8401 9100 9122 9921
14851 1392 2102 5226 8474
14852 503 4912 7266 8095
14853 1423 1666 4639 9751
14854 569 706 6816 9458
14855 2000 3178 6102 6105
14856 2820 4700 9600 10198
14857 353 354 569 753 4463 4590 7013
14858 1178 1727 3925 5260
14859 19 20 4846 10533
14860 149 204 1151 4405 5460
14861 5460 5545 5594 6042
14862 662 1457 1878 4768 6162 7054 9386 10411
14863 785 4350 6635 8448 8506
14864 1508 2563 7103 7386
14865 15 514 522 7702
14866 2141 2709 3749 6042
14867 354 579 3535 3541 4850 5957 7503 8551 8736 8858 9674 9739 9969
14868 2049 2817 5574 7790 8160
14869 2743 5748 6414 6771 7787 9820
14870 62 2583 2633 3089
14871 1197 3342 3776 8084
14872 311 579 1329 1331 1340 1721 1868 2114 2744 4741 4915 5539 6152 6239 6403 6496 7076 7078 7079 7140 8945 9026 9212 10137
14873 138 203 253 490 1092 1243 1576 1601 1684 1704 1745 2768 3293 3672 3859 4078 4508 4954 5035 5726 5903 6854 6994 7484 7907 8036 8588 8794 8959 9036 9555
14874 2555 3638 3749 8933
14875 2996 3454 3575 5254
14876 560 6496 6570 9576
14877 2427 4331 5164 5166 6378 7094 8126
14878 211 641 1034 4172
14879 2444 4455 7664 8158
14880 269 3000 4318 4665 5688
14881 835 5929 6869 7871
14882 374 376 787 874 7674
14883 2624 4417 5096 8401
14884 588 589 2617 2680 3302 5277
14885 1177 1347 1727 2116 3234 3708 3907 4737
14886 711 1466 1783 4048 4532 9203 10016
14887 592 3809 6889 9723
14888 24 1505 1727 4198 5326 5873 7015 10117
14889 423 5412 8516 8999
14890 65 1105 2816 3706
14891 4462 4700 7129 7559
14892 1666 5657 8413 8415
14893 1971 3830 9202 10272 10424
14894 18 554 5079 6740 8444 9885
14896 351 1797 2057 7742
14897 1617 2247 2655 2679 9539
14898 707 1331 3576 8106
14899 151 571 5102 6389 6527 6554 6565 6605 7628 8511 9556 9927
14900 579 3501 5453 7088 7542 8123
14901 536 1592 1617 2231 2491 6192 6646
14902 4261 5688 6740 10147
14903 707 1329 1721 7407
14904 1084 1666 1793 5832
14906 707 1329 1930 3501
14907 1679 1798 2989 10132
14908 569 2843 6003 7166
14909 107 2047 2095 10516
14910 5333 7438 10411 10452
14911 740 2843 4239 4297 4639 4719 5121 6051 6284 6964 7044 7438 9054
14912 1079 1189 1868 4906
14913 1018 5481 6699 7054
14914 579 1340 7616 10415
14915 706 1340 1868 4301
14916 211 352 554 2060 2265
14917 36 583 588 1082 4417 8273 10400
14918 2564 2566 4719 6262 6919 8162
14919 149 204 2214 4803 5384
14920 1125 1144 2749 5530
14921 635 889 2457 2964 4896 5984 6018 9873
14922 1552 2726 5075 6429
14923 1186 1187 1330 4768
14924 2996 3689 5212 9898 10079
14925 134 253 546 5004
14926 1926 2695 5611 7397 9412
14927 4990 5209 5281 8718
14928 1844 6421 7312 8131 8290 9416 9822
14930 470 1190 1249 2661 3000 3343 3896 4263 4475 8160 8401 9334
14931 434 587 862 8919
14932 511 4565 4692 6793
14933 1504 5333 6727 6831 7320
14935 1223 1340 1727 1868 1932 2689
14936 228 2342 5387 7673
14937 1979 2162 3000 6194 9115 9443
14938 1894 5130 7500 10499
14939 4907 8362 9709 9720
14940 5797 6695 8448 9542
14941 178 3709 6078 6259 7628 7832 9079 9543
14942 1666 1821 4337 5927
14943 371 767 888 1902 2846 5940
14944 2123 4383 5628 8272 8415 9214
14945 545 1965 5984 10583
14946 828 1310 3463 4615 7616 8511 10519
14947 2189 2961 5823 6269
14948 1306 2665 5423 6919 10615
14949 388 455 5823 5988
14950 707 1329 1721 8106
14952 1576 2293 5169 5994 8303 8402 8658 8665
14953 575 588 8136 8391 9542
14954 341 707 1721 2799
14955 409 668 7339 9102
14956 2801 9106 9518 9687 9854
14957 211 264 1298 1446 2626 4606 5460 7096 9300
14958 149 204 351 707 711 1150 1151 1186 1187 1329 1331 1340 1346 1850 1868 2744 5271 6381 6541 8858
14960 579 1301 1569 1941 2260 2283 6108 7179
14962 101 1159 1329 1330 1331 1710 2020 2936 3871 4480
14963 229 2871 4974 6681
14964 721 2866 4225 8278 8343
14965 1687 2856 2880 3296 6963 10558
14966 332 369 371 813 935 1324 3699 4646
14967 1666 1932 5871 7159 7194
14968 569 1050 6699 8625
14969 6527 6620 7938 10608
14970 380 606 1888 2534 2631 2834 7993 9526 10201 10270
14971 526 2525 4001 5278 5343
14972 588 1340 1868 8273
14973 1878 5657 7949 10239
14974 7936 9459 9690 9905 10482
14975 540 1576 2094 2838 4973 5361 6336 8065
14976 662 1285 1868 2162 4862 7832
14977 260 707 1329 1331 1721
14978 69 507 798 1617 1625 3859 3867 4297 4972 5363
14979 952 1666 4685 5658
14980 613 838 986 1220 1740 2904
14981 125 571 4172 6831 9074
14982 1473 4962 5035 6146 10534
14983 745 2355 2766 9077
14984 14 654 780 889 947 3610 6536 8162
14986 707 1329 1720 5219
14988 1329 1568 1721 1727 2042 2960 5436 5604 6573
14989 35 305 1280 2494 3202 3467 3610 4104 4700 5217 8111 8378 8625
14990 2996 4700 6673 6708
14991 417 444 1506 2043 5100 6438 7081 7694
14992 195 2293 5316 7891 9832 10550
14993 718 1329 1331 1577 1721 3280 5318 6030 6959 6984 9025 9110
14994 311 437 2907 3006 4614 10033
14995 849 1329 1331 1721
14996 211 381 3043 4768 7687 9723
14998 5648 6104 6299 9903
14999 2546 6921 9042 9106
15000 211 381 694 1630 1632 3961
15001 2293 2341 4830 5874 6958 9240
15002 31 5863 6923 8271 8375
15003 211 662 707 1329 1331 1721 1727 2240 2297 6568 6722 7691 8971 10398
15004 1858 2555 2585 4345 6812 9938
15005 1845 2503 2549 2580 2581 3480 3866 4938 5092 5684
15006 351 381 1893 8060
15007 4400 5121 6762 8243
15008 149 204 268 517 1336 4753 8106 8128
15009 1568 5740 6344 7143 7672 8039 9271 9849
15010 451 760 1318 1756 8106 8307
15011 5192 8057 8810 9127
15012 34 5972 7434 8424
15013 583 588 1178 8231
15014 1576 2689 2751 5672 9380
15015 1329 1331 1721 3672
15016 1138 3575 6505 7143 7823
15017 1331 1721 4198 5984 7964 9138
15018 2512 2661 4399 5859
15020 2766 6940 8338 10411
15022 160 261 262 311 1152 1177 1451 4073 4405 6775 7303 7487 7823 7937 8128 8278 9354 9471 9873 9943 10340 10559
15023 33 1250 2583 4078 7464 10169
15024 1893 1932 8467 8718
15025 42 5478 6070 7837
15026 1676 4220 6893 7705
15027 1182 3020 5478 6610 6804 7639 7653 8661 8667 8671 8795
15028 707 1222 1329 1331 1721
15029 149 164 240 591 711 1512 2115 2815 3074 7823
15030 208 892 1714 2408 2409 4520 5642 5924 6997 7176 7850 8103 8665
15031 455 540 1528 1666 2815 2832 2964
15032 4584 5031 6532 7138 7781 8422 8952 9975
15033 204 1213 7704 7923 8415 8532
15034 1329 1331 1721 2178 3707 6522 6527 6577 7414 8067
15035 1330 1710 2158 2886
15036 354 717 6107 6429
15037 2838 4400 6958 10411
15038 936 1346 1666 4320
15039 707 1329 1721 9990
15041 522 1666 2524 2993 6905 8697 9050
15042 1377 1378 1404 3556
15044 426 4768 5724 8184
15045 249 1060 1667 3395
15046 164 5378 7773 7881 8184 9036 9423
15047 1979 2220 2295 5101
15048 351 1456 1918 4825
15049 253 2067 2162 2811 3085 3347
15050 1049 4275 5212 9310
15051 1292 1326 2942 7350 9380 10243
15052 542 2123 6904 7922 8201 8837 9653 9981
15053 173 334 613 641 954 1018 1682 2936 3009 4598 4768 5456
15054 545 548 707 1329 1721 2150 2820 6603 6813 7146 8364 8790 9559
15055 1307 1858 2603 8289 9327 10015
15057 2548 4220 4598 4601
15058 2555 7818 9386 10411
15059 2661 2843 2983 5460 5947 5982
15060 216 926 2046 6501
15061 6076 6701 7400 8823 9502
15062 501 811 830 2162 2391 2646 5133 8039 8416 9806 10140 10459
15063 2567 3346 4198 9025
15064 407 2283 2391 3135
15065 95 1249 4020 5265
15066 2117 2849 3026 4646 6051 7607
15067 559 596 619 1362
15068 2548 6596 6597 7096 7989 8044
15069 6946 8303 8386 9025
15070 583 1581 2178 2285 2538 3502 4306 4505 4830 8231
15071 101 3938 4128 4697 5296 8440
15072 118 119 1133 1550 1831 2439 3297 4234 4331 4698 4912 5535 6649 6864 6941 7115 8273
15073 569 6070 6991 8661
15074 3451 7962 8303 8909 9268 9286
15075 1191 5909 6247 7135
15076 244 4918 5721 7417 7915 10298
15077 2100 7054 7081 9485
15079 118 707 1331 1894 8643
15080 1122 1515 3844 8771 10098
15081 1091 1862 4368 7543 8375 10283
15082 1340 1868 5520 7823 7964 8844 9155 9972
15083 579 3000 5252 5576 6498 6678 7195
15084 1294 1298 4846 5489 5522 6889 6968 7620 8372 9426 10452
15085 202 5460 8104 8901
15086 886 2283 3118 4974 5915 6756 8717 8792 8795 9647
15087 241 255 2042 4031 5648 10518
15088 1711 2633 3887 5852
15089 1083 2377 3688 9932
15091 95 531 2162 2812 4350 6894 6920 7864 7996 8348 8417 8748 9885
15092 149 204 1338 1858 2114 4557 5466 9881
15093 4020 8375 8418 9493
15094 83 233 822 1358 1532 3347
15095 1984 1988 2647 7773
15096 1972 5880 8007 8821
15097 569 1096 1864 2184 4369 4853
15098 719 6665 6950 7386
15099 707 1329 1331 1721 5672 8106
15100 165 1168 3586 5338 6923
15101 707 1329 1331 2162
15102 24 211 355 569 1159 1848 3109 4013 4214 4652 4830 6539 7937 8433 8555 9240 9386 9503
15103 432 3122 4513 6664
15104 5448 5911 6356 6686 6698 8065 9025 9328 9811
15105 583 588 3020 5436
15106 3749 4280 6612 8609 9676 10514
15107 773 2542 9254 9490
15108 179 268 8704 8866
15109 1727 5721 6363 8866
15110 164 3077 3969 3970 4017 4018
15111 928 2576 5657 7880 8625
15112 1813 2779 5338 7564
15113 3318 3749 8727 9386
15114 5302 5332 6076 6735 6831 7131
15115 561 3237 3749 4830
15116 1841 5982 7353 10192
15117 739 1246 2811 3688
15118 1269 7523 8795 9773 10607
15119 253 1304 4414 5054 5153 6061 7356 8303 9143
15120 2077 7054 7776 10147
15121 486 1282 1308 1340 1704 1868 2568 6313 6440 8765 9339
15122 187 1081 4370 5679
15124 1015 4466 5806 6076 7274 7572 8242
15125 10 1588 2597 2621 7225
15126 378 379 928 7023
15127 1932 2875 5658 7278
15129 287 401 3369 5183
15130 431 1529 2145 4223 7245 7558 8444
15131 354 641 7054 8106
15132 2559 4331 5702 9273
15133 4438 4796 5242 5682
15134 5475 5793 6740 9991
15135 858 1862 4675 9177
15136 191 1010 6020 9145
15137 2129 3901 6577 6626 7910 9415
15138 149 204 703 5460 5747
15139 1223 1448 3519 3792
15140 583 2583 4106 4198 8231 8718
15141 1609 2073 3000 3788
15142 2689 2884 5984 7699
15143 233 1239 1726 3077 6494
15144 1340 1868 7402 7750
15145 2178 3077 3903 5460
15146 6 3270 5509 8128
15147 253 1577 3280 4149 7442
15148 1640 3965 6777 9493
15149 319 896 4188 9158
15150 569 1633 4212 4532 5901 6429 6724 7492 8270 9495 9946 10534
15151 354 569 707 1329 1331 1534 1721 1846 1894 5855 8272 8676 8718
15152 4700 5217 5812 6117
15153 210 722 2124 6409 7096 7402
15154 2877 4284 4830 6440
15155 1726 6163 10062 10139 10211 10425
15156 488 1252 2567 2661 3000 3872 4316 5043 8506 9206
15157 173 176 707 1019 1320 1331 1456 1721 6528 7136
15158 627 1849 4773 6687 9581
15159 2740 8102 8231 9661
15160 569 5022 5823 6278 8116
15161 588 2689 6941 8273
15162 149 151 165 260 422 569 606 706 1048 1223 1528 1569 1727 1868 1874 1891 2270 2283 2420 2564 2590 2709 2766 2850 3133
15163 381 2532 2885 4214 4603 5535
15164 579 4687 5966 5968
15166 204 321 573 1457 1522
15167 578 587 866 1104 3513 4674 9177 9452
15169 722 3802 5672 5753
15170 1884 2661 2808 3965
15171 1263 2424 2428 2429
15172 149 204 3576 7541
15173 273 718 4636 7450 8569 10387
15174 1074 3318 4560 8381 10335
15175 351 588 1294 3958 5194
15176 24 34 3913 4550 4735 6020 6533 6821
15178 3615 4198 7171 10519
15179 1892 6816 7335 8103
15180 185 308 381 579 3649 4214 9151 9386
15181 1981 2043 5478 5646 6253 6991 9395
15182 635 1459 1492 3091 3628 4169 6375 6418
15183 8358 9170 9338 9548 9764 10118 10476
15184 579 6522 6638 7138 9613 9652
15185 583 6076 6655 7178 7823 9723
15186 18 1894 2650 3588 5460
15187 376 451 669 3565 3568 4121 4475 8330
15188 3672 4284 5379 7402 10483
15189 2563 3575 4214 6180
15190 1568 4198 7376 9857
15191 1789 4975 5601 5643 6401 7438
15192 600 2123 6860 8919
15193 1868 2023 6699 7925 8964 8987
15195 187 1291 2047 6247
15196 824 914 2511 2567 5276 7468 7469 9036
15197 195 549 2802 5672 7918 10566
15198 781 784 1684 3372 3796
15199 507 1637 6840 8126
15201 579 6003 8704 9487
15202 321 587 1862 7929
15203 654 665 1021 2605 2959 10535
15204 1281 3610 3818 4862 5148 5701 7659
15205 204 1246 1340 1868 1894 3758 4638 5460 7054 10239
15207 707 1314 1329 1331 1569 1721 7559
15208 215 470 886 3896
15209 1790 2565 2568 8106 8500
15210 1618 4106 5706 10212
15211 1666 8194 10114 10223
15213 306 4353 4878 4886 6936
15214 1311 1340 1868 2265 3754
15215 575 1568 3134 3717 7089
15216 2744 5954 8162 9835
15217 3648 9043 9590 10453
15218 583 588 7309 8231
15219 149 204 1340 1868
15220 2153 4742 6597 7318
15221 34 707 1331 3910
15222 267 313 407 832 896 1982 2126
15223 3738 4768 6943 9025
15224 25 176 1932 7006
15225 5537 6056 7935 8049
15226 2511 5543 6192 7827
15227 3650 6408 7263 9677
15228 768 1249 2162 2546 2688 4290 6130
15229 2495 3789 6354 10296
15230 1239 1625 1884 2621
15231 99 1868 5372 7211
15232 569 1346 4247 5077
15233 4948 5458 5756 7788
15234 18 351 1007 1330 4943 7228
15235 583 717 1375 4422 7247 8481
15236 204 4615 5984 8555
15237 3975 7012 7402 10020 10511
15238 2368 2371 5301 6273 8350 8374
15239 2205 5213 9524 9604
15240 2719 3819 4607 4700
15241 407 587 1059 1862
15242 8343 8415 8444 10446
15243 517 542 3472 7288
15244 1887 2576 3341 3423 4354 6465 8469
15246 1932 2442 2884 4068 4198 5829 8555
15247 569 1568 4198 4834 6709 7335 8106
15248 6970 7291 8717 9151
15249 36 3866 9493 10400
15250 56 4700 8338 9123
15251 901 1246 1446 2293 7964 10508
15252 1713 2477 5043 10243
15253 311 2990 4155 4404 5545 8415
15254 484 3242 5946 7099 8103 9216
15255 2689 5077 6457 8809
15256 211 362 1319 3934 4044 4214 4219 6863 8184
15258 820 827 997 1324 5731 5973
15259 255 355 381 3749 6557 6894 7721
15260 571 2450 9595 10175
15261 454 670 1007 2366 3427 5376 6964 7569 10079
15262 251 3869 3939 4817 6301 6411 6924 7368 7839 8193 9368 9691
15263 5535 7093 7179 7961 10177
15264 2126 2651 4565 9944 10329
15265 537 1067 1068 1099 3180
15266 707 1329 1331 4261
15267 2761 5167 6051 6378 9148 9159
15268 649 2518 5998 6467 7023 8844
15269 1180 3039 3551 7616
15270 53 354 1568 7376
15271 7273 7491 8366 9450
15272 334 668 1014 1950
15273 234 1798 3744 5736
15274 361 2214 2354 2656 4094
15275 149 204 2284 4110
15276 5224 6292 8106 8231
15277 1898 2920 5460 7994 9417 9491
15278 2380 4198 6709 9216
15279 3105 5075 5466 9563
15280 24 1178 1568 3318 8407
15281 1198 1710 8458 9600
15282 2779 4261 5625 7961
15283 641 4171 5874 6831
15284 2046 3558 3699 3877 4364
15285 569 588 3646 9850
15287 351 1349 2910 10259
15288 1281 4974 9782 10551
15289 95 210 1049 5471 5863 7501 7697 9641
15291 1576 5197 5871 7777 9619
15292 18 2461 6756 7384
15293 314 315 1404 2360 4968 4990 5495 8415 9168
15294 1601 6958 9054 9737
15296 579 1213 4221 6560 6565 7289 7457 8632 8824 9970
15297 4537 9005 9296 10099
15298 311 1404 4891 5864 6440 9329
15300 721 1282 4214 8184
15301 1177 1932 4198 8106
15302 38 2555 7175 7541 8147 8421 8424 9346
15303 7218 9242 9386 9782
15305 252 1441 1995 2038 4105 6494
15306 242 1169 1260 1577 1920 1929 2589 2732 3091 3400 4311 4828 5388 5422 5790 5874 6287 6489 6546 8239 8722 9131 9515 9696 10010 10136 10472
15308 1150 1151 2042 3835 10591
15310 583 588 3277 6831
15311 206 1314 1478 2265 4028 6324 8664
15312 5460 6310 6389 6715 9493
15313 3269 5221 5723 5984 6307 6765 7294 7576
15314 23 29 3473 4020 6574 8919
15315 211 351 1298 7874 8970 10145
15316 215 216 1736 2329 2353 2447 2909 4739 5166 5170 5943 6423 8222
15317 1246 2696 5673 6371 7438 8797 9334 10431
15318 1404 7876 9259 10447
15319 1700 2942 3206 5371
15320 369 568 2534 2631
15321 197 2647 3318 5874
15322 569 1186 1187 1841 2652 3877 4744 4768 5315 6124 6314 7028 7033 7163 7567 8506 9518
15323 583 6936 7932 8231 8236
15324 1613 1749 3445 3556 5673 6640
15325 437 3962 4897 5988
15326 6600 7874 7935 8935
15327 38 1774 2206 2564 2583 3973 5671 6946 7816 8625 8963
15328 1726 1959 4261 7208
15329 204 583 588 8231
15330 2841 3553 3885 5302 8041
15331 1144 2541 3318 4841
15332 2565 4014 4299 5535 5829 9155
15333 1461 6502 6546 6889
15334 355 2964 3609 3672 5275 6751 7612 7684 7823 8795 8852
15336 1700 4035 4399 4700 4862 5984 8106 8804 9456 9782 9989 10270
15337 1430 1540 3888 7964 8106
15338 5874 6715 8795 10061 10402
15339 1827 5227 6793 8481
15340 3631 6068 7471 7892 8038 9082
15341 203 707 1329 1331 8103
15342 595 2043 3904 10239
15343 1193 1657 2095 2302 3202 3806 4068 4591 4719 7484 9131 9768
15345 3077 3938 8692 9250
15346 14 2066 4493 6796 9104 9190 10235
15348 520 1191 4585 5521
15349 583 5305 5482 8444
15350 569 706 1173 1177 5315 7166 8793
15351 351 554 707 1329 1331 7692 7709
15352 348 361 2744 6108
15353 724 1666 2178 7219
15354 1340 2162 7929 10478
15355 579 3725 4198 5823
15356 569 583 3163 4316 8231 9492
15357 380 1833 3938 4244
15358 262 2966 4149 8704
15359 721 2042 7263 9025
15360 573 1191 1990 2025 2751 4454 4658 4805 5332 6803 6831 6854 7668 8386 9609
15362 6496 6577 7440 8277
15363 1708 6740 10423 10485
15364 3206 4524 7935 7937
15365 355 1711 2404 3134 4836 8106
15366 1282 2377 2826 4427
15367 3954 6527 6568 6598 6822 7154 7517 7742 10121
15368 1416 4830 6647 9668 9914
15369 645 5672 8444 8740
15370 1007 6740 7569 10146
15371 1881 2295 7628 8366
15372 31 1138 2546 6892
15373 354 9327 9803 10301
15374 622 4667 5535 5873 9675
15376 3758 3866 4784 4974 7989
15377 37 186 189 326 911 1104 1106 1528 1707 1797 1828 1862 1937 2027 2273 4350 5138 5321 5874 7946 8315 8424 9036 9148 9393 10354 10442
15378 583 5466 5493 8231 9120
15379 149 204 583 588
15380 208 1285 1726 5039 5083 5478 5721 6070 6663 8415 8654 8665 9210 10141 10616
15381 1652 2043 4214 4549 6225 7200 7262 7660 7724 7777 7815 7817 9932 10015 10145 10316 10459 10595
15382 889 1940 2378 3558
15383 3529 3530 3532 5910 7659 10419
15384 4990 5721 6905 7131 8289 8481
15385 366 367 390 833 1853 5490 6004 6006 6400 9047 9240
15387 3064 3217 3830 3866 7572
15388 410 654 834 1036 1414 2313 2831 2957 4497 5150 5609 6964
15390 318 432 476 578 1726 5772 9177
15391 2012 3665 3701 5460
15392 323 5984 8103 9092 9174
15393 1464 2590 3091 4192
15395 2960 3134 5788 7662 7672 8947 9271
15396 109 1570 2534 5739
15397 844 4610 4915 5425
15398 538 583 3707 4110 4768 5946 7819 9972
15399 14 18 253 284 285 376 428 745 991 1410 1589 2766 2839 2845 3331 3868 4134 4214 4700 4869 5316 5750 7135 7569
15400 6701 7777 10198 10371
15401 3314 5318 5721 5984 9542
15402 77 378 379 401 760 1624 1831 2761 2813 4971 5291 7569
15403 204 579 1340 1868 5984 9166 9455
15404 42 613 767 806 839 889 1007 1008 1246 1446 1796 2982 4667 4734 7463 8342 8800 8809
15406 600 713 1472 2283
15407 960 1163 3749 7692
15408 588 1178 1223 2042 2557 2886 2934 5807 7093 8103 8231 9166 10529
15409 408 4959 5984 6434 6892 8718
15410 351 579 2996 3691 5851 7737
15411 1666 1724 2122 9058 9092
15412 3758 6122 8560 10035
15414 707 1329 1721 6720
15415 276 1563 2401 3288 9716
15416 211 605 606 1329 1331 1340 1346 1721 2047 4284 5035 6577 6822 8207 8287 8554 9493 10078
15417 583 6985 7330 8231
15418 155 162 1282 1523 2960 4452 5396 5436 5672 5719 5871 6465 6743 6916 7142 7528 7950 8554 8714 9367
15419 711 1456 4815 6605 6683 9946
15420 130 1652 3782 4424
15421 579 6876 8597 9800
15423 103 2114 2661 2801 2860 5692
15424 595 6115 7598 8920 9588
15425 293 6545 8738 9686
15426 4556 5869 6743 7533
15427 1445 1446 2336 2661
15428 24 351 579 707 1190 1329 1526 1721 2766 2901 4830 5121 6344 7414 8343 9529
15429 2126 3899 6831 7054 8751 9109 9212 9240
15430 1512 3652 6782 8106
15431 34 627 2567 9443
15432 1346 2145 4391 5856 6467 6533 6577
15433 588 593 1623 1711 6664 8231
15434 35 211 5340 6538
15435 1347 1868 2377 2546 4327 5088 6743 6927 7208 7402 8609 9641 10514 10533
15436 119 1340 7204 8103 8920
15437 149 204 662 1749
15438 6876 9469 9756 10581
15439 1079 2371 2583 10071
15440 6856 8352 9363 9386
15441 208 588 4452 5915
15443 259 650 1849 1893 1928 1932
15444 125 3992 7596 8499
15447 883 963 965 2772 4537
15448 511 579 6001 10120
15450 354 3136 4797 9661
15451 160 1284 2297 4864 6701 6854 7516 7766 8944 10025
15452 24 6701 6772 7931
15453 89 1066 1178 1568 1617 3000 3707 8172
15454 60 984 4334 6039 7981 10521
15456 862 1182 4105 9182
15457 569 1727 2250 9042
15460 24 1340 1868 6666 6982
15461 261 569 3628 4257 4980 5250 5335 6193 6621
15462 2484 5981 6358 8807 9417
15464 3100 5383 8318 8642
15465 3519 3792 4700 8046 8834
15466 1928 4283 8722 10120
15467 149 204 5349 10541
15468 376 767 5948 10512
15469 253 2410 6728 10533
15470 6739 7722 7952 8203 9800 10533
15471 4797 5905 6908 9916
15472 362 1269 2237 2642 3034 3502 3691 3758 8103 9214
15473 34 1246 6340 9885
15474 1239 1944 3000 8190
15475 707 1331 1721 2569 5072 5784
15476 35 187 571 6860
15477 3645 9252 9627 9958
15478 160 348 3109 5436
15479 149 1517 1813 4479
15480 1537 1667 1894 5244
15481 584 1373 1446 1449 1710 2112 3355 3978 6230
15482 276 2044 2429 2622 3085 4331 4671 5702
15483 183 2149 2452 4089
15484 5129 5923 8074 10146
15485 2283 7371 9023 9450
15486 1727 2046 3889 5278 6666
15487 247 818 5907 8598
15488 351 554 5711 7402 9569 9680 10522 10545
15489 351 1893 2418 9025
15490 1298 2677 5332 9030
15491 76 593 8018 9181
15492 1387 1862 1863 1867
15493 579 1094 2826 4719 7542
15494 149 204 1340 3758
15495 351 1211 2236 3302 4616 5986
15498 1904 3576 9160 10287
15499 511 4478 5901 8867
15500 1440 4126 4639 7698 9564 10076
15501 31 77 1290 1425 1652 1656 2597 3234
15502 2560 3051 6539 8303 8818
15503 635 1055 2050 4967
15504 6521 7988 8783 9598
15505 361 583 588 7925
15506 1967 2409 4559 8116 8274
15508 524 569 1327 4834 6767 7997 8390
15510 744 1246 1298 2195
15511 707 1329 1331 3704 5721
15512 145 361 586 707 1331 1721 4028 5367 7078 7438 7627 8260 9023 9280 9491 9903
15513 524 843 5500 6225
15514 591 641 650 1722 1979 2403 4020 4343 4857 5782 5973
15515 1329 1331 2590 4830 5657 6837 8143 8207 8873 9231
15516 605 1766 2364 2579 2712 3664
15517 413 1937 2331 3249 4990 7166
15518 318 587 4674 6411
15519 579 583 1007 1888 2483 2689 2920 3318 3672 4574 6926 7569 8231 8959 9581 9757
15520 841 1888 3864 6095
15521 69 538 705 1446 1666 2153 2567 2640 3471 4233 4391 4487 4784 5379 6076 7263 8795 10098 10450
15522 2983 6276 8935 10239
15523 1523 5460 5672 6985 7692 8695
15524 1727 5954 7835 10530
15525 73 1340 1868 3956
15526 5709 5747 6348 8702
15527 1643 9201 9681 10014
15528 88 173 261 452 464 1171 1344 1581 3906 3908 5873 6568 6598
15529 1150 1151 2968 3451 4926
15530 1177 1196 1700 2732 5194 9861
15531 924 1246 2285 3000 5478 7856
15532 429 811 830 2949 8996
15534 191 193 569 641 662 707 717 718 765 1242 1269 1329 1331 1452 1497 1498 1506 1510 1721 2125 2293 2758 2960 3034 3934 4063 4307 5873 7786 8106
15535 2649 6219 6699 7289 10542
15536 1340 1868 4198 8106 8116
15537 556 1697 2426 2428 3086 3859 6051 6784 7475 7905 7939 8575
15539 2740 4903 6987 9314
15540 4700 5985 6079 6117
15541 5460 6990 7254 9023
15542 2677 4253 5721 7027 8111 8588
15543 1460 2886 4719 5874 8069 8994
15544 585 675 1222 1895 2311 2555 2841 3339 4622 4730 5772 6411 9280
15545 412 417 462 2205 2253 2364 2766 3719 4156 4253 4472 6958 7725 8717 8795 9023 9674 9711
15546 3202 3934 4583 4585
15548 351 378 380 874 2238 3000 4020 4347 4750 6699 7682 8130 10427
15549 24 6593 10160 10350
15550 211 1747 2012 2184 3665 4183 4705 4923 5651 5875 6699 6701 8065
15551 352 389 2283 8103
15552 289 583 588 1326 2079 3480 4162 6076 6931 8065
15553 7905 8634 9579 10168
15554 4636 8108 9068 9561
15556 95 1894 2811 2817 6696
15558 2024 3887 4497 8006
15559 1560 1727 2280 2583 6619 9268 10125
15560 1568 5460 9469 9493
15561 169 579 2463 5736 6686 7036 8424 8735
15562 7897 9592 10140 10317
15563 707 1329 1331 7004 8413
15564 1979 5058 7339 8018
15565 37 2162 2661 3000
15566 1638 1944 6120 8571
15567 269 4114 4537 5719 5927 6428
15569 149 204 413 583 588 2409 5478 6323 8369 8664 9032 9128 9154
15570 2369 2534 2631 4289
15571 3984 4068 6741 7086 8885
15573 554 746 772 9703
15574 183 721 1552 6056
15575 381 936 2320 2535 3754 6820 8332 9204
15576 14 297 4719 7878 8165 8543 10276
15577 554 1159 1574 3321
15578 2292 7289 9519 10594
15579 1246 2802 2983 3343 4020 4391
15580 3180 7576 7832 8509
15581 183 1489 1813 6073 6333 6418 7289 7937 8710 9946 10039 10611
15584 707 1329 1721 8378 9801 10025
15585 5666 8197 9310 9791
15586 2067 3898 4349 7636 8200 10496
15588 1711 2644 6676 8704
15589 1329 1331 1550 1721 8961 9537
15590 24 211 591 593 2647 2766 3983 5460
15591 7016 7744 8472 10355
15592 149 204 2262 10583
15593 569 1469 1497 3864 4063 5179
15594 707 1213 1329 1331 4830 8207 8440
15595 253 1891 3297 6995
15596 146 1340 1568 1868 3419 3420 8106
15597 211 4768 5947 7370 8303 8487
15598 1290 3258 5837 7163
15599 3051 3792 4755 7157
15600 1048 4044 6948 8047
15602 145 311 589 2301 4404 8795
15603 235 352 2800 2864 7441 9806
15604 306 2469 2877 7089
15605 584 5984 8751 8765 8921 9240 9490
15606 149 204 8103 9335
15607 8196 8449 9342 10377
15608 1666 1749 2688 2834 3668 4604 5887 6775 7380
15609 545 2565 2799 3576 4832 7435 9672 9679 10163
15610 4738 7838 7884 10131
15611 1878 2327 8919 9550
15612 3447 4159 6977 7189
15613 1023 1930 2454 3519 3792 3854 3890 4461 4700 4770 5489 6333 7659 7937 8232
15614 588 1329 1721 2343 3586 6076 8231
15615 460 579 727 1188 1560 1888 2650 3180 4896 6382 7263 7493 7820 8137 10616
15616 1239 4219 7024 8207 8622 9386 10063
15617 707 1331 1721 9214
15618 5859 6062 6840 9084
15619 675 2170 2172 5383
15620 511 579 6715 6985
15621 6156 6334 6958 8116
15622 2650 7495 8061 8731 10117 10123
15623 548 1256 2744 4452 6510 9960
15624 4404 8845 9158 9707
15625 381 1727 4768 6699 9240 10440
15626 1459 3000 3463 9493
15627 586 5914 7380 7484
15628 3318 6597 7874 7964
15629 253 376 379 395 619 746 758 1042 1634 2046 2216 3288 6437 7569 9500
15630 4687 5703 6896 7802
15631 374 4391 8806 9885
15632 653 700 901 1614 2368 4404
15633 1722 1979 4289 4906 10178
15634 81 1255 4020 8368
15635 77 318 589 4475 7022 7905 8271 8967 9952 10049 10050
15636 1478 3091 4422 4812 4816 6989
15637 216 1152 1340 2551 4975 5460 5478 8231
15638 5040 9046 9588 9624
15640 3249 4237 6680 7189
15641 160 1329 1331 1721
15642 430 1853 2015 5851
15644 569 707 1329 1331 5604
15645 745 746 1329 1331 1721 2095 4700 5489 9318 9340
15646 194 520 4700 5080 7833 8638 9145 9340 9419
15647 706 1342 1727 4830
15648 1346 2177 3662 6077 9883
15650 1574 3700 8472 10453
15651 204 5703 6641 8704
15653 5460 6989 8494 9788
15654 3919 3962 5234 5420 6120 7681 9134
15655 2906 3704 8800 10239
15656 470 2383 3896 3913 8495 8844
15657 8795 8910 9588 10416
15658 1329 1331 1721 2815 5302 5489
15659 1596 1630 1633 5688 6056 6333 6590 8285
15660 1043 7407 8816 9049
15661 583 588 6626 8231
15662 5022 5703 5707 6324 8116
15663 2802 4032 4615 6782
15664 707 1331 1721 5460
15665 1569 1617 1733 1780 1955 4028 5510 6577 8380 8448 8987 9025 9976
15666 470 791 1177 1330 1457 1666 1710 3896 5423 5460 5789 6373 6701 7291 8310 8511 8589 8718 9023 9240 9349 9487 9723 10394
15667 632 1357 1459 4214 4602 4700 6701
15668 2295 3991 4645 5189 6301
15669 2550 5634 6777 7160 7572 10577
15670 1153 1329 1331 1721 1811 2050
15671 7237 7307 8940 9493
15672 359 4830 5657 7073 8646 10508
15673 1340 1868 4094 5823 6392 8714
15674 25 949 2056 4767 6701 8105
15675 1340 1868 2538 7131
15676 409 668 2149 6164
15677 2059 8162 8556 8629
15678 1568 2231 4198 4243 4532 6982 7263 7576 8103
15679 1845 2378 3375 5721 7861 9782
15680 4464 5179 8557 10457
15681 793 1262 6522 10354
15682 1568 1727 3683 3762 7131
15683 103 502 1250 1493 1558 1560 2007 2687 3293 3327 3406 4515 4954 5234 5420 6994 6995 8106
15684 3672 4412 6546 7799
15685 1332 1617 2162 2366 3120 3427 5293 7933 10358 10436
15686 532 3867 4504 7194 8139 8203
15687 1123 1830 2555 5460
15688 392 5694 9068 10105
15689 19 20 1345 7265 9626 9675 9880 10036
15690 1155 5278 5581 5863
15691 499 926 2226 5657
15693 583 588 2156 2535
15694 5874 7954 8888 9852
15695 2284 3135 4031 4063 4862 6523
15696 149 204 273 274 1868 5984
15697 357 381 579 2260 5361 6701 6876 10364
15698 2732 4700 4738 6090 9861 10371
15699 583 588 593 3104 3610 3924 6905
15700 2265 7226 8343 9661
15701 547 6597 6835 7013 7765 8924 9236 9560 9742 10611
15702 1730 5657 6695 6775 8223
15703 1558 1727 6860 8413
15704 1301 1329 1346 1721 1754 7289 7388 9560 10552 10617
15705 707 1329 1331 1721
15706 1236 1498 1705 1930 1993 2498 2915 3456 5194 6752 6831 7490 8459 8534 8847 9109 9624 9713
15707 371 377 668 926 1007 1429 1430 2017 2328 2391 5483 7061 7569
15708 1831 3963 4969 9733
15709 1153 3593 6002 6247
15710 2444 8158 9962 10291
15711 707 1342 1721 1868 3135 6194
15712 538 583 588 2563 2624 3472 4014 5403 5672 6554 6790 7288 7876 7931 8231 8555 9036 9045 9060 9355 9732 9879 10040 10510
15713 1293 2194 2942 9166
15714 381 1246 1446 4417
15715 283 420 1081 9733
15717 1346 6554 7147 8106 9625 9981
15718 276 3465 7076 7077
15719 2178 3558 4462 5412
15720 1493 2724 6572 6603
15721 2157 3631 3990 6109
15722 4574 5185 6597 7068
15723 149 204 588 1152 1576 1673 1727 1813 4399 4452 8231
15724 4198 5984 7833 9711
15725 1694 1893 4066 5914 9284
15726 728 3818 5929 7245
15727 1293 3519 3982 5016
15728 353 1568 1669 10239
15729 5460 5871 5984 7054 9346
15730 145 1087 1446 3074 3463 3624 3691 4198 4320 5746 5820 5982 7062 7284 7315 7809 9671 10521
15731 549 924 1714 4246 5549 8103
15732 467 2483 3245 8438
15733 596 1928 5673 5947 7289 8327
15734 649 2661 2849 2913 5359 8721
15735 1311 1523 2696 4452 5672 10120
15736 354 579 1704 9515
15737 1293 5368 6491 7313
15738 629 1153 2042 2786 3043 3135 4869 7668
15739 569 641 1127 1213
15740 7235 8555 9230 9795
15741 2178 4968 5984 8471
15742 63 2509 3085 5379
15743 1727 2773 3009 3689 3707 6590 7200
15744 759 2561 4120 5784
15745 932 1264 1393 7228
15746 1329 1331 1721 2704 6958 8918
15747 1666 3020 3077 6412 6648 7864 8088
15748 14 1666 2396 9751
15749 2042 3342 7737 10146
15750 37 1895 3163 7952
15751 622 2254 2261 2296 3541 3990 4111 5721 6386
15752 654 2328 2393 3565 4314 9744
15753 591 707 1329 1331 1666 7717
15754 1096 1177 4472 5219 6199 6324
15755 5721 7454 9269 9762
15756 2666 3000 6740 7402
15757 645 5150 6371 9588
15758 569 1340 1868 9120
15759 149 204 1383 5460
15760 569 1070 1340 4198 5460 10060
15761 584 1845 2766 3375 5721 5777
15762 381 605 7136 7380
15763 954 3663 5456 5657 7015 10103
15764 856 1122 6970 9806
15765 569 1868 3346 5966
15766 635 2583 8106 8212 8343 8718
15767 3020 3631 4020 5405 5672 6577 6786 6822 7145 7519 7789 9613 9655 10095 10514
15768 375 654 734 787 975 993 1000 1324 2353 3361 5294 5804 9384 10005
15769 2590 3899 5083 5823 8478 9279 10402
15770 451 1904 7023 9151
15771 5226 5984 7161 8860
15772 208 1858 2745 4349 4830 7024 7385 7663 7833 8207 8293 8310 9290 10031 10137 10266 10586
15773 583 588 706 4677 4971 9814
15774 3749 4159 5984 7832 8128 9401
15775 151 275 579 1108 1914
15776 14 569 1223 1340 1868 1932
15778 583 588 589 784 1284 1605 1643 1743 1830 2300 3719 5460 5874 5975 6440
15779 2019 5052 5918 6941
15780 4048 6377 7152 10577
15781 583 588 8369 8703
15782 5616 9181 10320 10411
15783 8058 8207 9072 9148 10123 10546
15784 6124 6740 6914 7028 7133
15785 1848 4773 5093 6331 6467 6916 7564 7817 7822 8587 9386 10452
15786 318 1995 8159 8485
15787 3717 5441 7484 7925 9212 9924
15788 3906 5411 5747 8481 8795 8884
15789 707 1329 1584 1721 7564 10552
15790 1067 2579 3314 8867 10533
15791 2761 7122 8424 8997
15792 5721 6440 8471 9576 9806
15793 1018 4719 4915 7819
15794 18 5108 6514 8637
15795 1831 2583 8424 8896
15796 569 1666 2391 6608
15797 149 204 569 588 1070 6831
15798 2647 6546 7731 8303 9636 9655
15799 1007 1010 1666 1830 6597 7163
15800 362 1893 5201 7493 9418 9525
15801 348 354 588 891 8231
15802 569 3453 9343 9998
15803 236 865 1391 4575
15804 1874 2786 3339 3934 4773 5977
15805 1634 4087 5714 6741
15806 707 1329 1331 1721 8899
15807 2886 3588 5163 6037 7220 9899
15808 2766 5966 9492 10409
15809 641 3240 5460 10496
15810 229 5458 9393 9417
15811 2015 2047 4392 5984 8318 10137
15812 588 3020 7835 9174
15813 679 704 3769 5721 6942 9128 9276
15814 707 1329 1331 1721
15815 2345 2596 3652 4968
15816 211 1932 2555 2591 2661 2766 3000 4442 5664
15817 371 668 7961 9013
15819 569 868 7607 8416
15820 1301 1727 2853 6108 6874 8811 9335
15821 1443 4198 5929 5947
15822 1727 3749 5874 6709 9310 10350
15823 1560 1830 2684 9493 9885
15824 583 588 4999 8231
15826 324 585 5232 8103
15827 149 204 588 2150 2567 4479 7334 8718
15828 520 579 630 2590 2766 5828 5953 6522 8049 9161
15829 1969 2591 5598 6147
15830 5460 6905 7468 8435 9050
15831 2820 2931 3576 6209 6423 7103 10331 10437
15832 596 1322 3830 4223 4868 8387
15834 4040 5884 9632 10497
15835 1282 4422 6804 6991 8106
15836 623 729 918 6664
15838 1891 2505 2584 4023 6904
15839 707 1721 2747 2885 2920 3043 3792 3952 4048 4700 5953 6566 7484 7822 8371
15840 583 588 5489 7817 8273 9386
15842 5054 8918 9193 9955
15843 670 846 5868 8060
15844 25 210 274 1213 1858 2293 2850 3385 4700 7908
15845 36 7046 9190 10400
15846 520 1488 1499 1509 3150 4214 5101 5489 6336 7659 10067
15847 1194 1666 2695 3536 8914 9576
15848 583 588 4830 8103
15849 1475 1955 2181 8390
15850 1018 1229 2229 8106
15851 2555 3806 4214 4869
15852 285 981 1541 1883 2010 4970 6421 9280
15853 8285 9071 9160 9723
15854 5302 8710 9198 9456
15855 138 2648 5054 8918
15856 1394 3499 7205 8866 9286
15857 86 3704 3864 5626
15858 520 4198 6540 7931
15860 355 2178 5545 6664 8103
15861 1330 1710 5460 9569 9971
15862 319 1050 6934 8434
15863 1214 1215 2054 2119 2583 7626
15864 2293 5874 6743 10124
15865 583 588 7384 8273
15866 538 4830 4834 8307
15867 583 586 588 1569 2283 6087 7159 8796
15868 707 835 922 1331 1721 6166
15869 1092 6003 7493 10452
15870 3050 6985 7137 9259
15871 588 5409 6620 8231 9675
15872 540 560 607 1067 1284 2567 3927 5721 5871 6196 8487 9357
15873 1365 1943 2583 3100 3483 3502 3675 4842 5196 6301 8106
15874 1760 1813 2613 4357 4612 4741 5080 6076
15875 2137 4830 5460 5907 9240
15876 425 2266 2535 8106 8765 8946
15878 707 1329 1721 1773 3645 3899
15879 1186 1187 1219 7954 8106
15881 936 2381 6353 7900
15883 3471 7194 7697 9247
15884 1340 1868 2030 3536 4223 4490 5180 8405 8718 9991
15885 35 2766 2843 3707
15886 428 1610 2814 7874
15887 2 4350 7601 7863
15888 4198 9216 10120 10262
15890 7 380 2807 3016
15891 1905 3935 7236 9885
15892 965 3419 3420 4479 5494
15893 435 1446 3730 4582
15894 4505 4622 6045 6473
15895 381 4624 5599 10002
15896 2189 2237 5349 5721 6765
15897 99 174 522 1092 2476 2621
15898 1601 3051 4538 5486
15899 449 689 1958 2194 3925 4062 4700 5701 6087
15900 511 949 6003 8231
15901 641 2555 4742 5484
15902 35 835 2704 4700 7361 8106 8920 8968 9261
15903 1281 1460 1940 5486
15904 181 381 579 1727 2607 3242 4941 5604
15905 1092 4083 5110 9955
15908 93 3684 4700 8084
15909 77 1726 3450 5873 7680
15910 583 1285 8231 8272 10586
15911 1326 2424 2428 5298 5608 6130
15912 182 275 1487 1666 2280 2541 2555 3282 4251 5412 5558 7505 7633 8409 8707 8796 9785 9827
15913 359 641 5867 9554
15914 183 597 598 599 7288 7315
15915 351 362 7459 8207 10137
15916 5506 5931 6174 8784
15917 3342 4451 4475 4757 5982
15919 1007 1122 2479 3291 5881 6643 6683 7109
15920 211 1213 5984 8103
15921 538 583 588 10009
15922 259 707 1082 1710 1721 1762 2604 5486 7412 7564 7798 10108
15923 95 1246 2123 3429 8758 9043
15925 1329 1340 1721 1868 3505 6522 8285 8315
15926 569 3889 5721 8717
15927 2560 2561 4591 7567 8338
15928 3077 4404 9275 10078
15929 328 1666 2454 2580 3471 6124 7572
15930 311 1178 6030 7442
15931 2621 4215 5964 6797 6895 7224 8356 8619 9096 9588 9860 10423
15932 18 5541 6036 7233 7749 8952
15933 359 1773 1791 2557 6444 6653 7275 8103 9005 9673
15935 707 1329 1721 2509
15937 154 569 588 8231
15938 707 742 953 1329 1331 1455 1456 1721 2609 2853 4664 4850 5769 7380 7548 7659 8822 9786 10602
15939 2065 2067 5346 6521
15940 569 591 1177 5724 6587 8644
15941 621 5194 9484 10007
15942 366 588 1223 1568 2507 4198 5460 6985
15944 9420 9567 9575 9585
15945 1050 2179 2229 3519 3645 4198
15946 2178 3431 3627 10069
15947 130 583 3615 10213
15948 1316 5632 9522 10592
15950 4097 8553 8846 9985
15951 1340 1868 2085 5436
15952 1570 5766 6779 8555 10239
15953 2822 3065 4534 8786
15954 264 1617 4234 5366 5904 7039 7861 7994
15955 2482 5194 9478 9713
15956 273 1308 1868 2052 2380 2541 3150 3931 3943 5235 5249 6334 6666 6979 8536 9581 9655 10404
15958 635 1464 1478 2591 2689 2919 3091 3804
15959 1834 5641 7123 8680
15960 1340 1496 1497 1868 4048 4700 4816 4821 4825 5069 6001 6144 6251
15961 707 1329 1331 1721 2179 3846
15962 162 407 604 3556 3789 4947 9485
15963 1495 2465 3455 10595
15964 511 566 1340 1501 1569 1868
15965 1361 2054 2802 10579
15966 355 511 1089 2703
15967 2280 5104 6958 7598
15969 211 2480 2815 4214 5984 6844 8067
15970 362 408 927 1711 1918 3128 3542 3841 4099 4382 4383 5460 8103 8637
15971 2509 3085 3467 4763 5306 7281
15972 163 934 1522 3445 4323 5629 6249
15973 1459 4700 6522 7188 8625 9299 10000 10199
15974 482 6030 6618 8902
15975 2843 4027 8162 10488
15976 654 676 926 947 1039 1051 1565 2693 3420 3568 5376 6423 10079
15977 1059 1862 1867 4477
15978 469 1894 2377 2856
15979 2646 5021 5973 7026 8272 9251 9773 9990
15980 3424 4038 6746 7927 9360
15981 6982 7576 7962 8104
15982 1603 6512 6940 6982 7011 10282
15984 2854 3352 4552 5982 10040 10282
15985 6148 6620 6959 7054 9832
15986 4276 6202 6229 6386
15987 1783 2195 4830 9200
15988 1640 2047 3729 4623 7836
15989 351 484 4304 6990
15991 2740 4020 4933 6601 8343
15992 4283 9489 10269 10409
15993 154 926 2369 3749
15995 299 583 586 588 1584 1813 2884 5919 8548 8987 9240 9768 9849 9952 10007
15996 244 297 793 2043 4014 4700 6069
15997 545 1178 4783 5460 6079 7205 7351
15998 305 1094 4106 5545
15999 1177 2885 5863 5984
16000 703 5478 7598 7946
16001 583 588 591 2193 4571 8231
16003 305 1340 1868 6620
16004 1018 3129 3146 7723
16006 354 1240 1260 1451 1922 4802 4830 5823 7731
16007 454 880 957 1565 1833 2502 9384 9744 9806
16008 362 1597 2689 2942 9340
16009 755 2425 2456 3085 3423 4242
16010 1074 1522 2988 4539
16011 7211 7708 8811 9296
16012 29 1575 2744 3463
16013 36 6849 10400 10533
16014 2042 2652 3240 3934 4068 4214 4754 5361 5874 5921 6154 6741 7050 7876 7877 8459 8460
16015 3318 6763 7937 10411
16016 1246 3000 6160 9134
16017 210 1813 1874 4695 4754 8106
16018 35 1107 2983 3785 5683 6538 9496
16019 264 1593 2019 6229 10403
16020 1664 2156 6541 8717
16021 1177 5379 7851 9240
16022 2689 3856 4448 6931
16023 545 2712 5900 7451 9171
16026 18 1345 1858 5475
16027 154 437 2983 5435 5716 6773
16028 2000 2071 4462 9623
16029 2300 3308 4990 8506
16030 273 274 590 2215 3773 7264
16031 7518 8303 8860 9025
16033 2565 8338 9138 9782
16034 23 1708 4007 6741
16035 1726 8501 8888 9300
16036 1926 4906 5984 9195
16037 322 896 917 6629
16038 1344 5724 5901 6831
16039 1340 1775 1868 3858
16040 641 3134 5235 5724 6664
16042 707 1329 1721 4335
16043 5478 7176 7891 9015
16045 2560 3872 4528 5929
16046 1553 6799 8904 8929
16047 4784 7491 7830 8873
16048 1278 2042 6373 8189
16049 142 707 1329 1331 1464 6569
16050 569 579 2140 2315 2375 2590 2884 2933 3156 5724 6626 7925 8415
16051 707 1177 1721 2090 2689 9240 9329 9589 10583
16052 253 1935 2360 2676 4238 4968
16053 768 2661 5621 8648
16054 348 569 1223 1340 1446 1568 1868 3749 5436 5871 6985 7099
16055 1271 1601 2253 5349 5957 6724 9144
16056 36 2546 8989 9953
16057 506 939 1278 1820
16058 1725 2309 5395 10218
16059 5298 5318 6307 9542
16060 205 208 1066 1833 2257 2409 2578 4422 4975 5226 5424 5478 5557 6878 7460 7942 8103 8162 9225 10130
16061 5982 6529 7150 7787 9397
16062 1203 3212 5302 5460
16063 4771 5558 5721 7593 8780
16064 14 393 1419 2898 4734 8929 9036 10299
16065 183 7823 9386 9784 9786 9849
16066 1489 3928 7739 7937
16067 553 1932 2548 4947 5856
16068 111 4544 5688 7123 7807 9685
16069 844 845 2843 3454 4046
16070 1666 4222 6521 8039
16072 1032 7154 7891 9174
16073 1664 4422 4468 4859
16074 351 711 765 4642 6668
16075 4253 5672 10195 10294
16076 1150 1151 2059 5604
16077 24 195 412 542 721 929 1123 1513 1523 1725 1868 2229 3132 4264 4712 4746 5030 6115 6898 9339
16078 718 1568 2408 3659 3946 4175 4732 5717 8286
16079 149 204 1404 1574 2821 4582 4591 5449 7842 7856 8116 8471 8617 8718 9025 9515
16080 23 641 4659 5057 5543 7807
16081 1346 3916 5899 6247
16083 77 103 376 654 1831 1894 2504 2779 3354 3569 5373 5776 6545
16084 569 1330 8511 9240 10200 10393
16085 579 1177 2238 2260 2283 5604
16086 18 34 1346 4198 4327 4877 6545 6554 6717 7105 8106 9656 9729
16087 833 2229 5984 8074
16088 381 7533 8065 8341 9485 9834
16089 2751 4714 4820 6030
16090 443 5604 5994 6070 6324 9702
16091 1314 6247 7678 9735 9928 10433
16092 75 6141 6927 7808
16093 2505 6410 8684 9973
16094 183 253 2591 10143
16095 361 1740 6071 9843
16096 176 1314 1576 3986
16097 667 2702 6782 6991
16099 728 1482 2202 2286 2560 5642
16100 569 2377 4337 7062
16101 2625 2627 9598 9806
16102 511 707 1721 3864 6593 8310 10155 10447
16103 6525 6591 6734 7078 8106 8502 8599 9565 10095
16104 258 1757 3051 4122 4700 8148 9362 9903
16105 5035 5219 5706 5903 6253 6401 6448 6830 7062 8106 8116 8665 8666 8667 10179
16106 6803 7247 8202 9023
16107 184 3916 5333 5668
16108 234 1858 2595 3327
16109 632 2532 8303 8718 9164
16110 3657 6141 6778 8448
16111 2457 2926 3249 4953
16112 2454 4510 8268 10047
16113 348 1262 6637 7286 7885 10069
16114 583 588 4487 10117
16116 1268 1455 1479 2936 5535
16117 1488 1845 4252 4525
16118 18 4670 6429 6991 7691 10212
16119 4700 5812 6889 7907
16120 348 362 520 569 573 583 586 1269 2396 2960 5460 5535 5724 5747 6107 6667 6990 7964 8866 9849 10056
16121 455 6831 9280 10078
16122 928 3782 4997 7024
16123 2295 2546 5378 6299 6722
16124 833 1373 2548 3928 6259 9494
16127 569 7054 8486 9296
16128 211 2518 5399 6912 9245
16129 73 2613 5721 7096 7383 9906
16130 1138 2463 2555 3576 4574 5315 6926
16131 210 357 2463 2480 2542 2740 2815 4705 5302
16132 570 1103 4405 5791 5990 7025
16133 545 3826 6278 7022 9676 10145
16134 211 444 2522 3545 3681 3944 4748 6597 7423 7886 7998 8921 10266
16135 8830 8833 9865 10394
16136 679 4452 5436 5871
16138 2829 3588 6121 7484 9455
16139 2814 6646 8704 10534
16140 579 1854 2272 5788
16142 6560 6605 7217 9324 9370 9511 9557 9889 10410
16143 1979 2295 2506 5324 6299 6301
16144 1959 2555 6958 7054 8448
16145 1913 6620 6932 9064
16146 569 698 1156 1340 2766 3576 4214
16147 2627 3747 6664 7849 8103 10489
16148 303 2716 3109 4838
16149 381 579 583 593 678 1256 1340 3393 5871 8369 8717 9296
16150 381 472 5747 6933
16151 2403 7964 10083 10429
16153 588 3493 4472 6004 6709 6942 8162 8231 8718 10441
16154 583 784 2689 7964 8273
16155 412 1318 1394 1855 2607 3756 7560 9066
16156 2972 8948 9374 9449
16157 149 204 7664 9010
16158 163 8415 8884 10060
16159 830 7999 8149 8194 8769 9744 9834
16160 420 8279 8484 9733 10037
16161 42 3000 6907 8110
16163 1094 1407 2368 8350 9259 10559
16164 373 490 767 4380 5456 5586 5657 6550 7394 8493 9556
16166 583 2646 5604 8231
16167 3615 3834 5379 7467
16168 632 4566 4602 4603
16169 376 820 1421 1624 6964
16170 2259 3707 3889 5379
16171 18 2808 7163 9409
16172 609 4268 5460 7054
16173 149 204 511 1980 8043 8448
16174 662 1347 1932 5460 5768 9124
16175 506 2983 3423 4171
16176 1007 1683 2717 5947 6969 8092 8356 10252 10318
16177 36 77 1858 2524 3741 5863 9991 10400
16178 728 2406 2494 3000
16179 586 588 2051 2590 2815 5537 5823 9240
16180 641 1727 3749 4198
16181 662 3139 4529 5557
16184 487 3201 4883 5874
16185 211 1284 3091 4652 8285 9462
16186 30 2631 4879 5460 7316
16189 5219 6990 7131 7335
16190 4221 8603 9484 9868
16192 1328 1888 2511 3691 5080 5081 5721 6189 6762 7386 8042
16193 540 684 4089 6247
16194 2059 3071 3077 6494
16195 4131 4555 6808 7987
16196 24 1223 4176 4187
16197 746 1568 7484 9546
16198 5416 6779 8190 10260
16199 1315 5858 9493 9885
16200 589 591 1023 1310 5721 5882
16202 1340 1868 10080 10261
16203 1423 9685 9747 9852
16204 1285 6370 7664 9253
16205 2889 2983 3086 5379 7123 7361 10239
16206 3575 3610 4989 6139
16207 636 1456 4048 7078 8536 9079 9492 9885 10062
16208 101 2427 2492 2801 3368 3670 4397 7448
16210 2512 2859 10117 10421
16211 299 361 6931 8420
16212 706 5183 8303 10588
16213 2661 4552 7731 8036
16214 165 449 4525 9702
16215 2484 3163 5460 7161 8582
16216 1568 2766 7054 9174
16217 9435 9677 9806 10148
16218 351 569 707 1331 1569 6318 6959 7054 7987
16219 512 1314 1331 1340 1721 1868
16220 3000 3886 7402 9493
16221 662 4609 7823 8625
16223 1027 1868 2639 5721
16224 138 2891 3545 7816
16225 750 1113 6970 10583
16226 583 8231 8795 10466
16227 2509 7402 7491 9122 9450 9481
16228 6289 6394 9151 9296
16229 1281 4700 5911 5916 6876 7205
16230 571 2960 2961 10274
16231 1167 1565 5460 9932
16232 149 204 351 588 8231
16233 583 588 639 8231 8278
16234 2178 3717 6667 6691 6692 7876
16235 1247 1452 1894 2127 3755 4638 5199 5478 6125 7546 8055 8511 8704
16236 583 2120 3541 4914 4968 5673 9005
16237 583 588 1340 1868 6076 6108 6982 9277
16238 318 321 411 982 1053 1979 2226 2366 4123 4129 5973
16239 1187 2494 2546 2580 2661 3318 4451 5532
16240 2661 8219 8751 10191
16241 227 706 5672 8106
16242 6891 7942 8751 9885
16243 662 5460 6148 7934
16244 1780 4020 9386 10380 10504
16245 1177 3768 6835 7721
16246 154 162 351 1178 5703
16247 1570 1587 5754 8795
16248 5412 6500 6664 8106
16249 311 1284 1330 1340 1459 1478 1710 2280 2590 2702 4721 4949 6551 6642 7331 7466 7732 8270 10553
16250 1094 2255 7897 8795
16251 641 2162 2265 2300 4672 5237 5493 5946 6276 7561 7691
16252 589 5424 5721 6196
16253 1574 2493 5990 6448
16254 7479 9079 9591 10452
16255 24 605 5946 6556
16256 24 188 293 348 520 583 588 2509 2575 2648 3020 3455 4609
16258 1099 1124 2239 3581 5076 5477 5566 7099
16259 845 1186 1190 2295 2541 2560 2820 4214 5552 5687 5823 9380 9415
16260 1177 1878 2161 4479 6888 7901
16261 668 697 767 834 1408 4217 9493
16262 654 1815 1824 2088 2094 2264 2323 4638 7022 7658 8093
16263 3000 6740 7402 9450
16264 119 1268 7861 8395
16267 773 1701 2193 5091
16268 1498 3505 3706 3743 4455 7542
16269 2271 3395 7543 9073
16270 28 2180 5678 6142 9813
16271 6466 7099 9468 9885
16272 2364 2887 8128 9738
16273 353 1177 1340 1868
16274 583 588 3709 5556 5984 8231
16275 707 1329 1331 4013
16276 24 511 569 593 3956
16277 6867 6964 7416 10282
16278 795 2280 3310 3624 4622 4848 5657 6386
16279 5716 7357 7366 9213
16280 354 1727 2773 8106 8369 8867 9134
16281 668 3896 5731 8799
16284 195 2640 3109 3787 4053 5395 5994 6278 6307 6611 6901 6904 6918 7680 7717 7832 8011 8601
16285 571 579 1329 1331 1721 5721
16287 2134 2153 2162 2378
16289 2844 3277 3704 6538 9885
16290 0 583 588 8116
16291 1597 5672 9251 9307 9498
16292 538 635 7380 7763
16293 2590 6565 7106 10092
16294 1636 4145 6699 9025 9485 10372
16295 362 2283 8338 8718
16296 166 5104 9191 9192
16297 2045 4925 5628 6071
16298 707 1329 1331 1721
16299 1489 4719 9311 10452 10469
16300 2377 9450 9556 9945
16301 1314 1501 2253 3802
16302 1421 5819 7295 8407
16305 6033 6946 7819 9490
16306 2563 3051 5460 6740 6914 8349 9189 9267
16307 311 1346 7438 8415 10194
16308 776 2057 2268 4622
16309 1710 4830 7678 8467
16310 102 1528 8563 9179
16311 351 2589 6527 10390
16312 548 1800 4352 6376
16314 1568 4830 6494 6860 6876 7435 10062 10355 10586
16316 988 1332 7569 10355
16317 4198 5460 6639 8105
16318 24 1932 3000 4573 4796 5460 5874 6958 7177 8652
16319 34 177 211 253 273 1394 2047 2319 3976 4205 4652 4830 5144 7077 7730 8062 8278 8961 8978 10049 10452
16320 696 4641 5806 6941 8353 9035
16322 486 1383 1565 2185 2265 10015
16323 582 654 904 954 972 2447 2903
16324 653 1678 4268 6754
16327 561 1177 1904 2115 2303 2766 4068 5723 5929 7725
16328 2812 2817 2860 7625 9592
16329 236 252 714 6306
16330 2293 5910 6429 6860 6876 7064 10050 10257
16331 707 1331 1721 4322
16333 3456 4532 6562 6565 6831 6979
16334 1568 1813 4326 5910
16335 711 1464 1468 1478 3532 4818 5460 8987 9155
16336 4565 7289 7443 9495 10562
16337 183 6108 7687 8511
16338 3385 4170 5085 6809
16339 14 3622 5132 10482
16340 707 1329 1721 1887 4830 6471 8106
16341 9272 9450 9714 10101
16342 5340 7569 7684 9826
16343 2658 4102 6776 6958
16344 1774 7882 7990 10591
16345 8511 10140 10239 10319
16346 235 554 579 3921
16347 243 354 707 1331 1721 1868
16348 1340 1868 3519 8481
16349 1246 1446 4784 10017
16350 1029 1862 2672 9453 9499 9883
16351 204 3604 5984 8103 8668
16352 549 3904 5444 8103
16353 622 1139 1177 1336 5547 8712
16354 899 970 4722 7949 8591 10298
16355 2082 8207 8871 10031
16356 662 2030 6990 8619
16357 880 2130 4254 6607
16358 2009 2259 2984 6636
16359 796 1666 2732 5666 8303 9861
16360 1666 4038 5438 5984
16361 511 529 636 4014
16362 276 851 2425 4237 5157 5167 7123
16363 2440 5629 5831 5835 7596 8813 9394 9433 9650 10193
16364 6210 8243 9117 9588
16365 685 686 5083 6628
16366 67 569 707 1329 1331 4915 8066 10588
16367 707 1329 1331 1721 1868 2070
16368 992 2555 3342 6569 6577 6832 7143 7777 8802 9236 9324 9403 9893
16369 2293 5911 6701 6958
16370 588 1371 1373 5984 6941 9850
16371 1774 6247 9335 9487
16372 652 2391 4733 6965
16373 361 7961 9163 10203
16374 1727 5339 9002 9238
16375 1972 5543 6946 7274 7659 7684 8031 10281
16376 2689 6717 6761 6958 7820 8625 8819 8964 8987 9386
16378 695 1443 2555 3341 5037 5946 5988 8790
16379 3875 5491 6189 8448
16380 101 666 1980 2380 2756 2824 5454 5649 5779 8511
16381 4218 7180 8103 8998
16382 641 4068 5874 7054
16384 1932 5244 5422 5823
16385 782 1708 1723 2046
16387 2110 2344 4428 6225 6989 7619 7962 8543 8580
16388 125 408 542 583 588 609 718 1067 1096 1340 1554 1568 1609 1666 1868 1905 2034 2179 2595 2648 3093 3796 3935 5302 5379 5398 5413 5721 5754 6508 6883 7003 7229 8027 9340 9723 10495
16389 588 1683 1727 6831 8231 8643
16390 125 359 579 1282 1473 1905 3935 5637 5899 6073 6247 7443 7664 7670 7799 7937 8272 8795 9859 10411 10443 10546
16391 1151 1182 1568 1946 5444
16392 588 1581 5460 9459
16393 588 593 1979 4700 8643 9491
16394 1404 2066 5642 8639
16395 4576 5535 5761 9346
16397 1790 3346 4990 6664
16398 3249 4198 7006 8457
16399 477 756 3473 4024 5635 5982 7312 7472
16400 469 594 2027 2076 2097 6167 6558 7288
16404 211 707 1331 1721
16407 1894 3758 7721 8789
16408 516 2786 2896 5484 5777 5947
16409 1280 2815 7659 7819 9775 10331 10495
16410 2247 5129 8662 8663
16411 408 522 1177 5873
16412 203 1826 4942 7159 8350
16414 707 1331 1721 6108 6463 9276
16415 6002 7692 7763 8433 9025
16416 176 6896 6942 8415 8704 10109
16417 1156 1540 2729 2871 2887 3488 4189
16418 36 4974 6961 10400
16419 4391 4475 8603 8605
16420 4679 5460 9335 9979
16421 645 679 4383 5094 6813
16422 584 5549 5984 8353
16423 83 2807 4038 4526 4764
16424 207 707 1331 1721 7347
16425 1340 1868 5178 6985
16426 1443 3202 3576 8303
16427 1340 1868 6941 8173
16428 3700 3925 8105 8289
16429 4345 6127 8264 9903
16430 952 1813 3739 3747 4598 7581
16431 4147 4589 5078 7808
16432 1878 6546 6547 7491 7737
16434 381 706 784 1293 1294 2299 2583 3463 4476 4529 5235 5259 5264
16435 353 1294 2841 9875
16436 252 1534 1674 2143 3077 3264 3522 4333 4677 5925 6664 7558
16437 6114 7539 8004 9096
16438 211 588 3882 5203 6247 6738 7244 8698
16439 376 615 868 1292 3427 6821
16441 1314 1340 1827 1868 4399
16442 707 1331 1721 7600
16443 1891 4045 6741 9005 9025
16444 351 662 4385 5236
16445 381 641 6757 9166
16446 583 588 1154 1340 6194 8106
16447 1849 3051 4202 4378
16448 1298 5379 7618 9493
16449 149 204 354 619 662 2206 2555 3111 5719 5873 6816 6985 8103 8127 8449 9169 10321 10444
16450 4032 8022 8126 8448
16451 707 1329 1331 1569 4765
16452 1876 4198 4280 5483 8106 9493
16453 18 95 101 228 408 534 1662 1846 1894 2524 2937 3294 4196 4350 4667 5212 5475 5779 6072 6791 6886 7822 7955 8031 8424 8689 10199
16454 1290 1327 2406 3520 5812 6458 6525 6842 7320 9435
16455 381 2931 2952 3610 4700 7143
16456 378 379 2534 5804
16457 70 1841 4020 4043 4639 6415 7807 8126
16459 2110 4031 5309 9919
16460 3696 7673 9221 10440
16461 23 24 110 187 321 328 375 380 435 496 577 587 629 769 782 797 820 847 874 930 954 980 991 1004 1007 1013 1031 1045 1061 1192 1408 1430 1459 1496 1534 1559 1692 1708 1862 1970 2079 2133 2146 2154 2425 2462 2498 2555 2561 2580 2634 2647 2714 2793 2831 2874 3022 3050 3123 3554 3642 3764 3796 4020 4124 4195 4347 4532 4855 4945 5065 5333 5338 5460 5535 5694 5740 5823 6012 6023 6066 6079 6124 6126 6422 6645 6686 6794 6799 6874 7022 7136 7273 7289 7614 7721 7767 7822 7950 8039 8199 8230 8285 8333 8536 8595 8636 8858 9100 9291 9409 9462 9745 9866 9991
16462 376 5460 5686 8759
16463 2490 4292 7094 8540
16464 718 1340 1868 8173
16465 2286 4862 7490 9267
16466 24 3565 4475 6424
16467 409 1394 1456 2150 2259 2561 4214 4582 5540 5657 6544 9621 9794
16468 707 1329 1331 1721 2545 4867
16469 1316 5376 6905 10079
16470 63 643 763 9315
16471 18 95 707 1033 1329 1331 1721 1868 4336 5947 7266
16472 103 707 1331 1711 1721 3032 6069 8717 9129 9236
16475 1249 6547 6692 8815
16476 3747 8717 9895 10428
16477 1307 1913 1925 2259 5754
16478 9274 9279 9879 10137
16479 149 204 944 2046 8106
16480 218 1070 1854 6259
16481 348 583 588 1137 6323 8231
16482 635 641 662 707 1331 6170 6975 7762 7976 8987 10598
16483 86 678 4700 5985 6333 8588 8702 9363 9784
16484 35 1566 6449 7491 9170
16485 608 906 1105 1106 4107 9177
16486 5146 9154 9498 10080
16487 1187 3637 4887 6333
16488 1188 2760 4164 8271 9001
16489 4700 7077 7818 8587
16491 579 8625 10145 10316
16492 204 351 4020 10246
16493 18 301 2180 4700 6876 7569 7979 8103
16494 151 4253 8377 9214 9240 10516
16495 822 1033 1195 5472 7569 8089
16496 18 579 1727 6820 6905 8718 10239
16497 36 1652 4261 4474 10144 10400
16498 6127 7196 8453 8620
16499 34 36 2576 4417
16500 1711 2603 8103 10529
16501 3485 5189 5190 6307
16502 3000 4757 7498 8199 8582 10076
16503 612 1932 3091 6469 6577 7143 7351 8413 9019 9226 9324 9397 9559 9614 9686
16504 713 2237 2699 4462
16505 149 203 204 538 589 591 707 833 1329 1721 1905 3935 3952 4854 6959 7022 7799 8854 9240 9983 10119
16506 1979 4218 4537 9727
16507 204 381 1174 1887 2931 2942 3043 4214 4700 6546 6701 7179 7779 7819 8285 8588 9299 9958 10488
16508 5478 6017 6276 9025 10178
16509 707 1329 1721 5598 5984
16510 417 583 707 1331 1721 1893 4904 5723 8231
16511 1723 1878 3218 7944 10440
16512 1079 1155 1156 1346 1459 2766 4267 5266 5672 6316
16513 76 2822 2856 3468
16514 439 1370 8463 10342
16515 210 1246 1894 1979 2412 2740 2861 6741 7137
16516 2801 2856 4453 5694 6799 9737
16517 297 711 1888 8303 9025 9340
16518 173 6740 7402 7931 8375 10155
16519 5385 8162 9885 10423
16520 1000 2457 3094 8427
16521 305 1394 2043 2709 2792 4014 5369
16522 583 1868 3671 4975 5478 5642 6324 8231 8481
16523 149 204 583 588 6542 6989 9515 10523
16524 641 4746 5555 7556
16525 309 440 579 583 588 1911 2498 2675 3050 4990 5001 5460 5813 6851 8073 8543 8546
16526 25 511 2843 9926
16527 118 1246 1728 2467 2494 5259 7245
16528 1177 5535 5770 6569 8102 9484
16529 579 583 1246 2169 6118 6142 8231 9441 9813
16530 579 3571 4700 5121 7401 8300 8625
16531 208 1347 5235 8106
16532 711 4020 5153 7659 8444 9785
16533 1726 2210 5864 7438 9259
16534 135 408 996 2661 8444 8697
16535 2376 5196 7273 8988
16536 420 583 588 1340 1568 3417 3942 5079 6874 7400 8795 9335
16537 569 2141 2837 6316
16538 662 1552 1813 2067 2920 7338
16539 402 857 1862 3513
16541 1330 1710 2815 4741
16542 1456 2576 3551 4327 4452 5070 5460 6743 8674
16544 334 3401 10020 10125
16545 1446 2120 2154 2820 3783 5657 6689 7179 7345 7491 7698 8988 9493 10126
16546 228 579 596 2483 3413 3609 4013 4301 4302 5265 5586 6175 6337 6438 6538 8106 8281 8390 8448 8740 8743 8844 9174 9991 10533
16547 707 1329 1721 2696
16548 390 520 1346 3575
16549 34 526 2792 3830 4020
16550 352 1006 1187 1722 1904 2572 2758 3318 4336 5874 6905 7268
16551 1650 4214 4809 5316
16552 35 775 2498 4198
16553 4452 5747 6024 6849 8456
16554 554 788 864 1446 3345
16555 1666 5816 6534 8039
16556 583 588 5233 8231
16557 2708 5990 8333 8819
16558 583 588 718 1142 1211 1813 2205 3502 6246 8740
16559 707 1331 1672 1721
16560 641 5155 8344 8626
16561 2123 4474 5372 9491
16563 1268 2909 4136 4462
16564 520 1568 2548 4087 4422 5049 7004 8704 8765 8908 9268 9372 10533
16566 3560 4113 4700 5638
16567 260 569 1329 1331 1932 4198
16568 1156 1445 6358 8479 9067 9416
16569 2565 7076 9174 10466
16570 602 3780 5083 7945 8554 9925
16571 2 641 1229 3707 4687 7050
16572 1094 1407 2264 3020 4405 5545 8481
16573 1375 2590 5445 5775
16574 203 2229 2960 3204 8106
16575 1285 1666 4636 5489 6072 6370
16576 2612 7957 9383 9651 10165
16577 1177 3621 7931 8704
16578 1301 1340 2004 3456 4073 4169 6107 6872 7337 7935
16580 2092 2560 2815 4214 6463 6889
16581 1433 1732 5504 6891 7041 8190
16582 707 1721 2110 3280 6606 9212
16583 1459 2259 7054 9335
16584 1346 1538 2381 3924 6665
16585 2081 4349 4974 7245 7999 9953
16586 1353 2149 2663 4125
16587 1340 1868 2179 7523
16588 554 2532 2695 2732 5129 9861
16589 1346 1597 1727 3622 8718
16590 1568 1932 8103 9187
16591 203 4172 4783 8103
16592 4698 8616 9151 9158
16593 2253 2590 3588 4272
16595 2811 4020 4936 10533
16596 149 197 353 467 1709 2194 2483 2845 3289 6842 8718 9166 10061
16597 2303 2561 2922 2931 3576 4214 6212 6554
16598 2426 5270 5700 8786
16599 96 164 1666 9751
16600 183 707 1329 1331 1721
16601 668 926 1332 1421 2162 2629 4919 6515 7023
16602 2514 8393 8506 9862
16603 538 679 1590 1868 2689 5424 7798 7957 8873 9020 9672 9838 9857 9945 9946
16604 5831 6070 6530 6555 6618 7846
16605 213 514 2229 4734 6004
16606 569 583 588 8231
16607 264 1743 2345 4030
16608 1041 4269 5874 6666 6958
16609 2642 3637 4227 7037 7877
16610 662 7706 8879 9005
16611 511 1027 1711 1722 5535
16612 1830 7691 9493 9813 10201
16615 1177 1932 4198 5460
16617 261 1570 1932 3502
16618 833 1256 4687 5478 6991 8549 8912 9006 9532
16619 1451 2843 8332 9006
16620 14 775 4014 4031
16622 596 3289 3675 4244 5720 8578
16623 1570 5576 5721 5929
16624 378 4239 6166 9885
16625 583 588 592 8303 8304 8918
16626 5730 5984 7432 8119 8870 9143
16627 2377 5460 5688 8142
16628 2684 2877 3670 5983
16629 8279 8290 8378 8697 9272 9387 10037
16630 583 588 5460 8231
16631 8749 9085 9403 10069
16632 635 2590 3091 3630 4532 4705 5371 5645 6912 7226
16633 1322 2150 2498 3675 5144 5604
16634 1067 1308 1773 2005 3128 3135 4042 5830
16635 707 1331 1721 1874
16636 1697 1907 2390 3558
16637 1932 7934 8695 9864
16639 583 588 2020 4411
16640 6964 7010 9493 9885
16641 3601 5478 8116 8665
16642 1246 1446 5590 7276
16644 1346 1394 5460 5984 6441 6699 6997 7520 7684 9276 9277 9588 10146
16645 6643 7145 7368 7777 8204 8467
16646 211 412 1502 2127 5954
16647 2563 4210 4585 6002
16648 1162 4462 5874 8334
16649 141 262 1824 8718 9036 10590
16650 627 1013 2688 2958 3565 5535
16651 1577 3887 4768 5966 6081 8503 9436 10237
16652 506 2489 4390 7768 7920 8888 10339
16653 1246 1446 7234 9534
16654 579 707 1331 2003 5192 5688 6496 6577 7144 7289 8338 8511 8551 10062
16655 3501 3807 6247 8499
16656 577 819 1394 2689 3743 3913 4399 4700
16658 3139 4494 5951 6958
16659 1364 1394 2850 4703
16660 1705 1817 4656 5218
16662 913 956 2646 7339
16663 691 1171 1176 1955 4198 4698 5393 5460 5540 5947 5984 6377 6846 6920 6958 7264 8452 8987 9806
16664 571 2771 3318 10562
16665 183 1331 1721 2113 5818 7485 7736 8436
16666 1943 2377 2555 3575 4700 4755 7266 7310
16668 641 4562 4970 8106
16671 9 569 579 1340 4452 5778 6194 6605
16672 2492 5536 6837 9687
16673 707 1151 1331 1340 1721 1868
16674 1967 4559 5886 7251
16675 25 1576 2845 5194
16676 351 3519 3792 9025
16677 511 2724 7132 9060
16678 160 569 1178 1246 1340 2640 3000 5604 5721 5984 6790 8310 8873 9769 10239 10479
16680 3948 4911 6809 7999
16681 707 1329 1331 8493
16682 649 1342 1459 2709 2726 3906 4063 4604 5911 7054 7131 7760 8369 8949 9279 10004 10120 10553
16683 593 5858 6741 7983 9025 9205 9903
16684 1380 4049 4237 7442
16685 2936 6947 9176 10599
16686 1492 5747 6540 7518 8415 9240
16687 1340 1868 4520 4768 5052 6070 6982 6985
16688 2345 4831 7807 8263
16689 589 1340 3956 6464 8106 10187
16691 630 711 1497 5100 6367 6709 7050 7082 9683
16692 5666 7245 7649 9997
16693 583 8261 8435 9485
16694 6172 7016 8356 9096
16695 254 1281 1295 2097 2344 4005 4700 4862 5021 5335
16696 355 707 1329 1331 1721 9661
16697 1049 3604 3999 4102 6754 7660
16698 569 898 914 1104 1383 4674 8103
16699 874 1772 3598 4438 8637 9637
16700 1373 3698 6377 6668 9032 9723 10137
16701 1177 1435 1568 1618 3707 4198
16702 1800 5490 6096 8613 8977 9128
16703 722 1049 1293 1802 4351 5535 6840 7438
16704 1966 2269 4456 5066 7928 8449
16705 273 274 717 1330 7619 8740 10152 10330
16706 393 923 1661 2204 3775 5736
16707 2824 4362 5080 5845
16709 8194 9311 9813 10125 10373
16710 1246 5761 5762 5881 8074 8918 9845 10325
16713 1346 6699 9166 9960
16715 1340 1868 7166 8259
16716 1106 3095 4214 7834 9239 10583
16717 1177 2507 5984 9900
16718 1159 1443 2564 2740
16719 149 204 1568 5125
16720 1404 8381 8796 9595
16721 387 625 2302 5984
16722 207 451 1330 1331 1568 1710 1721 2736 3870 8859
16723 5460 6336 9900 10553
16724 1708 8375 9493 10125
16725 1868 5460 6108 6740 6982 8185 8683 8866
16726 566 1346 2000 5528 5883
16727 324 934 1378 4905
16728 187 211 260 414 1329 1456 1721 1780 2240 2590 2815 2845 3792 4779 4828 4899 5217 5245 5333 5985 6073 6453 6824 7911 9200 10596
16729 2546 2856 4475 9221 9716 10018
16730 4906 5354 8902 10145
16731 707 1329 1330 1331 5853 6258
16732 5823 8034 8381 10368
16733 4700 7818 9737 9782
16735 2651 8448 8683 10206 10424
16736 747 1446 3262 3265 8387 8787
16737 2596 4726 5672 6324
16738 400 2758 4943 6421 6892
16739 95 96 1246 2154
16740 2951 3297 5086 5423 5457 7364 7605 9982
16741 167 5049 5650 8748 9441 10578
16742 583 588 2293 4532 7289 7371 9723
16743 1980 8254 9027 10137
16744 125 138 253 1294 1444 1845 8793 9033 9133 10198 10423
16745 238 422 1177 1281 1612 2094 2123 2334 2481 3615 3736 4215 4554 5001 5023 5535 5556 6076 6124 6233 6259 6534 6905 7053 7408 7409 7614 7832 7982 8207 8264 8472 8474 8475 8910 9079 9345 9480 9576 10394 10496 10587
16746 579 5874 9741 9979
16747 412 4214 5263 5489 6426 6453 9109 9386 9782
16748 707 1329 1331 1721
16749 5263 8103 8806 9203
16752 1469 8773 9144 10049
16753 195 1340 1868 4443 5496
16754 1178 3227 6876 7964 9528 10336
16757 5947 8375 8418 9321
16758 351 353 707 1329 1331 1340 1394 6076
16759 1465 2093 2240 5007 6712
16760 2042 7179 8347 8722
16761 1340 2742 3682 7801 9661
16762 707 1329 1721 4768 4990 9592 10008 10349
16763 1565 2138 7948 8216
16764 711 2124 2420 3252 3730 3751 8044 8080 8402 8436
16765 430 579 678 1268 3215 5349 5716 7796 8449
16766 211 520 3981 4048 6751 7659 7823 8031
16767 1164 1186 1187 1721 2697 4261
16768 1446 7603 9058 10533
16769 1773 2405 3925 4172 4863 10564
16770 412 772 1262 1906 2815 4741 4805 4909 5281 6124 10060
16772 183 708 1098 1539 1667 1932 1959 2178 4092 4419 4838 4990 5930
16773 7517 8402 8854 9057 9352
16774 182 253 1852 2953 3318 4611 8111 8303 8372 10063 10152
16775 1019 7222 7763 7823 8467 8900
16776 1329 1331 1721 5688
16777 240 2984 5984 8353 8424
16778 1866 4954 7166 8136
16779 1329 1331 1721 8778
16781 1666 2601 7087 7103
16782 126 183 843 2736 3536 4023 5079 5999 6620 7168 8231 8273 8542 9661 10276 10579
16783 1876 2059 5471 5712
16784 543 2567 3900 4519
16785 583 4048 6336 8231
16786 369 379 904 1062 1218 2534 2556 2695 4581 5609 5894 6880 8106
16788 299 2456 2555 4131
16789 6317 8493 8866 9490
16790 1352 2035 3588 4990 5501 5777
16791 102 204 569 583 595 6540 6820 8103 8231
16792 540 1850 6108 6545 7531
16793 2841 8136 8718 9166
16794 2178 4097 4103 4533 7898
16795 451 625 656 1950
16796 3022 6157 8518 9539 9546 10205
16797 765 2118 6875 6926
16798 1953 2698 5721 8743
16799 537 1942 2636 2676 5927
16800 370 872 886 2449 4314
16801 707 843 874 1331 1466 1721 1759 1888 2157 2590 3051 3820 3821 4181 6505
16802 239 1708 3865 9910
16803 166 2300 2654 2989 4703 6440 7396 8617
16804 2063 2721 5460 6840
16805 746 4570 7406 8741 9515
16807 875 880 881 939 996 1395 2329 2646
16808 583 588 3938 8231
16809 361 583 588 1314 2047 3346 6522 7159
16810 2094 2811 5062 6429 7492 8795 9973
16811 899 1030 3054 4919 7232
16812 311 5460 5791 5984
16813 2740 7615 7664 8534
16814 1249 1609 2425 8844
16815 6972 7484 8918 9490
16816 216 470 1894 2902
16817 160 663 1067 1893 6664
16818 1281 1739 2730 4068 4227 5081
16820 345 678 707 1329 1331 1721 2590 4846 5457 6701 7364 7371 9820 10021
16821 1708 3000 4784 7402
16822 5747 6253 7263 8722
16823 14 228 2786 7302
16824 1894 4768 5367 5746
16825 149 354 1213 1946 2153 4547 5019
16826 1222 6108 9276 10160
16827 587 1561 6424 9072
16828 155 162 4554 4617 5534
16829 2105 4954 5087 9160
16830 351 2689 3120 5722
16831 579 5379 6421 8025
16832 635 713 1733 5144 5338 6164 6210 6247 6831 8004
16833 311 1407 2360 7438 7842 8415
16834 645 5104 6664 10519
16835 4020 4280 5002 5315
16836 7875 8285 8510 9148
16837 211 1868 6136 6463 7976
16838 1555 2649 3467 7994
16839 76 117 137 707 747 1128 1334 1341 1706 1721 1807 1894 2079 2579 2583 2599 2964 3551 4196 5313 5379 6092 7023 7225 7487 7547 8646
16840 1186 1187 3436 3792 4214 8343
16841 1329 1340 1721 1868 4198
16842 1773 4012 4301 9252
16843 1823 2173 2661 4628
16844 18 491 932 2755 4709 5242 6665
16845 160 588 707 1331 1721 1886 2047 5075 6650 8231 8337 8860 8913
16846 243 538 5672 5723 8858
16847 165 650 1930 5827 8067 10016
16849 1340 2797 3502 8106
16850 202 579 1282 5315 5540
16851 1446 1625 2941 4578 7331 10385
16852 204 1727 5775 5874
16853 5708 7054 9240 9567
16854 707 1329 1331 7943
16855 1773 2015 2546 4281 4565 8186 8471 9360
16856 707 1213 1329 1331 4243 5077 5829 5915 6652 6675 6699 7717 8156 8430 10543
16857 3531 7156 7670 8534
16858 5556 9727 10507 10592
16859 1708 6212 8449 8609 8988
16860 1854 2324 5379 6381 6905 8042
16861 2391 8303 8594 8624
16862 2849 8224 8452 10423
16863 571 707 1331 1346 1621 1721
16864 1704 3717 4649 5030 5907
16865 78 571 1481 2590 2815 3695 3899 5987 7299 7338 8123 8184 8287 8983
16866 118 1894 4095 8036
16867 583 588 4563 9600
16869 1666 2974 8037 9347
16870 757 5170 8634 10002
16871 408 1246 9803 9869
16872 569 2043 5874 6155
16873 569 5341 5661 6389
16874 500 2352 4853 7638
16875 936 5984 6068 8832
16876 189 490 2546 3551 4767 7369
16877 937 2903 3849 6928
16878 419 6597 7937 8839
16879 5395 6229 9061 9333 9586 9650
16880 147 407 8150 8325 8751 9174
16881 462 6822 7532 10562
16882 700 2598 7036 8393 9692
16883 2171 5460 9488 10154
16884 18 95 422 1174 2013 2100 2293 2509 3519 3792 4475 4700 5984 6511 7558 7612 8499
16885 2983 4783 6415 7418
16886 672 3726 3956 10531
16887 5846 8589 9389 9859 10461
16888 520 631 1868 1893 1986 2270 4896 8103 8106 10290
16889 1239 3688 5863 6892 8444
16890 1569 2568 4168 4850 5233 5954 6502 6527 6539 6577 6642 6760 6974 7136 7139 7143 8903 9370 9557 9686 9699 9928 9958 10433
16891 1094 2596 4975 9588
16892 5721 6073 6100 7054
16893 85 581 1803 5219
16894 165 1048 1399 9072
16895 155 1067 2046 5361 6831 8909 9025 9972
16896 473 588 1131 1308 2295 2754 5077 5666 5721 7880 8231 8257 8471 9542 10292
16897 2750 3707 3746 6545 7145
16898 596 1634 2378 3536 4994 7012
16899 583 588 3836 4343
16900 160 354 1868 2087
16901 291 803 7925 9346
16902 1568 2009 2229 4214 5984 6076
16904 354 1868 2262 2403 5460
16905 1177 1932 4590 7628
16906 500 1669 6299 6353 8529
16907 412 1213 2985 6230 8106 9491 9492
16908 301 1824 5730 6809 10321
16909 261 422 2494 5080 6272 8718
16910 204 366 2263 8106
16911 318 603 908 4368 4469 9177
16912 2603 5721 6667 6687 6701 6942 7166
16913 1096 1998 2484 4667
16914 4153 7289 9515 10290 10513
16915 3000 4068 6115 7179
16916 199 1301 1813 9537
16918 4214 5349 9386 10138
16919 7381 7816 7874 10241
16921 352 1727 4698 8918
16922 132 508 740 4237
16923 2162 7794 8465 8509 8844 9158 9380 9782
16924 1133 1710 1732 10157
16926 6676 9360 9490 9852 9903
16927 200 1340 1868 4556
16928 306 8393 8444 8677
16929 43 50 61 235 1330 1340 1868 5328
16931 1459 5412 9372 9491
16932 1342 4472 5460 6299
16934 583 588 5548 8039 8231 8919
16935 787 1173 1870 3962
16936 1096 2837 3707 8704
16937 354 586 591 1173 4442 5874 6331 8554
16938 2689 5721 7457 7614 9885
16940 1618 6968 9493 9784
16941 273 274 662 2689
16942 1593 1894 6797 7089
16943 351 2647 7266 8207
16944 1919 4020 4869 6605 9924
16945 707 1331 1721 1780
16946 1568 3455 4198 6377 6596 6831 7273 8783
16947 2008 2746 5929 10119
16949 409 1375 4121 4224 5431 5933
16950 1350 2115 2202 3318 4700
16951 1186 1187 1195 1921 2228 2466 5016 5460 7166 7291 8704 8717 8909
16952 4175 5549 8759 8844 9867
16953 29 63 747 2483 2555 2896 4350 4550 4882 4976 5287 6409 6700 9452
16954 511 2738 7022 8173
16955 662 3020 3707 5984
16956 2501 2779 7051 8729
16957 351 519 579 5540 6377 10144
16958 4658 6026 6915 9883
16959 6363 6643 9761 9864
16960 2661 3000 3690 4784
16961 2201 2266 6958 8107
16962 361 782 1845 6664 7168 7912 7979 8381 8424 8907
16963 707 1329 1331 1371 1721 2338
16964 588 4899 8231 9906
16965 4349 8075 8424 9685
16966 727 3215 4238 5480
16967 341 1340 4784 9999
16968 593 1178 1840 10446
16969 470 3873 3896 6775
16970 3602 5874 9296 10415
16971 271 1346 5721 8245
16972 4261 9444 9918 10129
16973 3457 7687 7709 9139 9562 10354
16974 444 606 766 5984 6762 6943 8063
16975 1291 1868 10260 10492
16976 6740 8625 8987 10507
16978 7294 8164 8448 9832
16979 34 183 354 1262 1340 1609 1742 1813 1868 2095 2655 3206 3519 3747 3792 3907 4814 5303 5873 6060 6860 7168 7659 9112
16980 711 2638 2651 4266 6112
16981 6489 6546 7262 9883
16982 2546 7622 7884 8927
16983 18 126 276 1679 3230 7374 9115 9416 9541 10223 10339 10533
16984 747 3873 9268 9661
16985 583 2593 4283 7307
16986 569 728 1320 4106 4432
16987 583 588 4198 5460 6311 8231
16988 318 585 4368 5772
16989 204 1071 7901 9798 10517
16990 7474 9673 9801 10283
16991 2628 5543 8265 8872
16992 160 569 588 1355 2264 4475 4740 5357 8231 8836
16993 1755 2259 7068 7419
16994 520 583 588 8231
16996 540 8532 8843 9392 9558 10564
16997 569 2724 3453 3811 5582 5888
16998 1905 3935 6029 8511
16999 253 1472 3519 3792
17000 2377 3000 3615 7309
17001 5441 7742 8355 8362 9157 10465
17002 2689 5721 6556 7392
17003 3644 5985 7172 7612 8625
17004 101 5688 6958 9589
17005 214 820 1772 8541
17006 908 1017 2558 3493 3957 4676 5448 5772 6249 9177
17007 149 1007 1932 8106
17008 204 1342 6985 8106
17009 9632 9781 9845 10560
17010 689 3986 4827 8456
17011 3649 8926 9570 10495
17013 542 583 588 8231
17014 5622 8619 8678 10413
17015 1446 2195 8839 9485
17016 376 409 972 5804
17018 1186 1187 6373 7908
17019 711 1469 5815 6969 7548
17020 814 1133 4698 8043
17021 173 351 355 361 529 632 641 1151 1294 1489 1569 1727 1868 1928 1952 2238 2736 2816 3318 3436 3691 3982 4253 4505 4570 4700 4916 5280 5460 5771 5873 5874 5984 6545 6958 6985 7054 7173 7823 9661 10007
17022 2560 3050 4538 9256
17024 3025 3033 6550 6560 7692
17025 1943 7556 8199 10337
17026 2467 8637 8904 9493
17027 392 653 654 760 3538 3806 5790
17028 1327 2015 2942 6509 9627 9782
17029 4971 7763 8641 10584
17030 623 1081 4370 5564 7054 7661 8977 9177
17031 4936 7041 9205 9273 9989 10102
17033 1301 6389 7022 9470
17034 525 2437 2684 9493
17035 707 1329 1331 1721 9380 9485
17036 707 1330 1710 1721 10461
17037 3661 4405 8489 8499 9145 9290
17039 707 1329 1331 1721
17040 2122 3754 5984 9281
17041 1531 1614 3582 4405
17042 1121 1757 2285 2391 2435 2495 3502 5721 5984 10120
17044 367 1942 2265 3143 3621 5149 5578 6031 6755 7099 8369 10199
17045 299 1708 1887 4896
17046 5579 5760 6108 6403 6860 8848
17047 351 889 3223 6831 7181
17048 520 583 588 8231
17049 538 6598 7691 7899
17051 2524 4680 4783 5904
17052 351 511 538 571 579 2418 4577 6467 7668
17053 1960 4753 5115 8471 9433 9470
17054 1329 1331 6653 6989 7213 7487
17055 579 1213 1443 4836 6597 6876 8236 9315
17056 632 1159 1306 4738 5400 5984 6601 7553 8415 8636 9075 10397
17057 1573 2120 4350 8036
17058 7777 7818 8207 9212
17059 149 204 1066 5874
17060 5772 6222 8381 9033 9820
17061 554 2905 4712 6051 9751
17062 3841 5478 5748 7054
17063 1329 1331 1721 1932
17064 1027 1340 1342 7022
17065 4896 5447 5751 5775 5876 9151
17066 71 4020 4137 5943 6150 8731
17067 312 2323 5759 5990
17068 3590 4604 4859 4929 5721 6264 6546 6547 6567 6979 6991 7080 7263 7438 7891 8048 8103 8781 9410 10188 10340
17069 1255 5858 8109 10419
17071 1340 2590 4608 6502
17072 901 4974 10446 10579
17073 2856 5491 7130 8285 10237
17074 187 1852 4214 6496 8826 8845 10452
17075 579 707 1222 1331 1721 7289 7461 9279
17076 3574 5300 6209 6946 7103 7196 7253 8786
17077 707 1331 3575 8717
17078 707 1331 2944 3453 5984 6540 7064 8339 8340 9656
17079 2067 4674 5276 5481
17080 425 713 3532 8054
17081 462 4227 4870 5489 5755 10394
17083 351 1569 2237 6074 7247 7263
17084 1727 2646 5731 9025
17085 36 2555 9489 9492
17086 3999 6830 6940 7921 8663
17087 1451 2948 4452 5941
17088 1290 1894 3486 5159
17090 2 235 490 1727 1932 2784 2793 3864 4214 5797 9025
17091 4417 4465 6108 8076 9274 9279
17092 2060 7001 7247 9270
17093 1246 6743 7354 8207
17094 3576 3610 4214 10371
17095 31 1239 1698 1876 2162 2661 3463 4148 4516 6216 7941
17096 999 1268 1358 5356 6281 8555 10259
17098 359 569 1857 10551
17099 408 707 1174 1705 1721 4249 4961 5903 6076 7548 8146 8369 10021
17100 352 606 1066 5598 6568
17101 4362 5146 5478 6323
17102 5807 8848 9240 9356
17103 662 2688 8147 9128 9650
17104 6070 8415 8661 9238
17105 7596 8424 9240 10290
17106 149 1796 1917 7600 8546 10151
17107 3576 4700 7966 7967
17108 162 340 1027 8551
17109 210 1727 2850 5307 6596 8873
17110 707 1331 1721 2886 4719 4826
17111 1727 4748 8415 8802 9585 9832
17112 168 311 1969 3277 4459 4891 5455 5643
17114 5 936 1338 1561 3010 4690 8713
17115 611 2382 2921 3095 3920 4036 6253 8039
17116 2277 2957 5632 5973 7932 8330
17117 305 772 1188 3133 5422 7930
17118 1475 4808 8704 10039
17119 147 1711 2027 3178 4652 5772 8174 10059
17120 765 1888 2013 4700 4809 5540
17121 1213 2179 3000 3519 6699 8448
17122 1467 2035 2590 8362
17123 352 353 1568 1722 2949 5478
17124 273 274 2732 4622 6289 9861
17125 2561 4779 6247 9303
17126 583 1569 4830 7003 8303 8908
17128 586 1329 1721 5821 7335 8106 9049
17129 1446 1983 2120 4020 5316 9806
17130 569 594 1446 1568 2129 2238 3129 4066 4570 4700 4903 6154 7058 10084 10506
17131 2360 3789 5591 10262
17132 181 1394 1568 3346 3645
17133 243 253 1456 8639
17134 1268 1330 1710 5695 9048
17135 2931 3454 4700 7909
17136 4821 7129 8177 8925
17137 5257 6985 8949 10062
17138 519 2047 6247 8704
17139 1394 3981 3982 9954
17140 4417 5118 7198 8295
17141 2293 5891 5893 8682
17142 1617 5956 6062 9171
17143 1139 1941 3638 5721 9497 10160
17144 569 2257 2596 5349 8717
17146 2224 4968 5477 5759 7306 8566
17147 1726 8106 8759 9275
17148 2000 3132 5521 5984 9883
17149 662 666 1340 1342 1346 1868 9409 10124
17150 25 1639 1650 1893 7423 7935 8704 9268 9539
17151 569 1673 3593 8448 10466
17152 1090 1169 2596 6717
17155 139 1154 1765 3003 3282 3901 4056 5081
17156 18 96 1894 3613 6741
17157 1447 4055 5080 6835
17158 407 500 1178 4425 4479 5336 6299 8201 8511 9795
17159 1329 1331 1340 1721 1868 8103
17161 24 381 569 3558 5823 7750
17162 1255 4020 7749 8873
17163 1149 1965 7219 7935 9546
17164 767 1565 1624 3955 5807 5984 9986 10557
17165 390 1330 1710 3139 5109 7289 8344 8404 8424 9212 9372 9581 10019
17166 2784 3972 4261 5460 6314 6325 7364 7655 10178 10451
17167 1007 7475 7476 7494 7569 8415
17168 103 253 264 632 1067 2122 2162 2207 2247 2373 2579 2655 2844 2951 3133 3297 3580 3775 3875 4307 4553 4810 5652 5823 5967 7406 8154
17169 408 707 1294 1329 1330 1710 1721 2766 4391 4719 5300 5688 5906 6643 6989
17170 179 195 381 1727 9151
17171 1423 7697 10076 10118
17173 96 1329 1721 6756
17174 62 7545 9452 9943
17175 389 1132 1229 4070 4858 5217 7818 9799 10371 10447
17176 3604 5748 9207 9493
17177 4341 7041 7066 9822
17178 1854 4667 5478 7652 9691
17179 203 5740 9217 9311
17180 2766 3707 5178 6982
17181 64 334 376 498 651 999 1246 1978 3912 4735
17182 3781 7952 8934 9458
17183 532 559 1492 1694 4493 4605 4654
17184 3 1394 4198 5672 6701 10145
17185 2968 2983 4288 8019
17186 1732 2503 4879 6775
17187 707 1329 1721 1981 6941 9253
17188 774 2815 4020 5867 8384 9072
17189 1174 1797 4002 5302
17190 24 1775 2047 6610 6985 7338 8322
17193 1157 1319 1893 6762
17194 6278 8103 8201 8381
17195 678 1883 2046 2502 3297 3565
17197 613 926 1332 2846 3918 5699 5750 8330
17198 1004 2321 2438 4104 4507 6328 7569 8192
17201 1891 3813 5721 6247 7787
17202 5807 6363 6527 9045
17203 1293 2193 4007 4493
17205 8278 8637 9005 9254 9355 10423
17206 42 472 4556 8112 8866 9644 9814
17207 261 1173 1239 1459 1574 1579 1800 2647 4048 4410 6393 8251 8278 8920 10327 10359
17208 2549 3830 9202 10373 10511
17210 755 6791 8194 10377
17211 56 773 1186 1330 1340 1868 2576 3291 5929 6526 6560 6823 8401 8718 8818 9397 9503 9877
17212 38 1082 2861 7613
17213 25 204 412 569 583 588 635 1459 1704 1727 2364 2590 5607 6876 7157
17214 2815 2983 3576 3674 5823 6185
17216 7188 8103 9244 10513
17217 1326 4214 4741 8449 9427 9429
17218 260 261 1932 3795 5984 7765
17219 414 459 679 1213 1281 2930 3588 4700 6267 6348 6943 8589
17221 1783 2709 4563 5410
17222 149 641 4565 5142 6289 8272
17223 359 5318 5926 8424 9036 10145 10316
17224 5988 6004 7199 7218
17225 4768 5705 7548 8978
17226 1325 3992 7773 10367
17227 569 1346 1568 8759
17229 707 1329 1721 4773 7461 9655
17230 18 4988 5930 7817 7819 7823 9308 10542
17231 2884 5141 5201 8738 10049
17232 586 707 1331 1721 3874 5536
17233 361 1868 4451 4840
17234 304 1404 2170 2989 4968 5864
17235 641 706 1177 9617
17236 583 588 4475 4700
17237 46 160 194 520 662 707 1246 1330 1331 1446 1710 1721 1914 1922 2089 2362 2509 3861 4748 5674 6440
17238 1459 2035 7337 9697
17239 34 1831 4020 4350 4515 6798 7641 8395
17240 707 1092 1329 1982 2590 3904 3996 5775 5984 6825 6916 7384 7997 8326 10546
17241 2456 4926 7040 9446
17242 305 583 588 8231
17243 216 1883 3468 3917
17244 1868 3341 3707 5721 6701
17245 101 3696 8704 9615
17246 1025 1999 2186 6750
17247 233 490 1281 2930
17248 562 4838 5598 7208
17249 604 3789 4872 7661
17250 707 1329 1331 10166 10361 10407
17251 4005 6180 6699 8598
17253 2 78 4261 4474 6182
17254 1116 2187 3649 3818 3820 7356
17256 6028 10085 10283 10418
17257 351 520 707 1329 1783 5312
17258 1165 1285 2560 6717 9881
17259 583 8231 8272 9990
17261 700 2255 2672 4514 4789 7897
17262 1971 2555 6956 7174 7501
17263 376 767 3915 5038
17264 1581 4768 7205 7881
17265 3050 4584 5460 6108 9825
17266 579 8554 8693 8844 9590
17267 4405 4891 4897 9986
17268 3 591 1213 1340
17269 651 767 2910 7019
17270 662 1568 2755 8106
17271 37 38 2546 3000 10347 10400
17272 874 877 1727 2088 5377 8648
17273 1340 1868 5874 6455
17274 149 204 1346 2630
17275 260 591 639 936 1177 2229 4859 5604 5672 7795 8106
17276 1446 1683 3000 4006 6684 10375
17277 311 1314 7976 8270
17278 490 843 2594 3810 4214 4475 7266 8822
17279 301 2513 4730 5300 6275
17280 381 419 2555 3683 5460 10488
17282 216 378 2046 2556 5675 6867 8448
17283 2621 2960 9315 9316
17284 14 8039 8929 9255
17286 34 1727 2228 2555 4082 10117
17287 24 211 1394 1932
17288 583 641 1894 1942 8273 8867
17289 1085 1877 3774 5564 5763 6566
17290 23 3473 9493 9885
17291 381 3454 5770 6699
17292 1346 1568 6009 8612
17293 195 721 1177 2766 2843 4198
17294 4557 4964 6466 9423
17295 14 228 240 253 1067 1587 1894 2067 2723 2868 3747 4680
17297 102 1608 7637 7957 9494
17298 118 119 5492 5982 6778 8628 8629
17299 1642 1643 2457 2566 3314 4036 5838 5932 6382 6536 7099 7420 8522 9504
17301 588 713 1329 1331 1721 4768 8231 9139
17302 1448 3968 6017 6400 8282 10420
17303 520 1478 5972 8362
17304 2289 7495 8076 8447 9118 10579
17306 721 766 1700 6280
17309 1255 2483 4280 5305 6805 9315
17310 0 31 4974 7808
17311 19 87 96 328 1443 2583 3558 5642
17312 583 588 2603 4550 8424 10279
17313 685 722 1868 3615
17315 9104 9966 10275 10286
17316 994 1780 2015 5129 8207 8959 9505 9782
17317 993 1722 4261 5874 7273
17318 492 1511 1722 2321 3859 7228 9287 10051
17319 2043 4014 4036 7667
17320 600 2364 2801 8470
17322 18 83 275 420 654 784 973 1045 1051 1067 1186 1187 1297 1635 1835 1902 2298 2306 2310 2328 2390 2738 2744 3281 3451 3564 3801 4137 4254 4533 5365 5728 5971 5984 6027 6073 6265 8006 8452 8997 9733
17323 181 260 593 5049
17324 1893 2689 3646 8420
17325 707 1329 1331 4346
17326 717 746 1308 1340 6573 8718
17327 3884 4199 4698 9875
17328 260 1775 1893 2744 3717 4649
17329 203 1399 6968 8156 10416 10457
17330 1705 3135 6196 6959
17331 322 2533 6985 8415
17332 4020 7402 9320 9493
17333 707 1329 1331 1721
17334 216 654 1550 3000 5399 9561
17335 2633 3949 4214 4848 5929 6919 7603 7878 7908
17336 2121 2178 5646 6644 8841 8987
17337 351 2550 4768 5460 6959 9542 10239 10413 10561
17338 1137 1211 4301 5672
17339 357 768 7987 8106
17340 19 20 8718 9903
17341 775 1700 2814 2942 3502 4299 4705 7388 7659
17342 6498 6540 6588 6641 8550
17343 1329 1331 1721 2025 2585 3961 6228 8718
17344 48 168 2952 6431
17345 1258 1327 1652 2300 2766 3429 3934 5643
17346 367 843 1375 2008 3576 4581 4824 5333 5441 6557 6889 6989 7136 7392 7677 8084 8717 8804 9301 9723
17347 1825 2122 2330 7170
17348 328 571 2026 7275
17349 14 187 195 206 219 228 414 721 1082 1483 1502 1932 2993 3588 3802 3821 3822 4214 4571 5240 5460 5775 6073 6137
17350 24 2936 4589 5966 9023
17351 437 641 1103 1605 1705 2702 5230 10262
17352 77 7289 8870 9979
17354 707 1329 1721 8444
17355 2560 3576 6775 7822 10452 10576
17356 138 1618 2047 5268
17357 18 264 351 1246 2512 2576 3000 3249 5657 6205 6958 9311 9316 10597
17358 2621 3975 6120 9493
17359 569 571 641 1340 1868 2050 2280 2843 3645 5460 5721 6525 7289 7756 8209 8544 8717 8718 9955
17360 696 4214 6076 6157
17361 374 2383 4114 6846
17362 70 2509 3085 4615
17363 765 1294 1451 3025 3033 4357
17364 359 4768 5633 8103 8343
17365 848 976 7775 9315
17366 412 442 4423 8023 9996
17367 696 1647 2154 2649 2661 2766 4349 4417 6440 6991 7332 8203
17368 2792 4667 7721 8383
17369 24 472 1487 2564 6596
17370 706 1331 1711 1721 2091
17371 193 1170 1241 1280 2942 4301 5082 6752 7423 7484
17372 583 8231 9275 9671
17373 462 520 1281 1459 4770 6678 8207 8625
17374 1741 6199 6982 8103 8743 9914
17375 2178 6494 6740 8032
17376 775 9490 9972 10331 10411
17377 2815 4862 4934 5302 9627
17378 1138 3000 5856 5984
17379 413 4535 5724 7162
17380 615 4346 4413 4501
17381 2014 3555 4814 9493
17382 2661 7952 8800 8935
17383 1727 4405 6391 9606
17384 5797 6695 7831 8448
17385 2105 2123 2327 3652 3707
17386 1469 2758 3393 8315
17387 1112 2348 8350 9493
17388 2579 2886 5823 6432
17390 5026 7585 10424 10491
17391 149 203 305 1186 1568 1909 4213 6070 9588 10578
17392 4537 4700 5289 6889 8257 8271 9148 9588
17393 1624 2534 4500 4733 6964 7569
17394 362 2205 2253 3731
17396 125 6958 7273 7674
17397 8733 8797 9174 10070
17398 396 2023 5598 10059
17399 393 1568 2256 3904 6407 8704 8815 9491
17402 409 942 944 986 1883 2131
17403 3318 5689 8046 9054
17404 7988 8415 8449 9885
17405 586 589 3891 5604 8177
17406 1445 1446 4073 4906 5814 5914 6180 7121
17407 952 2511 4984 5234 7567 7864
17408 138 579 2240 5082
17409 6383 6870 6881 8914
17410 334 2958 9548 9822
17411 1196 1357 5251 5994 6699 7758 8228 10582
17413 5579 6805 7063 9761
17414 1462 3664 5604 8344
17415 707 1331 1721 8564
17416 117 182 276 926 1177 1565 1841 2649 2888 3419 3919 4454 4805 9417
17417 583 4831 8231 10120
17418 707 1329 1331 1721
17419 23 1259 2153 5688
17420 1057 1994 2555 2894 3838 5058 9733
17421 2352 2928 3451 6905 6920 9104 9105 9907 10237 10496
17422 135 687 820 2712
17423 240 422 707 1329 1331 2272 8795 9709
17425 1178 2201 3962 6325 8255 8256 8795 10139
17426 450 2205 8300 8833
17427 1743 3467 4104 4955 5363
17428 1281 1858 1895 3609
17429 1469 4846 4869 5892
17430 2051 7947 8978 9230 10394 10562
17431 520 569 586 5369 5909 6028
17432 707 1331 5954 6518
17433 707 1329 1331 8778
17434 153 1614 2178 2654 4472 4576
17435 735 1026 6709 7964
17436 569 583 588 1178
17437 3704 4783 5070 9301
17438 246 359 1722 2094 7165 10405
17439 16 22 633 635 1257 1269 1465 1893 3091 5950
17440 4259 5652 5656 5657
17441 205 2186 5566 8786
17445 706 1754 3393 5863 8316 9275
17447 583 1145 3260 8231
17448 2842 4327 7291 7578
17450 766 3276 4809 9329 9456 9745
17451 800 1081 3747 5763
17452 87 3000 7415 9342
17453 3025 3033 5673 7881 9139
17454 34 3672 5540 6926 7179 8018
17455 470 1599 1858 2758 5130 9597
17456 1711 4773 6989 7289 9490
17457 2546 2574 3085 5315 6996 7717
17459 5288 8634 9098 9101 10239
17461 4816 7958 8055 9928 10433
17462 1673 1866 2046 2866 4537 7980
17463 846 892 1119 2321 5186
17464 606 4903 6069 6496 9741
17465 1727 6247 7443 7788
17467 319 2123 6494 10060
17468 374 771 4686 10512
17469 102 269 1340 1430 1523 1868 1932 2769 3000 3638 4556 5436 5445 5688 5798 6034 6740 6743 7402
17470 1893 2815 9240 9904
17471 5405 6496 7113 7746
17473 18 409 514 625 1045 1237 1950 4617 4792 6935 7211 8089 8139
17474 579 583 588 1450 1830 6141 8231 9294
17475 2595 7773 8031 8948
17477 707 1329 1721 2179
17478 96 1246 2555 2583
17479 874 1732 2114 2116
17480 43 2769 2896 4131 4261 4574
17481 1985 2293 4532 7242
17482 4917 5913 7665 10042
17483 564 821 1128 2963
17484 195 210 569 774 1157 1255 2986 3519 3792 4532 5001 6037
17485 1893 5180 8136 8448 9389 10151
17486 381 579 2263 5874 6247 6969 8553 9329
17487 6536 6582 7295 9240
17488 8362 9621 9683 9723
17491 8760 8761 8946 8947 9154 9567 9575 9584 10372
17492 2046 2129 6108 6959 10322
17494 1727 1864 2495 3774
17495 1329 1331 1721 8555
17496 1758 6497 6577 7925
17497 204 927 1531 2078 5172 5977 6831 8184
17498 164 2793 2868 3249
17499 1246 3749 7402 7985
17500 515 583 588 1894 6003 7423
17501 1932 4656 5807 7414
17502 547 579 711 1727 1763 4068 4768 4818 5914 5984 6323 6599 7006 7242 7466 9558 9600 9619 10026 10394 10417 10607
17503 1926 4214 4830 10324
17504 161 662 1569 1727 2017 2249 2749 2751 5874 7881 8091 8248 8254 8272 9471 9492 9782
17505 707 1331 1346 1721 4214
17506 190 294 351 571 2516 3009
17507 165 4198 8106 8704
17508 650 2646 6403 6429
17509 579 2576 5604 7980
17510 197 273 274 3597 4622 6895
17511 2105 2565 3968 4310 6323 8106
17512 707 1331 1704 1727 2960 3346 4243 5183 5279 5648 5650 5719 5874 6107 6743 6781 6989 7049 7143 7535 7616 7766 7950 8369 8494 8776 8813 9043 9060 9275 9502 9590 9717 10098
17513 1223 1269 2283 5794 6522
17514 253 5819 8111 10010
17515 1568 2257 5874 9335
17517 355 1294 2403 2814
17518 3006 3547 3813 4472
17519 1446 5846 8555 8954
17520 2766 2815 5460 5719
17522 587 2672 3789 9552
17523 2375 3730 4691 4732 5319
17525 1321 2936 4225 6905 6936 8062 8297 10214 10413 10587
17527 1059 5634 6647 8375
17528 1346 1828 3707 6316
17529 1173 1340 1868 3726 6655
17530 6499 8315 8384 8498
17531 359 1972 4830 9542
17532 860 986 1237 1323 2353 2446
17533 641 1314 1629 5001
17534 2555 8368 9481 9493 9846
17535 4893 7438 7505 9102
17536 1186 1327 2264 2345 2354 2596 3852 4725 5763 8103 9005
17537 759 1730 4584 6212 6309 6936 7096 7783 8624 8902
17538 2635 5823 6804 9352
17539 25 1568 1727 5721 5823 8496
17541 1281 2125 2986 3588 5126 7542
17542 6018 6356 7411 10411
17543 707 1329 1331 1721
17544 569 1897 4132 4133 9780
17545 154 2229 5823 5826
17546 8103 8141 9584 9806
17547 4700 6854 7190 8625
17548 3751 4841 5953 7889
17549 491 508 1174 1423
17551 706 1329 1721 2364 5721 6413 6941 7664 9011
17552 707 1329 1721 1911
17553 774 1200 4064 7668
17554 1568 2087 4198 8106
17555 1246 3536 3947 6322
17556 5874 7054 9286 10257
17559 374 668 987 7932
17560 587 712 7506 8466
17561 1329 1721 2054 5954 6247 8491
17562 822 949 1589 5657 7558
17563 5013 5586 7350 7484
17564 707 1329 1721 1848 2387 3986
17565 1107 1619 3342 3343 5862 6432 6798 7722 8630 9329 9893 10116 10191 10239 10493
17566 1186 1347 1932 8103
17567 8310 8795 9128 10060
17569 149 204 206 2457 3249 3501
17571 5300 5364 8479 8652 9180 10360
17572 5657 7684 7823 8624
17573 138 1211 2283 2563 3649 3661 4013 5194
17574 1340 6715 9275 10194 10508
17575 501 1394 5719 7093 8511 9471
17576 103 559 1166 4390 4503 6276
17577 5132 5856 8413 8415
17578 800 1381 1975 5763
17579 569 641 1523 1715 5604 7159
17580 16 125 183 1893
17581 717 3048 5966 7832 8237 8936
17582 194 412 1329 1331 1568 4433 8554
17583 381 1727 2766 2931 3683 5460 5724 5851 5852 5988 6004 6568 6642 6817 7105 7519 7524 8421 8550 9471 10256 10317
17584 982 1538 2023 2076
17585 183 616 767 1067 1346 1489 1611 2831 3051 4857 4876 4896 5072 5292 5863 6741 6889 6941 7169 7289 8399 8429 8499 8744 8901 9026 9139 9326 9659 10292 10452
17586 34 253 4278 4869 8788 9430
17587 557 2114 3502 7078 10477
17588 641 1049 1186 4214
17591 1157 2377 6673 7699
17592 3661 5024 7631 10562
17593 357 427 591 1711 3204 4700 5657 6914
17595 412 3599 6997 7624
17596 1243 2020 2825 5778
17597 149 204 579 1152 2094 3588
17598 775 1868 2953 4013 5586 7394
17599 2017 2660 3668 4099 5986 7179
17600 78 6253 7022 7638 8380 8497 8795 8867 9025 9221
17601 2779 3781 4757 7952 8731
17602 1177 6816 7294 9542
17603 1630 2300 2603 3218 4206 5044 5721 6357 7054 7285 7693 7832 8549 8660 10120 10509 10529 10581
17604 4012 4488 8795 9174
17605 149 204 2640 7376
17606 96 210 1138 1894
17607 1874 3728 7627 10611
17608 1876 2463 2972 7078
17609 66 1311 7159 8276 8343 9497 9546 9754
17610 1246 4869 7649 8018
17611 652 768 1927 2909 2958 3730 4117 4622
17612 6152 6765 6989 8718 9546 10618
17613 318 3681 5086 8369
17614 707 1329 1331 1904
17615 2647 5475 5858 7367
17616 1357 6342 7160 8194 9306
17617 1682 3919 5457 10549
17618 1336 1597 6003 6593
17619 9 245 251 794 936 945 1065 1077 1418 1599 1718 1740 1901 1967 1969 2046 2142 2286 2295 2436 2700 2702 2887 3079 3123 3619 4405 4459 4504 4964 5494 6296 6313 6593 6745 7740 8346 8610 8658 8665 9061 9411 9836
17620 1330 1710 1754 6667
17621 641 5367 6905 8682
17622 711 2590 2815 6470
17623 433 8159 10059 10571
17624 2965 8589 9380 9723 9775
17625 707 1329 1331 6496
17626 5724 7078 7491 8103 8631
17628 275 1404 2333 2979 6025 7691
17630 234 588 3638 8103 8231 9506
17631 586 9386 9723 9782
17632 519 598 3927 8137
17633 4700 6107 7423 9386
17634 3251 4700 5657 6701 6756 7910
17635 149 204 205 1827 3077 3558 4573 5001 5705 6941 7312
17636 346 556 583 588 621 1951 2481 3670 3935 5108 5767 5984 6905 7180 7470 7663 7964 8197 8382 8439 8448 8920 9010 9347 9588 10495 10568
17637 228 465 2643 5262 5302 6831
17638 706 3749 7211 8768
17639 1191 7647 8261 9485
17640 1830 3258 4131 5581
17641 757 4667 5621 6321 10544
17642 1137 1712 1858 3453
17643 1137 1261 1375 2720
17644 4486 6839 7499 7807 8276 8803
17645 204 2736 2847 4836
17646 260 1344 3327 4698
17647 569 1223 3551 4505 5460 8116
17648 2162 4994 5475 7914 8448 9189
17649 548 1291 1294 8678 8783 8908
17650 211 548 1102 1235 1280 1642 2835 5016 6268 6426 6573 7050 7585 8848 9659
17652 1568 5460 5466 8935 9846
17653 617 697 876 7339 9154 10299
17654 1329 1331 1340 1721
17655 2483 6775 7423 7937
17656 4 696 1342 2122 3260 4779 6607 7135 7341 8061 8384 10595
17657 204 1704 4682 4768
17658 2124 2549 6514 7096 9166
17659 96 4889 7312 7332 8087 8620
17662 203 1780 1891 1893 5984 7673
17663 2253 7159 9753 10106
17664 2560 3202 3204 7540
17665 1269 1980 2047 3889
17666 707 1331 2590 4417 5984 6876
17667 3867 4639 6934 8027
17668 855 896 910 1873 1996 2073 2940 5600 6411
17669 103 3471 6507 7103
17670 903 5672 8902 9629
17671 2763 3649 4150 5043 5349 7986 9456
17672 2163 4830 5823 8368 9025 10520
17673 1138 1246 2245 2494 3163 4121 5379 5556 6610 6783 8106 8270 8481 8898 9542
17674 305 538 1144 5535
17675 707 1330 1331 1721
17677 184 2069 2746 5460
17678 2761 6833 6902 8930
17679 2644 4700 7380 8717
17680 2067 5837 9149 9883
17681 4990 7459 8344 10290
17682 1340 1868 6958 9005 9491
17683 4983 5688 6124 9727
17684 707 1721 3741 6030 6435 6486 6636 7492 8830 8966
17685 4198 8403 8823 9160 9386 9485 9928 10433
17686 1568 6699 8229 8754
17687 679 1375 5411 6558 7461 8074 9036
17688 964 2295 7823 8918
17689 2591 5374 5862 8039 8150
17690 4700 6505 7706 9386
17691 264 1174 4507 5597
17692 36 5797 5972 7308 7437 9714 10400
17694 2063 4354 7550 7613
17695 505 2983 3782 4134 5513 7558 9136
17696 569 579 2009 2153 2563 2635 3955 4020 4465 4881 5058 5829 5923 6822 7194 7491 7567 8128 8300 8303 8755 9050 9362 9493
17697 1174 3502 6003 7006
17698 376 668 1894 2802 2804 2811 7569 7899
17699 1269 1314 1924 1932 2658 2853 3887 4590 6108 7013 7054 9006
17700 211 1067 5721 6019 9392
17701 1023 4695 5460 7628
17702 2621 4667 6890 8380
17704 353 707 1329 1340 1868 5460 5907
17705 1430 4787 4801 9206
17706 1830 5063 5672 5837
17707 583 2746 4915 8273
17708 605 742 744 1875 5081
17709 1347 2672 2707 5856 7555
17710 4297 7224 8620 10478
17712 238 511 1568 2178 2649 5874
17713 1346 6071 6253 6699
17714 588 5228 6108 6637
17715 276 1186 1187 9416
17716 1331 1721 1930 5184 7678
17717 8735 9476 10003 10550
17718 362 746 1493 2958 2960
17719 2120 3569 7816 9485
17720 7423 7994 8498 9386
17721 1178 2046 2098 8392
17722 4405 8350 9255 9576
17724 36 4451 5622 7905 8424 8802
17725 678 1308 5984 6851 9372 10007
17726 1489 4399 5080 5909
17727 1562 2124 2414 2641 4283 8689
17728 545 569 579 588 9761
17729 7390 9253 10275 10286
17730 2803 3368 3759 4391
17731 584 1982 5590 9801
17732 2541 4214 4990 5395 5867 5876 6816 7651 7880 7961 8384 9796
17733 451 999 1061 2982 4124
17734 195 253 299 1204 1577 1856 2123 2391 5361 8287
17735 1649 3801 5859 6070
17736 23 381 1893 2043 2145 4532 4697 8149 8162 9804
17737 376 651 767 8495 8725 9666
17738 362 7093 8369 9276
17739 2964 3672 3765 5652 5820
17740 1928 2259 7579 7764 8106 8310
17741 1577 2001 3091 5310 5657 7874 8873 9602
17742 290 1886 5184 8437 9265
17743 35 381 2843 8987
17744 247 611 3513 6411
17745 446 662 6394 9240
17746 87 4432 5386 5747 8732 10453
17747 2914 6990 8759 9908 10060 10250
17749 520 3782 8366 9084 9918
17750 2220 4023 4537 5140 5159
17751 1147 1394 1894 8780
17752 583 588 590 605 1023 6842 7199 8273
17753 14 5779 8039 8929
17754 1707 4239 5683 7610
17755 1027 1572 2047 5547 5717 6776
17756 1727 2960 5874 7576
17757 818 3000 5669 6313 8103 10239
17758 6232 8520 10075 10333
17759 1868 2132 2205 2253 3436
17760 2991 5338 5721 7963 8037 9005 9627
17761 1177 1355 2265 2442 2589 7576
17762 1246 2546 5634 10400
17763 2451 8649 8650 9173
17764 639 1340 1868 1980
17765 1057 3122 3869 4560 9898 9932
17766 0 707 1329 1721 5535 9982
17767 4198 4383 5851 7576 9296
17768 322 913 1078 8977
17769 1191 1925 2546 2880 3684 5984 6512 8795
17770 1727 2648 2845 3717 6655 6876 9490 10224
17771 366 2074 4198 5460 7525 9275
17772 1727 2590 5614 7022
17773 1013 3666 4126 4943 5920 8456 8889
17774 1329 1721 1852 1905 3935 5721 8626
17775 1329 1331 1721 5851
17776 211 449 1108 1269 1371 2041 3769 4062 4156 4301 4302 4758 5144 6076 6876 7851 7886 8704 8961 9224 9703 9756
17777 583 588 1569 8231 8255 9850
17778 316 326 5237 9493
17779 2008 2590 2603 3588 4858 6831 6942 8137
17780 487 1087 1552 4537
17781 36 43 96 4882 5877 7426 10152
17782 1563 3463 3827 5138 5874 6646
17783 149 204 1150 1314 4280 4851 5705 6747 7263 7616 8523
17784 362 569 591 1314 2283 2677 2696 4554 7828
17785 490 1645 4646 7011 7012 8312
17786 1678 5246 5523 9530
17787 117 251 478 602 1149 1298 3426 4178 4915 5447
17788 2699 5362 9630 9652
17789 1743 2658 2981 5721 6749 6940 7143 7381 9520 10579
17791 1588 2848 8065 10208
17792 260 554 569 635 707 1178 1329 1331 1459 1721 1932 3551 5593 5600 5823 6029 6532 6546 6590 6701
17793 6491 7519 7524 8436 9060 9770
17794 1597 4048 6003 6247
17795 199 545 569 662 1711 1932 2301 2555 3514 4581 7087 7138 7513 7737 8289 8366 8638 8718 8749 8765 9120 10147
17796 5581 10331 10349 10527
17797 596 1568 6429 6860 8428 9094 9340 10050 10489
17798 3707 5460 5818 10062
17799 579 707 1329 1721
17800 1329 1331 1721 10189
17801 351 540 1282 1569 1642 1783 2238 2590 3393 3672 4268 4305 4532
17802 1239 1643 2391 5863
17803 7565 7745 8128 9492 9785
17804 88 3736 4227 9389
17805 130 2650 3304 5747 7452 7564
17806 151 355 3411 6164
17807 249 936 1628 2192
17808 361 1329 1331 1721
17809 34 4889 5670 9727
17810 151 569 1256 4198
17812 650 2936 5316 9027
17814 1092 2042 5873 6876 6889
17816 6982 9154 9313 9639
17817 6771 7937 8800 9240
17818 707 1721 2474 2815 3385 5300 5460 7402 9450 9493
17819 1246 7096 8401 8988 9329 9651 10103
17821 24 1424 1732 3000 3670 5029 6891 7374 7500 8498 9549
17822 670 1645 1665 1819 3094 4203 9590
17823 1632 3645 5537 6019 6429 6876 9569 9588 10049
17824 2896 7664 8236 8310 8471 8618
17825 167 569 1192 2349 3274 3730 5031 5613 6466 6491 6974 7104 7291 7947 7950 8626 9144 9645 9773 10049 10147 10247 10513 10598
17826 2238 2293 4570 5760 6494 8413 9426 10122 10341
17827 228 380 545 583 588 589 1967 2370 4218 4559 4842 5064 5984 7068 8231 9208 9530 9744
17828 417 707 1329 1394 1721 5589 10209
17829 1177 5460 6985 8704
17830 707 1721 5950 9581
17832 299 5460 7753 9386
17833 210 1443 2373 6099 6673 8036 9910
17834 2565 3381 3576 4584 5929
17836 4200 4473 4590 5871
17837 25 2548 3302 3502 3730 6394
17838 1283 1568 3641 4275 5460 6985 8207 9162
17839 252 908 2627 3789 4077 4108 6494 8381 9829
17840 151 579 1235 3708 3792 5683 5911 7567 8987 9329 10120
17842 2143 2623 2881 7876
17843 650 2583 5184 7554
17845 583 588 1066 8106
17846 253 1202 3615 9661 9885
17847 654 1868 2407 2513 2555 2631 2898 4187 5106 6985
17848 1540 2602 8409 8457
17849 10 1311 2736 3280 4047 4836 6959 7819 7937 9311
17850 3588 4700 6724 8727 8829 8860 10365
17851 149 204 1050 5206 5710
17853 178 569 1307 1340 1868 4432 4700 5230 7288
17854 1704 1744 8808 8844
17855 479 1499 4537 4588 6699 7699
17856 1588 2152 2555 2566 2820 4464 5622 5929 8193 8918 9253 10052 10186
17857 119 1730 3858 9912
17858 1138 2494 3163 4666
17860 381 545 1500 5535
17861 1222 3689 4770 5524 6498 7104 7520 8991
17862 305 1894 2179 2551 5283 8231
17863 357 444 2237 5460 5907 8921 10294
17864 707 1329 1331 4284 9025
17865 3501 5242 7127 8850
17866 583 588 1340 1868 2263 4803
17867 4645 4705 5137 5619
17868 151 1443 4475 5936 8449
17869 641 1186 1187 1340 1868 1932 1941 2055 2265 2280 2317 2333 3899 4452 4557 4768 5230 7517 7921 8106 8494 8655 8898 9074 9422 9990 10134
17870 381 1325 3871 4899 7825 8106
17871 3758 6207 9346 9539
17872 775 1758 2380 2565 4700 6701 6761 7423 7822 8587 9386 9996
17873 1391 1726 2076 2105 2305
17874 354 482 8463 9023
17875 273 569 4475 6308 6919
17876 296 297 2115 3091 6073 6204 8625 9054
17877 1330 1706 1710 3501 4798 5939
17878 2936 3889 5569 7085
17879 707 1329 1331 2740 4741
17880 4407 4789 5837 5991
17881 2856 3369 4377 4501 8648
17882 1726 8717 9768 9782
17883 296 5460 5888 6458
17884 1727 3645 5721 6247
17885 1443 4591 5220 5672 5938 6600
17886 24 579 641 707 1093 1302 1329 1331 1569 1574 1721 1854 1868 1930 2047 2052 2087 2214 2364 2507 2702 3622 3803 4206 4577 4768 5947 5984 6568 6570 6591 6609 6641 6816 7105 7120 7174 7389 7482 7616 7639 8067 8074 8104 8711 8774 8911 8946 9060 9264 9394 9611 9653 10379
17887 1715 2302 6825 7997
17888 1172 1186 1187 4351 5229 9094 9903
17890 2661 2811 4401 4884 5657 5859 7954 9180
17891 1281 1527 3672 4226
17892 569 1868 2690 4198
17893 1704 2851 7851 8106
17894 5984 8219 8935 9491 9979
17895 713 2047 5828 10018
17896 24 1196 1222 1552 2728 3419 3421 3707 4537 5747 6384 10239
17897 569 3419 4906 5577 7028
17898 1417 1732 2702 2801 4971 6046 7407 7942
17899 1178 2000 2716 3784
17901 540 542 7131 9158
17902 470 2548 3896 3918
17903 584 2732 4286 5333
17904 245 2364 5460 6316
17905 2583 2621 3749 8620
17906 164 2331 6831 9141 9615
17907 1329 1331 1496 1721 7076 9669
17908 1668 5300 6904 7856
17909 229 1493 4073 5812
17911 569 7634 8711 8882
17912 2164 2983 4104 7255
17914 579 1576 5604 10145
17915 318 587 898 4674
17916 334 4601 5632 7607
17917 4621 4942 8714 9481
17918 4954 6225 8800 10533
17919 260 1568 6654 8106
17920 3135 3302 4214 4532 4598 5771 6386 6390
17921 579 7659 7925 9782
17923 917 956 3167 3789
17924 211 1954 1958 2705 5873
17925 470 3896 9281 9489
17926 1704 6539 8107 8183
17927 3091 3628 4609 4653
17928 583 588 4906 6543 8273 8722
17929 2350 2661 4261 8452 8800 9409
17930 3938 5471 7385 8039 8872 9428
17931 145 2979 4214 6093 6701 9492
17932 2534 3417 5143 5300 6109
17933 8045 8195 9542 9935
17934 707 1721 1932 3277 5790 10601
17935 400 408 625 876 1042 1565 2812 4381 7682 8883
17936 755 756 819 2046 2864 6711 7475 7974
17937 44 355 1711 1888 3240 3672 3773 10577
17938 1162 4220 5279 6602
17939 380 875 899 4646
17940 5570 5705 6392 9157
17941 2509 7096 7402 8342
17943 579 641 2283 2590 5823 6194 6577 7199 8103
17944 1709 5475 5536 6377
17945 18 35 56 271 540 1293 1294 2751 2774 5668
17946 1787 3686 7257 8103
17947 126 1679 9180 9547
17948 999 1682 3120 7015
17949 707 1329 1331 1721
17950 1747 4177 7465 9259 10083 10249
17951 24 1853 2773 9119
17952 202 5874 8640 9380
17953 2002 2123 5148 9484
17955 6401 8018 8919 9042
17956 4535 6048 6333 6822 7269 7823 9362
17957 366 904 1451 1469 4056 4700 4770 5460 5863 10482
17958 150 932 1178 1568 3994 5604
17959 31 7273 7402 7491
17960 78 3000 5984 6435
17961 1284 1329 1330 1331 1710 1929 2195 2891 3136 5313 6509 7034 7341 8029 8045 8207 9107 10497
17962 569 1756 5535 8704
17963 6701 6987 7823 8066
17964 501 1079 1372 2295 2376 2773 3485 3990 5190 6283
17966 6775 9320 9493 9813
17967 2786 3254 5543 6233
17968 2800 5635 5691 9171
17969 253 362 1281 2097 2384 3057 3588 4700 4719 6195 6989 7590 7853 9473 9996 10199
17970 707 745 3240 5672 8684 10583
17971 1174 2874 3327 9637
17972 583 6385 8231 10151
17973 2704 4667 7872 9250 9583
17974 1955 2859 3000 7308
17975 261 353 1177 4768 5460 5874 7945 8039
17976 4198 8714 10120 10519
17977 1329 1331 1721 1868 7899
17978 2114 5091 5489 6969 8111 8168 9139 9840
17979 1893 6565 8106 8300 9560 9723
17980 165 1704 3986 8768
17981 5479 5724 5987 6070 6547 6806 7262 7461 7672 10578
17982 2256 3811 4020 6642 9481
17983 1576 4299 5570 6264
17984 583 1177 1340 1868
17986 4832 6464 8795 9952
17987 3207 3434 4097 4690
17989 4117 4687 4906 6628
17990 2293 3558 4570 9581
17991 36 494 1246 1446 5002 6421 6926 7253 7754
17992 1617 4351 4397 5051 7046
17993 569 588 1329 1331 1721 8231 8760
17994 6611 7376 7928 9151
17995 149 204 469 1178 1341 3163 3707 4197
17996 1185 3842 4198 5581
17997 3749 6840 8888 9493
17998 195 2845 6817 10447 10482
17999 1348 2380 5760 7161
18000 1253 1676 3588 5282
18001 4067 5988 6590 6701 7758 8153 9849
18002 1329 1331 1721 4472
18003 1823 2063 2649 3342
18004 4280 5305 5379 9049 10023
18005 662 1498 2179 5874
18006 2955 5159 5319 8103 9139
18007 1092 1174 2059 2661 2983 3938 4979
18008 5433 5460 6338 10482
18009 343 419 2293 2914
18010 36 702 3019 3813 4838 5305
18011 3657 4242 4351 5167
18013 2295 4035 6483 8743
18014 707 1331 1721 4783 6286 7282 9426
18015 5984 6664 6958 7508 8390
18017 623 1647 2389 5300
18018 2105 2382 4678 9208
18019 139 204 1893 2338
18020 169 374 2957 4646 7569 8330
18021 898 977 4674 8857
18022 531 532 2860 3473
18023 445 1353 3288 3986 4349 4657 4768 8289 9160 9559
18024 1574 7438 8350 8919
18025 75 233 1166 2520 3465 3703 4341 4390 4738 5624 5653 6701 8518 8519 9129
18026 2881 3632 4581 9265
18027 239 790 1550 2122 3659 6128
18028 374 819 1955 2114 2463 2556 3775 5226 5574
18029 36 1894 3331 5375 6591 7581 7702 10239
18030 1528 6494 7460 7493 9490 10149
18032 2095 8136 9498 10429
18033 5270 7134 8112 8182
18035 707 1329 1331 8463
18036 583 588 6003 9471
18037 315 1404 4033 4363 5724 5851
18038 3419 3420 4881 9954
18039 34 1394 6394 8900
18040 2228 5984 7438 7631
18041 14 1666 4154 7692
18042 6344 6701 7757 8074 8258 8754 9254 9559 9652 10120
18043 611 916 1100 3191
18045 207 707 1331 1721
18046 1074 1149 5514 8949
18048 10 6884 8752 9359
18049 290 438 635 1329 1331 1456 1721 4068 5035 5929 6989 7136 7289 7457 7777 7823 8503 8625 9669 9723 10397 10618
18050 569 1383 6044 7097
18051 155 361 1512 1829 5152 5401 6113 6227 8820 9054
18052 929 1389 1740 5387
18053 707 1178 1329 1331 1721 2843 3202 5240 6682 6876 10239
18054 77 91 118 569 707 718 1082 1219 1329 1358 1597 1727 1893 1894 2143 2557 3318 3505 4742 4768 4830 4869 5266 5851 6053 6087 6464 6597 8279 8366 8651 8697 9101 9103 9416 9663 9812 9924 10037
18055 408 1433 8635 9180
18056 707 1329 1331 6022
18057 85 569 641 1213 1330 2126 2509 3930 4926 7266 7758
18060 157 158 3169 3390 4788
18061 1041 2843 4203 4432 5737 6247
18062 1568 5460 7166 8765 9277
18063 203 257 269 5460
18064 4569 4966 5712 8001 8002 8498
18065 507 4552 8036 8150 8635 8786
18066 593 750 1451 3076 3811 4198 4830 7983 8208 9956
18067 9 501 896 4419 6353 8846
18069 4214 5302 7291 9713
18070 588 662 4399 8231
18071 2950 6920 8786 9785
18072 151 551 675 739 1171 2130 10413
18073 791 869 2238 5260
18074 1150 5760 7637 8831
18075 420 1296 5943 9733
18076 1727 2434 2785 6076
18079 2105 3632 8704 9285
18080 509 1346 2721 9360
18081 800 4287 5508 9076
18082 321 587 1069 1186 1340 3445 4214 5482
18083 149 204 701 1878 2590 3646 4088
18084 793 1830 3022 4784
18085 3043 3473 3521 6421 8800
18086 210 1708 2640 4299
18087 36 210 1830 6920 10400
18088 23 258 354 448 728 1023 1186 1187 1222 1329 1331 1342 1595 1721 2576 3961 6384 6641 7075 7318
18089 1220 3994 4740 7362
18090 4990 5932 6309 8448
18091 355 569 5874 5876 6903 9661
18092 7841 9005 9166 10413
18093 583 588 1346 1893 5788 6577 7054 8231
18094 1892 4622 6630 10203
18095 1894 2575 4350 4571 5792
18096 376 669 1128 1861 2216 2794 3564 5291
18097 24 1531 1932 3707 6699 6982
18098 1291 2484 8195 8618
18099 420 5943 8442 9733
18100 569 583 588 4106 4989 8231
18101 173 707 1186 1187 1329 1721 1807 4210
18102 2051 3230 5911 10028
18103 751 2117 3022 5321
18104 1446 2565 8625 9231
18105 444 450 456 459 1584 4780 4825 6003
18106 737 4014 7908 9139
18107 260 1602 5335 5648 6367 6701
18108 1627 3958 4537 6008
18109 149 204 353 542
18111 1833 3706 6965 7673
18112 211 569 2576 6932 6941 9619 9627 9904
18113 4350 5621 5956 7048
18114 707 1331 1721 9674 10478
18116 1358 2145 3264 4868 5863 7237
18117 511 538 662 1027 1451 1904 2042 4819 5672 5966 6029 6985 7176
18118 408 579 4417 5373
18119 165 542 600 1308 1340 2658 4392 4621 5468 5910
18120 707 1457 1506 1721 4906 5781 7376
18121 2178 3691 4096 4472 4726 5984
18122 960 2565 4052 4339 4680 6175 8103 9029
18124 361 569 1052 1173 1314 1673 2093 2359 4106 5110 5290 5441 5460 5535 5942 7179 8278 8642
18125 707 711 1331 3551
18127 1959 2763 3811 3939 7358 8116 8829
18128 406 1727 3565 6744 7671 9547
18130 187 4191 7376 8618
18131 469 2057 7196 10233
18132 103 233 756 2804 2848 2875 3672 5318 8036 9539
18133 823 3089 5939 5940 7047 9013
18134 583 588 1160 1346 1568 2237 4562 9617 9820
18135 583 588 844 3132 5460 8231
18136 2067 3558 5478 8665
18137 218 691 4250 5368 6069 6899 7484
18138 125 1967 5434 6179
18139 569 1269 1340 1568 1727 1868 2004 2123 3904 3906 8103
18140 1845 3314 5455 7041
18141 591 1340 1868 7222 7999
18142 1666 3642 7835 9801
18143 437 4243 5984 6666 8867 9294
18144 302 362 588 3668 7699 7808
18145 3000 4020 4462 8873
18146 36 38 798 1249 2124 4345 4632 10400
18147 707 1329 1721 6719
18148 1010 2640 9900 9952 10059
18149 784 824 1617 1642 1955 2704 3317 4284 5313 6972
18151 583 588 3653 5984
18152 2773 7422 8761 9806
18153 512 583 588 7171
18154 717 1394 1489 3646 5839 5927
18155 361 1979 2116 3847 5458 5721 5830
18156 613 1007 1722 4646 5038 10455
18157 211 2486 2811 6034 6674 6701 7096 7222 7516 7765 8285 8515 8806 8909 9025 9148 9166
18158 511 538 1222 1568 1576 1727 1932 2766 4850 6108 7054 7269 8162 8918 8921 9240 9589 9785 10516
18159 149 204 1868 3683 6456 6985 7054
18160 77 538 579 1487 6247
18161 374 1121 2329 2903 5802
18163 183 4214 9588 9723
18167 1459 1489 4634 5874 7125 7547
18168 1338 7338 9802 10292
18171 4875 8296 8848 9668
18172 2311 2403 6488 8369
18173 149 1727 7934 9155
18174 414 444 1269 1330 1710 1774 1932 2060 2462 2942 5126 5349 6108 7484 8046 8343 10222 10552
18175 125 4768 6825 7997
18176 374 5370 9922 10299
18177 1178 3352 7136 8289
18178 935 2391 2631 7324 8227 9943
18179 125 234 1864 2149 3691 4079 6985 7198 7897 9036
18180 6247 9329 9683 9782
18182 7832 8902 9490 10250
18183 707 1329 1331 1721
18184 351 1269 1329 1346 1394 1721 1860 4253 6108 6144 7492 8106 8824
18185 5460 6822 6890 9317
18187 351 1951 4896 5657 6713 10452
18188 662 4272 5914 6546 8287 9327
18189 211 651 2482 6964 8967
18191 583 588 2541 8231
18192 1523 1568 7386 9392
18193 583 588 8273 9850
18194 305 326 959 1940 3369 4368 5257 5878 7016 7875 8174 8565
18195 149 204 3020 8487
18196 1754 2015 6247 8364
18197 117 269 613 6424
18198 5297 7427 7850 8068
18199 569 641 1239 1347 6715 7054
18200 276 4104 5164 9287 9577 9593 9763 10037
18201 2102 4520 4772 10322
18202 4223 5430 5482 6914
18203 36 1894 6390 7289 8063 8106 8416 9418
18204 1256 4836 9490 10478
18205 412 709 829 937 997 1039 1062 2982
18207 1256 3889 4198 7616
18208 1652 4108 5982 7498
18209 641 2555 5478 5747 6982 8795
18210 583 8273 9177 10045
18211 652 1722 1883 5735 7463
18212 92 354 1503 1892 2776 2815 3521 3864 4214 4768 4832 5489 5790 5874 5914 8795
18213 305 1932 2413 5525 8418
18216 211 569 4243 4768 6958 7334 7851 8987 9919 10486
18218 352 354 367 511 1177 2960 3129 3146 3242 3706 4427 5334 5681 6699 7009 8412 8415
18219 144 611 618 2440
18220 355 1151 1344 3174 5988
18221 220 1389 1422 2434 3843 6080
18222 707 1329 1331 1721 2395
18223 5984 8273 9174 9178
18224 374 401 873 972 1812 2391 2534 2911 4526 6744
18225 2597 4012 4629 6577
18226 157 319 322 402
18227 1330 5460 6029 6985
18228 4202 5604 7131 10303
18229 34 181 569 579
18230 149 583 588 1569 3000 5728 5882 8162 9775
18231 1773 8018 8915 10171
18232 1340 1868 2265 5871 5909
18233 381 1018 4569 7006
18234 583 5349 6002 9471
18235 2420 6065 6539 6541 8069
18237 588 4842 8231 9674
18238 359 627 721 1461 1495 1496 1705 5721 6925
18239 5478 5746 6392 7965 10480
18240 679 1876 2647 3889 7096
18241 1525 7022 8057 8902
18242 569 7083 8147 8532
18243 3615 6775 7636 8162 9972 10023
18244 125 375 662 1161 2846 4302 5730 6486 7623 8176 8188 8625 8883 9243 9723 9785 10328
18245 204 3346 6985 9023
18246 319 407 4198 4514
18247 211 1888 2564 2766 2886 4062
18248 1666 3970 6511 9922
18249 2603 4637 6431 6675
18250 361 2105 3986 4564 5460 10334
18251 3904 5104 9191 9192
18252 508 1894 2473 2761 2812 3368 4158 4338 4401 5366 5683 5956
18253 351 800 1037 1722 2463 2801 3854 5564
18254 354 622 662 2403 5652 8106 8278 9971
18256 579 4617 5874 9174
18257 362 892 1959 5528
18258 2541 6844 7631 9158
18259 1617 1841 2546 6276
18260 1727 2772 3889 8704
18261 4560 4905 5725 9177
18262 305 538 1496 2257 2497 3724
18263 1269 1569 1868 3653 5767 6486 8235 8447
18264 351 3120 3576 8442
18265 92 352 707 1331 1721 2835 2961 5300
18266 1213 2717 6876 7376 8511
18267 211 1559 1899 2531 2590 2915 4816 5368 6066 8207
18268 6536 6884 8061 10550
18269 354 1066 1178 1191 1446 1568 2043 2590 2766 3645 4391 5652 5966 6152 7863 7874 9515 10423
18270 2413 5761 7288 8229 9778 9779
18271 820 947 1645 4425 7607
18272 271 4156 7204 10534
18273 569 1152 1932 4768 6982 7054
18274 5179 7891 9903 10203
18275 202 935 5672 9878
18277 351 606 1568 2758 8303
18278 1330 1710 2042 9157
18279 1568 2105 2405 10025
18281 1793 8268 9277 9699 10265
18282 205 348 584 591 1523 3707 3725 3904 4663
18283 3524 3652 5713 10491
18284 6004 9166 9234 10141
18285 569 1989 7964 9927
18286 5460 6982 7137 8555
18287 718 1204 2638 5817 6701 9897
18288 1666 2063 2511 2661 7031 8223 9407 9893 10140 10459
18290 1178 5604 6985 8555
18291 216 264 1928 2046 2449 4999 5379 5777 6122 6504 6968 7929 8449 8696 8722 9952 10040 10260
18292 2329 3830 4405 5797 10239
18294 149 204 8106 9074
18295 14 720 3139 8929
18296 436 603 604 700 906 913 916 1441 1864 2264 2370 2472 3445 3513 3720 3734 3789 4287 4859 10571
18297 354 707 1329 1331
18298 1452 5535 6682 7563
18299 2090 2677 4491 5460 8296
18301 160 1443 2124 2879 3971 4681
18303 190 6051 7558 8324 8444
18304 5642 6253 6278 6323
18305 1256 3854 10236 10265 10479
18306 1868 3762 3996 4060 5279 7006
18307 540 627 1007 1456 1528 1888 2124 9519 9831
18308 76 225 408 538 569 1178 1223 1253 1446 1711 1819 1846 2116 2349 2511 2643 2831 3346 3436 3454 4214 4600 4601 4972 7170 7594 8137
18309 604 917 1060 8580
18310 1963 1967 2226 4559
18311 1329 1331 1340 1868 8106
18312 1340 1868 6818 9151
18313 366 583 588 673 1202 1394 1800 1857 4589 4727 5553 6344 8251
18314 195 204 262 275 351 486 1138 1322 1340 1606 1858 1868 1908 2018 2265 2986 2995 3000 3688 3894 3987 4146 5686 5863 5874 6278 6383 7012 9240 9254 9339 9491
18315 707 1329 1489 2595 2884 3922
18316 707 1329 1331 4198
18317 579 1597 1727 4622 8718
18318 330 865 4500 6167
18319 1981 5045 5410 6163 6997 10218 10356 10565
18320 1934 6122 6921 7236
18322 1928 2207 2655 7435
18323 1203 4198 4589 7304 8565 9151
18324 3681 5079 5095 9779
18325 269 1568 6413 8009 8511 8554
18326 1023 8511 8844 10350
18327 955 2697 6846 7864
18328 857 1104 4470 4674 5237 6222 6647 8565 9177
18329 149 204 1259 2775
18330 5024 6333 8718 9311
18331 1255 2052 3864 4830 6121 8390
18333 3280 6067 6280 9868
18334 569 1868 4014 5535
18335 137 2564 6551 9808 10570
18336 4532 5338 5812 9782
18338 1878 6046 6105 7054
18339 583 588 1868 2629 7006 8231
18340 1252 2930 3821 3985 6174 6905 8943 9139
18342 8415 8873 8997 8998
18343 1655 1813 2403 3134 5173 7566
18344 149 281 1340 1868
18345 4936 8115 8424 8889 9167 9272
18346 412 1260 1330 1710 4074 4374 6626
18347 1734 2621 3886 5863
18348 125 1247 2746 3512 5460
18349 2886 5178 6884 9277
18350 5765 7093 8261 8494
18352 9450 9467 9481 9846 10008
18353 569 6476 6545 6546 6701 8494 8960 9669 10067 10617
18354 67 1639 4024 4193
18355 3025 3033 3811 7106 9045
18356 1255 3317 6802 8563
18357 2215 4872 8476 9542
18358 354 877 878 9251
18359 381 1576 2056 2434 2936 5080
18360 482 707 1329 1331 1721 5092 8413
18361 1529 1813 5430 8103
18364 467 1550 2555 4001 8448 10576 10617
18365 707 1329 1721 4744
18366 510 1213 1601 2797
18367 2191 2371 4719 5984
18368 36 1666 3764 7455 7569 10400
18369 707 1331 1510 2884 6545 8584 10243
18370 210 469 1894 3163
18371 1094 1407 1574 5125 7438
18372 30 2675 3817 7093
18373 19 20 1959 10011
18374 2565 2766 3094 6905 7891 8497 8902
18375 1346 1394 1868 1932 5871 6985
18376 2178 3747 6194 8106
18377 211 240 2931 2942 4585 5139 5243 6154 6547 6855 6861 6911 6912 7878 9010
18378 366 1222 1346 8919
18379 354 1255 2229 3111 3894
18380 52 5874 8147 9861
18381 348 583 586 588 1775 3956 4565 7159 7944 8231
18382 179 455 579 1167 2434 3995 4296 4385 4386 4433 4434 4667 4999 5080 5178 5230 5460 5570 5653 6657 7211 7335 8106 8486 8932 9139 10234
18383 707 1186 1329 1721 2768
18384 700 801 861 897 1081 2023 2271 3168 4467 5237
18385 5579 7817 7823 9160 10452
18386 2043 3889 6636 9240
18387 2746 3150 9850 10082
18390 1246 5460 8938 8939
18391 2238 5276 6896 7708
18392 707 1329 1568 1727
18393 621 2917 3676 4080 8045 8098
18394 757 2811 3331 4171 8342 9693
18395 99 591 1213 5460 5765 5778
18396 211 2647 4525 4875
18397 1222 1329 1331 1721 2442 2815 5016 6699
18399 38 654 821 10374
18400 2989 3531 4672 8103
18403 4846 5630 6174 9325
18404 24 355 412 874 2958 6844 8306 8637
18406 2494 2546 2661 3450 4020 6421
18408 6674 8487 8827 9579
18409 1150 1151 1568 3726 5987 9487
18410 707 1329 1331 1721 9860
18411 4719 6653 8278 9303 9755 9883
18412 1225 8795 9508 10194
18413 2802 2981 5262 6905
18414 484 1452 5944 6985
18415 707 1329 1721 7545
18416 469 8596 9493 10533
18417 3000 3201 5982 10239
18418 592 1483 2019 9885
18419 4034 5460 7423 7484
18420 354 1722 2138 2546
18421 63 6700 9718 10064
18422 216 361 932 1666 1941 1967 2766 2815 3249 4362 4459 4557 4559 6042 6465 7023 7088 7977 8185
18423 707 1329 1721 1930 4048
18424 2272 3588 3861 4013 4809 5987 7547
18425 5281 5823 8786 9214
18427 187 346 2079 3357 9005
18428 4140 9122 9340 9506
18429 8279 8378 9101 10076
18430 1219 2649 3423 4637 6746
18431 381 569 579 1568 1569 2247 2703 4197 4198 6377
18432 2162 3000 4401 4503 7250 8223
18433 583 588 640 8231
18434 369 371 380 568
18435 1709 4462 4691 5244 5480 9515 9598 9713 10279
18436 1496 2931 4700 5160 10060 10435
18437 111 1440 3315 7321
18438 485 1727 2364 9075
18439 3302 4467 7442 8106
18440 7931 8609 9813 10514
18441 814 1102 2467 2889 6488 6760
18442 1704 3051 9304 9386
18445 707 1329 1331 1721
18446 9806 9967 10489 10500
18447 2565 2931 4214 4719 9972
18448 18 355 411 571 593 609 721 1174 1338 1340 1666 1868 1937 2046 2534 2582 2647 3425 3565 3568 4172 4214 4280 4284 4298 4464 4571 4618 4722 5560 6125 6324 6969 7254 7682 9568 10147 10199
18449 295 452 6330 6884 8824
18450 2696 5218 6108 9151
18451 1329 1331 1721 5242
18452 1186 2563 2886 4585 4719 5987
18453 36 7385 8308 10400
18454 1187 1383 3000 5863 8919
18455 262 1629 2820 4250 4731
18457 479 775 3394 3905
18458 1279 2115 2583 4795 5634 6596 8162 9363 9802
18459 369 568 819 1420 3645 3914
18460 4580 6308 7223 8518
18461 352 486 5909 9339
18462 1891 3887 3933 4374 5202 7291 9240 10057
18463 2552 4968 6403 10489
18464 381 1334 1772 6247
18467 3609 4584 5535 6180 7496 7819
18469 6774 6885 7877 9713
18470 3105 6464 7480 8010
18471 707 1329 1331 4846 9996
18472 7816 7934 9655 10295
18473 1340 1868 3318 4214
18474 24 80 1581 1779 2444 5672 7517 10519
18475 5706 6663 8665 9551
18477 866 889 4897 5141 5382 5388
18478 707 1331 1721 2796
18479 511 569 5460 6715 8033 9964
18480 89 538 949 1868 2583 3979 4209 4214 5721 5984 6108 8825 9214 9296 9590 10124 10225
18481 563 3276 3664 4883 5500 8236
18482 2733 3859 5837 8448 8697
18483 843 1281 1527 2509 2585 3454 4629 4896 5770
18484 982 2009 4841 8046
18486 2590 4622 4938 4962 7792
18487 318 933 2219 4484 7300
18488 2481 6797 6936 7332 8356 9096 9190 10423
18490 1456 3342 6111 7113
18491 1294 1666 2960 3043 3095 5420 6373 8039 8718 9025 9751
18493 4698 5929 7692 8134
18494 381 590 591 7616 10256
18495 3094 6775 7987 8197
18496 707 1329 1331 4823 5556
18497 29 38 2059 2860 4462 5972 9031
18498 1751 1996 4874 7021
18499 38 1790 4639 7779
18500 711 4168 6762 7050 7086 7325 7380 8066
18501 7655 8589 8784 10411
18503 2124 2425 6926 7163 8940
18504 110 4688 6082 8786 9733
18505 654 4465 5483 8140 10239
18506 7835 8106 8683 9211
18507 707 1329 1721 10587
18508 101 1053 1534 2211 4136 4497 5609 5777 5961 6681
18509 2690 8798 9955 10226
18510 7592 7787 8637 9289
18511 381 579 2391 9471
18512 713 842 1162 1211 1582 6985
18514 1446 5688 6312 10424
18515 4830 8270 8271 8713
18516 6073 7314 7423 7871
18517 1078 2993 4476 4720
18518 284 401 504 1832 2245 4711 5165 5170 7102
18519 355 1727 2126 5995 7942 9444 9615 10430
18520 374 409 415 1861
18521 3875 4418 6972 8521
18522 1251 6840 7123 8675
18524 705 3578 4056 5929 6584 6958
18525 569 707 1329 1893 1894 3672 4864 6076
18526 2457 5883 8601 9296
18527 240 2460 3519 3792 4299 5460
18528 1308 2105 8546 8557 9883
18530 296 588 2051 8231
18531 1329 1721 7807 9878
18532 2293 3686 8106 8231
18533 2579 2801 4639 8362
18534 63 707 1329 1731 2590 4492 6451 8918
18535 18 583 6597 8231
18536 225 588 3493 5159 6454 8231
18537 4869 5919 6247 8046
18538 1394 1704 2698 3277 5001 5535 6970
18539 1346 1868 4732 6874 7000
18540 24 7443 7737 8704
18541 2825 3707 6311 7072
18542 1617 1841 5621 7130 8112
18543 1576 4452 4893 6029
18544 351 357 5604 8718
18545 3781 3782 4157 7361
18546 7577 8564 9125 9781
18547 610 906 917 1110 1862 1873 1994 9531
18548 211 5916 9329 9742
18549 2410 3269 3718 6941 9329
18550 2046 2122 2761 6846 8828 9539
18551 1863 1894 2929 4789
18552 707 1329 1331 1721
18553 609 2558 3297 5754
18554 3337 3393 4700 7078 7821 8587 10210 10284
18555 1727 5460 5984 6363
18556 569 1697 4135 5943
18557 588 6247 7937 10007
18558 451 9168 9605 10543
18559 351 545 569 1727 4715 5478 8424 9443
18560 2259 7174 7668 9389
18561 318 897 907 1104 3180 3513 4368
18562 707 1329 1721 4280
18563 707 1329 1331 8106
18565 266 1340 1868 6715
18566 4020 7130 8444 8731
18568 1177 1504 3762 4119
18569 4367 6991 7652 8106
18570 1727 1773 5006 10133
18571 1878 2881 3632 7978
18573 308 2227 4409 8717 8895 9415
18574 2153 4020 5688 7721 9493
18575 707 1329 1721 10043
18576 4 1940 3851 6676 7874 8036
18577 366 1711 1712 8444
18578 2849 7224 9048 9544
18579 35 625 662 746 3692 4413 4475 4482 7569 7621
18580 350 1108 1144 1228 3127 4608 4850 5914
18581 670 1005 1883 3000 3120 4716 8398
18582 768 4413 9233 9943
18584 351 1340 1868 1888 5068 7686
18585 591 1980 6554 6979
18586 25 32 1246 1665 1666 3240 4417 4592 5672 5747
18587 2661 4020 4542 4783
18589 520 1293 1773 2035 2442 4604 4967 6072 6505 6560 6594 9025 9889
18590 31 1246 1446 1910 7402
18591 4103 5219 6715 7785
18592 583 588 589 8269
18593 6879 6990 7006 7964 9903
18595 253 668 2285 4371
18596 641 1932 4198 7731
18597 381 569 641 1177 2293 5460 6170 8273 9329 10447
18599 462 579 612 1175 2610 2759 4214 5201 5993 6001 6110 6545 8127 8695 8761 9130
18600 102 2509 3342 5625
18601 17 36 1290 2546 2687 2852 3127 3136 3648 4252 5291 5621 6483 9456 10252
18602 1239 1568 4265 8231 9151
18603 580 3077 5586 5874 6941 7089
18604 1281 5837 6841 8103 8499
18605 3094 4654 4906 5653 7165 7891 7916 8665
18606 422 5345 5913 6429 7799 9972
18608 1467 1506 8071 8556 8983
18610 4771 5947 5984 7992
18611 103 557 3836 4104 5430
18613 9789 10249 10423 10474 10594
18614 1340 1868 8555 8995
18615 2268 3202 3576 4378
18616 444 1469 1472 1893 4143 5126
18617 3742 5354 7123 7613 7804 8295
18618 101 1075 1966 5234 9922
18619 4591 5000 7402 7824
18620 5154 5460 7262 9329
18621 6219 8137 9134 9240
18622 579 2265 2942 4214 7596 7823 7983 9709
18623 1177 2364 4563 6073 7423 9166
18624 78 579 4554 4598
18625 1698 4551 7448 7586
18626 1150 1151 1280 1443 1939 3668 6480 7435 8132 8406
18627 583 588 641 4198 8231 9885
18628 350 1161 5604 5626 6108 6814
18629 5634 9359 9801 10186
18630 569 579 1178 4198
18631 5973 6771 8618 9529 9570 10007
18632 77 5907 7124 8194
18633 2851 4253 6076 6838
18634 707 1329 1331 1451
18635 276 2401 3468 5051 7102 7447 8182
18636 1603 2590 7289 9927
18637 5674 5782 7819 10086
18638 1711 2069 2295 9206
18639 238 2032 2700 4803 5478 8645
18641 569 585 1329 1721 7470 9079
18642 216 830 985 6979
18643 532 707 1329 1331 1704 4532
18644 1007 1722 5037 5326 6879
18645 359 3906 9005 9025
18648 177 260 641 4770
18649 162 211 348 511 529 662 1282 1868 2746 3668 3852 4860 5721 6831
18651 371 492 2281 2534
18652 2884 5851 9046 9624
18653 2583 3000 3798 3928 3957 4556 4610 5001 5460 5947 7491 8494 9493
18654 210 288 362 1314 1813 2207 4563 6701
18655 3762 5460 6715 6765 8487
18656 569 1568 1868 5947 6113 8488
18657 183 1293 1346 2299 2760 9128
18658 24 1340 1346 1881 5761 6457 6465 6979 7294 7616 7700 8103 8711
18659 181 2845 2920 3519 3588 3792 4050 4423
18660 352 355 1140 1178 1909 2236 3280 3651 5604 8102
18661 554 1340 1443 1881 2162 2983 6555
18662 4007 4132 4133 8519
18663 2162 2983 3782 4667 9050
18664 3393 5613 8343 8859
18666 653 1178 3693 4084 4197 4198 5672
18667 1900 3680 3762 7269 7685 9684
18668 5875 8208 9362 10366
18669 3901 5794 6146 7573
18670 241 826 883 944 1067 1077 1389 1714 2047 2095 2874 2942 5721 8711 10253
18671 1227 1518 4830 9154
18672 96 211 591 7317
18674 173 511 9143 9278
18675 418 2447 2605 8799
18676 1436 3423 3695 3747 4011 4331 4350 4396 4488 5120 5165 5170 5366 5462 8115 9989 10170 10450
18677 1255 1290 4667 5296 9300
18679 706 1340 1868 5460 5918 8248 8249
18680 1666 8303 8424 8578
18681 1346 4343 4974 5029
18682 149 160 588 1165 1177 1712 1868 2254 2305 2507 2940 4020 4256 4570 5419 5460 5948 6775 7376 7699 8103 8105 8231 8522
18683 834 881 5294 9929
18684 589 1169 2048 3650 5538
18685 1187 2311 2851 4485
18686 361 579 5984 6107 7633 8711 8916 9275 9773 10303
18687 2403 2674 4198 8516
18688 18 20 4267 5536
18689 1175 1329 1721 3997 7014 9759
18690 1246 4974 8751 9493 10279 10283
18691 707 1329 1721 6577 9590
18692 4098 5478 5722 6253 8248 10482
18693 305 583 3551 5460 6825 7997 8231
18694 4700 4775 7731 9235
18695 1647 2634 2661 5303 9119
18696 1532 3613 5348 5372
18697 579 5302 6299 8236
18698 5444 5794 7692 10155
18699 707 1329 1331 8467
18700 707 1256 1331 8534
18701 160 3874 4364 7690
18702 354 1606 1932 4284 6377 7309 8106
18703 84 508 2485 3833 7123 7130
18704 588 1430 2945 4456 4830
18705 707 1329 1331 1721
18706 1905 8637 9109 9479 9806
18707 1221 1264 3851 3855
18708 1093 1868 2276 5553 8248 10124
18709 1383 1481 5929 5984 9372
18711 1213 2498 3246 3502 8303
18712 2604 2985 4861 8264
18713 296 1456 9683 9865
18715 538 1329 1331 1721
18717 183 1329 1331 1621 1721 2029 2110 8106
18719 1462 1469 2590 4214 5984 6946 7120
18720 607 2238 2665 3841 4870 5441 6876 7017 7581 8718 9484 10199 10423
18721 1293 1294 1404 6042 6232 8103
18722 4417 4615 5608 8785
18723 305 569 641 1187 1246 1531 2090 2178 2603 3000 4990 5307 5344 5436 5650 5851 6666 6720 7159 8173
18724 707 1329 1721 8343
18725 721 1893 3280 4068 4584 6698
18727 1139 1285 5535 6981 8270 10452
18728 3502 6838 10050 10273
18729 2293 5460 9320 9949
18730 5338 5367 7742 9240
18731 1868 2699 5874 7692 8166
18732 1444 2841 5291 5609 7078 7737 9063
18733 149 204 517 1301
18734 707 1329 1721 4503 4635 4871 6215 6474
18735 70 1420 4121 8856
18736 204 2649 3440 4591 4850 5724 10452
18737 2216 2861 6173 6661 7385
18738 34 1200 1617 2207 3707 3726 4838 7897
18739 4417 4764 4954 5689 6220 9679
18740 1383 4198 5778 8503
18741 23 37 2494 5972
18742 381 1790 4613 6643 6733
18743 3760 4261 4474 7500 8498 10544
18744 96 2463 2555 3261
18745 919 2364 6845 6992 7145 9061 9684
18746 240 718 1860 2205 6180 6389 6884 7054 10320
18747 3071 4745 5383 5553
18750 2066 3830 3974 8675
18752 3615 5229 5984 6076 7934
18753 638 1330 1710 4605 4654 5197
18754 319 322 922 8977 9177
18757 2968 3735 5378 7103 7722 10200
18758 707 1137 1329 1342 1721 3681 8866 10137
18759 747 5277 6263 7027
18760 2825 2868 3295 5875
18762 1727 1932 5423 5874 7784
18763 354 5556 6268 7252 7666 8270
18764 569 2087 4201 5947
18765 293 6822 8361 8824
18766 662 678 1340 1443 1868 3528 8116
18767 4430 5887 5907 6717 9569
18768 4020 5688 5999 10416
18769 1972 2149 4749 7498 7897 8196
18770 1767 5903 5988 7692
18771 485 928 1177 9970
18772 7078 7105 8555 9166 9761 9937
18773 3436 3988 8494 9449
18774 381 548 586 2207 4850 9372
18775 125 2126 3502 3961
18776 569 2214 2285 3855
18777 510 2382 6426 8590 10491
18778 1568 2847 4106 4505 4589 5079 5388 5535 5672 5765 8410 8765 8946
18779 149 569 706 5500 6247 6310 7824 8310 9441 10137
18780 548 4222 6973 7211 7215
18781 25 588 1184 2139 2883 4562 4935 6958 7338 8231 8420 8795 9087 9580 9990 10400
18782 2124 4417 6740 9481
18783 381 2364 7078 7665 9499 9703
18784 569 641 707 1331 1340 1868 5984
18785 3804 5091 6403 8625 9185 9454 10591
18786 1241 1388 2544 2886 3868 6752
18789 78 381 711 1156 2540 2590 3051 3672 4183 6004 7380 7459 7925 8409 8700 8704 9793
18790 149 204 2056 5823
18791 2682 4450 7040 8381
18792 597 2555 3615 8106
18793 2125 6577 6719 6943 7817 7822 8214 8226
18794 2936 4768 5910 6394 7265 8938 10145 10239 10519
18795 675 1346 2699 3754 3762 6268 8252 10187
18796 999 1284 2015 2207 2983 4475
18797 77 1246 3000 5450
18798 707 1329 1721 3913 5376 5604 7011 10079
18799 707 1329 2689 4768
18800 204 2207 3904 3944 8317
18801 4770 5101 5721 5790 5823 7054
18802 141 1061 1332 1846 2329 7023
18803 4400 7852 8548 8718
18804 2803 5657 6942 7402 8324 10239
18805 1617 3809 4624 8598
18806 707 1329 1331 1472 1721 3992 7659 10022
18807 339 2661 3091 4167 6528 6717
18808 47 1340 1868 9126
18810 587 897 898 1104 1387 1862 2273 3190 4674 5237
18811 376 2316 2982 4554
18812 149 204 3035 4289
18813 1222 2815 2920 4301 5184 7258
18814 1256 6212 8066 10482
18815 1255 2059 2077 8620
18816 745 4970 5378 5754 5785 7008 9624
18817 207 579 635 1461 1489 1495 1569 2766 4606 4608 4821 6545 7289 7402 7672 7692 8127 8200 8285 8795
18818 402 1053 2901 9883
18819 3839 7586 10064 10111
18820 28 2635 4865 4943 5143 9005
18821 149 204 588 2295
18822 1329 1331 1721 6621 8844 9281
18823 1340 1868 5984 7583
18824 1404 1960 2998 9702
18825 474 1000 5672 6787 8039
18826 589 1310 5466 9187
18827 511 707 1329 1721 6070
18828 3240 7433 7961 8021
18829 266 417 707 1269 1329 1721 4862 6522 6860 6985 9537 9627
18830 30 38 5471 8573 8678 9953
18831 9 250 1098 1404 4405
18832 1894 4665 7402 7989
18833 1640 2455 4351 4936
18834 3076 5874 6377 10087
18835 17 305 717 1108 1331 1721 2004 2270
18836 697 1332 2280 5706 6804
18837 1568 2583 4198 5460 8555
18840 351 569 1488 1727 5586 6699 6701 8067 10019
18841 2064 2761 3875 5259
18842 7427 7435 8006 8007 8272 9026 10431
18843 707 1329 1721 4538
18844 353 569 1727 9335
18845 583 588 1152 3726
18846 1096 1383 1727 1980 2672 3783 5289 6103 7080 7438
18847 857 2038 2495 9837
18848 425 579 1168 2565 3535
18849 243 4051 5788 6899
18850 1666 2102 5657 5928
18851 14 437 1404 4271 8718
18852 257 2015 2939 4770 6290
18853 1037 4314 5902 7569 8448 10489
18854 593 662 704 1632
18855 5031 7136 7503 7779 10247 10306
18856 4491 4573 5726 6339
18857 149 204 588 5436 8231 9254
18858 381 569 588 1206 2377 5966 6276 8231 8343 10533
18859 1137 2766 3955 4200
18860 1407 5721 7338 8296
18862 1529 3607 6087 8541
18863 1774 3588 6181 7314 7548 7659
18865 1103 4093 4725 4968
18866 2598 2754 6534 8350
18867 1340 1868 5478 6377
18868 1446 2511 8150 8546
18871 1845 2839 2983 3065 3451 5460 7608 7687 8412 9756
18873 5688 8494 9481 10485
18874 155 162 203 1868 2696 2859 4698 4990 5484 5721 7161 7530
18875 28 211 707 1239 1331 1587 1590 1721 1744 1783 1876 2290 2590 3093 5074 5311 5460 6699 7692 7765 7937 8203 8326 8724 9164 9380 9542 9873 9903 9962 10300 10347 10460
18876 3206 3519 3792 6330
18877 186 472 1340 1868 2068 2095 3302 6028 7096 7664 8384 8618 10422
18878 1525 2029 6643 9462
18879 1662 1846 4667 7961
18880 24 719 1549 2457
18881 1591 2144 2364 5823 6323 9148
18883 65 339 1308 9281
18884 540 569 1294 4948 5397
18885 218 354 3260 4574
18886 769 4077 5406 6025
18887 548 1246 6157 9157 10400
18888 2538 3352 4012 8120 9128
18889 339 410 439 4536 4846 8547 9698 9792
18890 520 1654 3077 3297 3346 4488 4938 9648
18891 273 274 3787 5724 6958 7062 8061
18892 1844 4349 8375 9029 9042 9907 9941 10111
18893 182 246 1855 1979 2295 3706
18894 1708 2391 7402 7697 7988 9347 9765
18895 1727 5648 5807 7168 8278 9139
18896 5672 7369 7579 8310
18897 563 2649 4592 6552
18898 588 2047 2293 5436 6119 7307 8637
18899 1531 1881 5498 6411
18900 2655 5316 5972 7024
18901 827 4391 8563 8725 10131
18902 1617 9246 9492 9768
18903 351 719 3016 3327
18904 662 1813 7929 9240
18905 1969 2603 4989 5823 6299 8639 8665 9174
18906 476 1387 1862 9883
18907 898 1726 4852 9974
18908 4432 6291 6308 8448
18910 211 235 569 1330 1710 3290 4100 5129 5281 5845 9297
18911 2043 3163 5685 9372
18912 579 4752 5536 5863
18913 569 3020 6699 8009
18914 3956 4727 6030 6382
18915 3707 6115 7435 7617
18916 2856 2893 4757 9084 10017
18919 1330 1710 2236 2790 7987 9025 9515
18920 135 662 1009 2265 2461 2695 2766 6518 6674 10355
18921 4372 5984 6666 7935 7964
18922 2443 4209 4803 10137
18923 149 160 204 2143 6958
18924 746 784 863 929 1723 1866 2364 2567 2719 3077 3245 6676 7072 7251 7632
18925 63 2122 4104 6664 7927 8921
18927 2768 4700 6733 8727
18928 1831 2878 6231 7570
18929 2068 2583 3816 3975
18930 202 328 361 1813 3545 4505 5209 5557 5984 8201 8242 8317 8795 9327 9985
18931 1666 4869 5212 5428
18932 228 5450 6347 7603
18933 583 1727 5079 8261
18934 273 274 4110 6386 7277 8795
18935 1023 1932 4198 7179
18936 25 352 1239 1340 1347 1868 1956 2364 2511 4054 4768 4922 5436 5682 6394 6876 6982 8800
18937 158 236 1393 3883 4872 7208 8977
18938 1038 3000 7511 10239
18939 351 362 1932 9932
18940 24 1342 2364 6959 7216 7526 8127 8200 8773
18941 165 5121 6342 7830
18942 1727 4014 4462 6192 7369 8106
18943 1780 7145 8448 9581 10495
18944 601 1980 9471 9883
18945 588 641 1066 1523 2772 8231
18946 455 1457 3707 4220
18947 77 115 747 1289 1692 3084 3235 3413 3938
18948 427 1240 2046 5460 7335 8325 8338 10143
18949 588 1294 1348 1878
18950 2779 7672 9578 10246 10321 10486
18951 1940 5984 6397 8018 8388 9189 9493
18952 211 2454 7419 8541
18953 2046 4577 5721 7978
18954 2043 5570 5823 6324
18955 8031 8177 9627 9661
18956 603 1862 3749 5597
18957 589 1932 4830 5460 5721
18958 569 707 1509 1711 4351 7697
18959 351 1868 1927 2909 6108
18960 1866 5335 7948 9081
18961 635 4652 4700 4860 8185 9271 9723 10452
18962 586 2391 4452 5947 6664 6667 6941 7187 7288
18963 24 4475 5379 10533
18965 1711 4349 7684 10009 10444
18966 183 1007 1047 1185 1190 2114 2146 2185 2559 2665 2801 2852 2983 4680 4906 6284 6959 8902
18967 101 2474 2633 3869
18968 4700 6539 7799 8845 9723 9927
18970 4040 6645 8448 9764
18971 1256 2089 5719 5821
18972 273 274 3874 7935
18973 436 3242 4556 8103 8718 9903
18974 305 1868 2925 2966
18975 167 545 2604 3139 8918 9861 10135
18977 422 4700 5101 6247 7157 7864 8420 8727 9153 9166 9487
18978 2280 2701 3436 4243 5460 5924 7605 7891 8116 10516
18982 149 204 588 4570
18984 560 1103 1657 6664
18985 1790 5874 6927 10239
18986 502 4350 6919 6920
18987 706 1177 1280 1404 1597 1868 1959 3143 4830 5873 6042 6762 6814
18988 467 1615 1646 1666 3207 4475 4629 5678 5811 6536 6914 8196 8452 8618 9325 10403
18989 5842 7935 9701 10137
18990 257 583 584 588 1529 2193 3034 5530 5537 8231
18991 1932 4700 4739 6835 8958
18993 67 1132 1246 2661 4497 4582 5129
18994 707 1329 1331 6284
18995 8390 8550 8796 9546
18996 2280 7633 8415 8916
18998 24 354 4205 9570
18999 1654 4349 4509 4691 5858 7266 7491 8028
19000 2809 5376 7607 10079
19001 3365 4276 4639 6134 7374 8150
19002 25 354 362 2565 4615 8182 10239
19003 1284 4861 5536 5724
19004 6998 9782 9792 10411
19005 2042 6903 8130 8780
19006 371 668 5431 10348
19007 38 70 1246 2649 2856 2875 8637
19008 9413 9781 9790 10168
19009 494 2001 4826 5871
19011 540 3740 4144 8106
19013 3094 5478 7054 8413
19014 1597 1746 1832 2884 6958 7136 9025 9339
19015 1666 3830 5779 7773
19016 1223 1340 1860 1868 8106
19017 228 329 1861 2375 4465
19018 11 35 361 538 580 684 707 745 1067 1097 1331 1721 1775 2047 2207 2229 2538 2689 2745 2928 3508 3730 3747 3959 4025 4153 4536 4838 5100 5339 5367 5540 6558 6667 7264 7408 8353 8470 9010 9526 10069 10137 10585
19019 1888 2095 2612 4215 4700
19020 2567 3199 4038 9286
19021 366 579 649 1459 2091 4214 5823
19022 538 670 1511 1519 1666 2047 4138 4700 4773 5889 6348 6568 6822 7627 8626
19023 1082 2583 5783 6775
19024 350 381 1617 4214
19025 609 3251 3841 3986 4797 6488 7089 7685 9214 10273
19026 1887 2364 4634 6005 7078 7877 8106
19027 1255 1446 2555 7491
19028 583 588 589 1194
19030 3473 4417 5207 7402 8325 8803 9450 10147 10548
19031 2036 7817 9025 9493
19032 4484 4685 5552 5970 8088 8456
19033 7883 8162 8772 9575
19034 6905 8819 9815 10237
19035 181 5460 5652 7712
19036 1340 1868 6577 8166 10540
19037 1893 2081 3129 4468
19038 721 724 1853 2237 2293 2590 2958 3346 3811 3932 4063 4172 4286 5134 6049 6165 6247 6958 9110 9329
19039 96 1191 1246 2859
19041 160 351 588 1568 2696 3747 4110 4529 5460 9906
19042 3889 4198 8494 9832
19043 190 2886 3204 8554
19044 1868 3761 7934 8517
19045 707 1331 1721 7245
19047 355 707 1137 1329 1331 1721 3667 4758 8768
19048 586 1223 5079 5535 7819 8381 8902
19049 4280 6904 7832 8034 9459 10237
19050 1290 3071 3758 5366 7402 8115 9167
19051 5419 8296 8434 8920 10060 10120 10466
19052 2470 4947 5871 6001 7211
19053 2784 3009 5990 7504 8415
19054 161 1340 1868 3602
19055 707 1329 1331 1721
19056 707 711 1329 1331 6977
19057 707 1329 2059 6936 8620 10555
19058 707 1329 1721 3330
19059 625 668 972 1883 2391 3293
19060 353 1466 1598 5540 5657 6643 6645 6919 8101 8559 10193
19061 96 707 1178 1331 1721 4666 5672 7114
19062 1142 3932 6540 6627
19063 1122 2689 3035 9268
19064 381 5391 5716 8303
19065 116 7230 7434 10172
19066 538 1256 1980 3035
19067 5460 5657 6001 8816
19068 5826 6701 7143 8598 8625 10060 10372
19069 325 603 906 9837
19070 707 1329 1721 3072 3811 9698
19071 775 1262 2341 3486 3747 4214 5153 6030 6831
19072 5079 5460 7159 8127 8811
19073 4700 6848 7614 7986
19074 1110 1862 1863 1997 2178 5563 5597 5696 5772 6439 9177
19075 1255 2162 4261 5666
19076 1941 7338 8873 10447
19077 6194 7803 7953 8575
19078 205 2524 3707 8106
19079 2178 2396 3077 6494
19080 916 1329 1331 1721 3445
19081 494 1133 1666 3346 3792 4229 4352 6246 6426 9270
19082 1666 8039 8949 9967
19083 2265 4700 5929 8084
19084 1340 1868 3006 10033
19085 890 1513 1740 4993
19086 149 204 569 583 588 8194
19087 412 1894 4068 7674
19088 1764 4121 4249 4532
19089 6001 6605 8768 9240
19090 583 591 5817 8231
19091 23 583 588 4563 4988 8073 8231
19093 7644 9029 10111 10554
19095 181 260 1394 4472 8106
19096 52 1708 3522 4783
19097 348 520 1943 4860 10313 10349 10354 10452 10591
19098 561 4574 6583 8722
19099 3858 7568 8390 10266
19100 1330 1710 3945 4150 6136
19101 3519 3792 3999 5820 7494 8872
19102 355 1896 4823 5984
19103 280 1262 2454 2580
19104 2941 3885 6051 6151
19105 354 2497 4198 5460
19106 4098 6009 9691 10173 10379 10482 10516
19107 354 583 588 3858
19108 545 1278 4602 4603 5008
19109 181 260 6969 6985
19110 2688 8067 8485 8486 10142 10316
19112 125 1949 2133 5721 7598
19114 5319 5874 9149 9346
19115 1186 1187 2589 3945 4584 5371 6079 7341 8460 8784 9145 9185 10122 10293
19116 4020 5874 5936 7376
19117 6172 8313 8607 9360 9389 9682 9944 10004 10025 10383 10443
19118 4243 6251 6979 7515
19119 2207 3463 8506 8704
19120 2930 5672 5848 6247
19121 1331 1721 2250 5823 8247
19122 95 2122 6051 8019 8808
19123 24 651 707 1294 1329 1331 1394 1568 1721 2494 4608 5460 6522 6577 7819 8343 8495 8500
19124 359 409 765 1451 1534 2260 2811 3775 4289 4500 6838 7046 7556 7869 8309 10199 10400 10533
19125 3658 3838 3839 4551
19126 194 2108 3607 3609 3955
19127 777 1058 1441 2228
19128 1993 4172 4257 7386
19129 520 528 1177 1256 4652 5030 5807
19130 253 1293 1935 3519
19131 1394 4601 4846 5489 6552 7013 8902 8952 9117 9386 9996 10349 10618
19132 583 588 645 706 1308 1446 3093 3908 4990 5496 6941 8420 8860
19133 4657 5724 6546 6577 6587 7725
19134 1340 1868 4072 7934
19135 1346 4554 5301 5650 8103 9055
19136 671 1702 4227 4258 4946
19137 5460 5954 7616 9605 9607 10249
19138 627 1300 1493 4422
19140 5141 5185 8236 9485 9661 10150
19141 211 1269 1314 5721
19142 928 1708 6884 8219 8277
19143 149 1547 4850 5336 9686 10452
19144 1018 2207 3610 4109
19145 1281 7619 8287 9490
19146 1404 3735 4893 7438
19147 228 2509 9071 10517
19148 14 164 1796 8039
19149 149 204 3453 4490 4573 9380 10325
19150 15 706 901 1883 2677 3454 5444 7894
19151 216 707 1329 1331 1721 2524 3691 8959
19152 1568 1932 7708 7929
19153 1532 4453 4910 9641
19154 1173 1673 1773 7161
19156 28 34 2377 2695 4020 4214 5129 5874 8106
19157 117 1729 2868 4349
19158 797 1825 2350 4284 7307
19159 130 532 1919 7385
19160 260 1525 1568 3706 4838 5905 5984 8719
19161 706 1633 4443 6307
19162 362 3988 4830 7612 8343
19163 420 1430 3850 7153 9673 9733
19164 2390 3111 4417 7506 10479
19165 49 4115 6322 7273 7402 9493
19166 216 668 1599 3270 9263
19167 4667 5874 6211 8087 10241 10383
19168 1446 2413 2983 7433
19169 271 6508 9704 10077
19170 145 437 1340 3783 5396
19171 857 905 3869 5912 6226 6439 9177
19172 3440 4214 6048 7131
19173 520 5460 5604 5871
19174 1240 1980 3858 7842
19175 540 1180 1451 4198 4649 6654
19176 641 1868 1932 2295 8103
19177 281 515 700 4198 4951 5228
19179 5456 7726 8800 10143 10182
19180 77 2715 4667 8106
19181 1894 6990 7224 8018
19182 351 2110 6989 10049
19183 1293 3454 3519 3645 3792 4584 4700 8207
19184 588 662 1813 2854 5169 5224 6831
19185 56 1744 1977 2712 5687 9468 9493 9712 9901 10321
19186 320 4316 4349 4470
19187 353 354 588 1269 1980 5460 8231
19188 155 162 3792 3908
19189 30 2410 2549 5863 10533
19190 1774 2986 3807 5335
19191 596 1358 2717 2849 3758 3830 6175 8028
19192 1314 2886 4073 6429 7022 7404
19193 926 1666 1682 4017
19194 1568 4198 5466 7131 8106 9990
19195 782 938 1239 1980 9189 10299
19196 583 588 662 1314 1951 2237 6278 6842 7376 8485 8494 9327 10120
19197 260 766 1294 1528 2265 3588 5535
19198 2043 2123 2937 4198 4684 6741 6990 8103 8375 8610 9240 9493 10178
19199 23 5562 7318 9148
19200 1329 1331 1346 3118
19201 198 3679 5460 6464 8909
19203 316 402 6411 6494 7208 9177
19204 30 2546 5798 6802
19205 707 1329 1721 9529
19206 630 635 707 1329 1331 4941
19207 211 1340 1868 8106
19208 2265 7062 8663 8667
19209 548 1168 3087 4151 4915 5806 6527 6869 8067 9976
19210 5478 8048 8549 10350
19211 1712 4472 5460 9883
19212 1464 1567 3841 3936 4267
19213 77 1433 1643 1898 2114 2122 3331 4032 4104 4134 4487 4539 5046 5071 5379 6421 6963 6972 7650 8381 8652
19214 757 2983 9001 9287
19215 24 1727 5369 8106
19216 569 707 1329 1721
19217 5721 7289 7291 8717
19218 441 638 1467 1575 1852 2458 4167 4780
19219 4600 5054 6529 7481
19220 1651 4979 5051 5235
19221 1894 5666 6216 7349 7437
19222 153 6496 8303 9326
19223 4693 7891 9891 10482
19224 18 2814 2931 6969
19225 2322 3132 3707 3874 4110 4243 4523 4678 8106 8231 8415
19226 150 1178 4198 5535
19227 9170 9417 9541 9997
19228 1063 2177 2691 4246
19229 1408 3019 3094 4351 5379 6787 7181
19230 377 868 1016 2631
19231 6 381 543 587 1561 2192 2467 2547 2633 2979 3168 3271 4074 4388 4553 4674 4872 5179 5237 6699 7133 7690 8652 9133
19232 25 3660 5080 7007 7361 8103 10060
19233 588 3793 5000 8231
19234 641 1340 5300 5863 6890 7163 7194 7376
19235 1666 4198 6043 8039
19236 470 3896 10059 10440
19237 1989 2110 5856 6429 9569
19239 1714 4452 7664 8103 8231
19240 507 1297 3814 5341
19241 2827 5001 7400 8106 8341
19242 7270 8106 8938 9329
19243 160 569 641 1545 1599 1896
19244 7861 8182 8508 9287 9989
19245 1298 1775 3400 4159 5537 6390 6564 7054 8019 8344 8362 9600 10146
19246 0 2445 7832 9296 10120
19247 2008 2500 5543 7341
19249 2810 5460 6781 7138
19250 2042 5721 5734 6918 6991 7891
19251 1066 2849 5366 6116 7103 7595
19252 233 668 671 2898 3802 4726 5823 7028
19253 5760 6283 8706 9344
19254 1122 6199 7115 8106 8786
19255 1330 3076 4687 5874 7931
19257 2724 6639 6743 10276
19258 3090 3306 8036 9472 9885
19259 583 588 1342 8231
19260 583 588 1066 1152 1813 8310
19262 4475 7788 8674 9066
19263 662 1177 2565 4062
19264 1727 5100 5335 7600 9087
19266 1399 1961 3199 3519 3792 5785 6266 6440
19267 34 569 4198 8231
19268 1430 8137 8671 10211
19269 2791 4222 7131 10309
19270 210 583 588 4665 5601 5948
19271 1061 4316 6227 7078
19272 2215 2640 4386 4556 8832
19273 930 1018 2046 5746
19274 355 5747 7397 9812
19275 4417 6981 8975 9029 10063
19276 276 507 1530 2761 3368 4646
19277 362 1329 1331 1666 1721 1868 7625
19278 833 2853 4198 4405 6611 8704 9677 10062
19279 1890 1963 1967 4559
19280 707 1329 4020 8448
19281 4881 7103 7446 7720 10297
19282 3400 5460 6152 9129
19283 635 1462 1469 6470 7466 8717
19284 740 1530 1971 7987
19285 503 609 2352 6613
19286 2555 3006 3254 7842
19287 402 2051 8717 8795
19288 554 579 1331 1721
19289 355 2561 2661 3000 4654 5653 5664 7028
19290 1329 1331 3276 8343 10257
19291 1342 1727 5628 6070 6620 7616 8932 9128 9842 9981 10080 10532 10589
19292 578 898 981 1245 1561 2010
19293 4043 6578 9171 10180
19294 70 5560 6328 8207 8448
19295 3999 7936 8106 8698 8759 9158 10375
19296 583 588 1832 1868 3625 4385
19297 569 579 652 767 3913 3914 5460 6787 9522
19299 166 1860 3223 4896 6627 8580
19300 36 253 1246 1314 3346 4331 5016 5862 5960 7075 7520 7576 7598 8369 8581 9894 10400
19301 3639 4554 8827 9189
19302 24 569 3558 5882
19303 3342 5180 6170 6576 7123
19304 24 1177 2837 5984 7050 9883
19305 350 4875 5302 5316 5460 5672 5913 8369
19306 980 2834 4706 6545 7703
19307 6546 7452 8093 8718
19308 586 4214 5873 9054
19309 5151 6701 6737 7659
19310 334 371 376 651 2661 3915 4124 5536 5672 5677 5782 6282 6343 9885
19311 1285 6172 7891 8473 8476 8477 8616 8752 10060
19312 289 6929 7163 7274 9641
19313 583 588 3691 4846 7326 8231 8718 9025
19314 182 583 588 1314 1569 7399 8380
19315 707 1329 1721 4207 4821 7131 8207
19316 362 1187 1485 2229 2283 2406 4452 5080
19317 520 4821 6876 6941
19318 205 4840 8103 8902
19319 25 1186 1187 1293 1570 1979 4439
19320 1211 2544 4219 5155 5998 6247 6475 7162 8362
19321 511 1868 2596 4997
19322 155 162 1340 1370 1868 2220
19323 1649 6534 7572 9885
19324 4382 4383 5001 7566 7579 7832 9690 10261
19325 1784 1868 2766 8106
19326 773 1366 1730 2746 4830 6962 8129 8248 8317 8894 8902
19327 363 520 662 1459 2179 4063 6307 7159
19328 223 635 707 1329 1331
19329 123 569 1136 1514 1650 2719 4162 4874 6876 6930 8189 8413 9481
19330 7628 9349 10172 10518
19331 1404 1407 2362 5602
19332 3554 5863 6125 6597
19333 559 569 1552 1569 1597 1980 6003 6101 6650 9151
19334 275 297 4284 4700 4771 8348 8658 8915 10065 10411
19335 1315 6995 9885 10579
19336 149 204 1178 4589
19337 14 234 571 1223 4383 4525
19338 2684 3000 3295 4261 4349 4629 4784 5471
19339 707 1329 1331 1721 4899
19340 583 588 1049 8231
19341 262 2719 4024 5823 5873
19342 2194 3610 7823 8136 8588 9386
19343 381 5460 6985 8841
19344 2409 2698 4494 5478
19345 775 1855 2931 3822 5907 6958
19346 258 586 7067 8303
19347 2928 3736 7383 8620 9079 10423
19348 351 1340 1666 2391 7329 9275
19350 295 1597 2448 3664
19351 354 1269 1666 1891 3346 3645 4797 4907 5635 6793
19352 2105 3652 5441 8795
19353 709 1001 2949 3240
19354 784 1298 1652 2143 3317 4453 4492 9179
19355 5229 5708 7438 8751
19356 3524 5040 5993 7043 7386
19358 362 381 3730 9655
19359 1588 3645 4453 5101 5747 7291
19360 2 4280 8197 10143 10161 10229 10423
19361 204 583 588 2265 2538 2851 6494 8106
19362 78 2257 4454 5151 5721 9515
19363 154 1298 1331 1721 2214
19364 353 6709 8848 9898 10231
19365 4350 5736 6809 7402
19367 1710 6820 6884 9858
19368 2123 8946 8947 9153
19369 3064 3830 4001 4020 5287 5863 7996 10378
19370 583 675 3249 3707
19372 5811 7266 9581 10083
19373 195 2756 5954 7438
19374 2067 2689 4036 7579
19375 2753 4422 7165 7874 10052
19376 142 662 707 1329 1331 1721 3841 7006
19378 622 1941 4033 8243
19379 2546 7184 7567 9206
19380 3050 3202 4584 6491
19381 153 358 2236 4770 7669 8287
19382 696 1561 2456 2514 2658 3434 5496 5947
19383 6696 7012 8751 9550
19384 1446 1724 4131 7692
19385 1874 5302 6076 6910 8489
19386 1662 1846 2364 5217 8624
19387 89 7722 8174 9095
19388 179 2380 4198 7616 8093 9296 10062 10174
19389 164 1199 9113 10250
19390 1420 1552 8136 10152 10452
19391 253 1329 1331 1721 3588 5194 5243 8829 9249 10389
19393 196 1281 5081 8944
19394 1105 1735 1846 1862 2015 2124 2143 2186 4107 9005 9177 10075 10252
19395 1293 4214 6762 10243
19396 60 139 583 588 4621 8231
19397 5376 5934 6584 7232 10038 10079
19398 1569 3051 4584 5721 6079 6876 8106 8747
19399 1096 2239 2495 4838
19403 998 1332 7015 7674
19404 1686 2162 2649 3315 3463 3703 7135 8036
19405 583 588 3346 8593
19406 2105 5022 5642 5994 6070 8936
19407 831 2958 10005 10468
19408 1813 3346 4301 4830 5412 5984 6900 6959 7376 8009
19409 14 889 7402 9351
19410 1727 6501 8996 9850 9986
19411 6494 7208 7438 8566
19412 362 588 2205 8231
19415 79 583 588 8231
19416 528 2051 4700 5837 6876 8065 8298 8652 8963 9399 9462
19418 18 6645 7720 9921
19419 1893 2766 5724 8714 8791 8795 9883
19420 14 2162 7722 7803 8929 10098
19421 707 1329 1331 4901 5586
19423 311 1868 2300 4975 6070 6941 7194 8711
19424 545 2011 5395 6153
19426 276 7940 8110 9148 9338 9387 9893 10167
19427 635 2740 8102 8341
19428 1911 4280 7338 9698
19429 2676 5672 5721 6544
19430 305 569 3526 6235
19431 149 1932 8919 9240
19432 276 503 3859 4395
19434 2610 2768 3795 6568
19435 211 5460 9025 9680 9693 9903
19436 1340 1868 7376 10401
19437 707 1331 1338 3593
19439 2498 3216 3588 4705
19440 37 38 3000 8646 10400
19441 1868 4198 4590 5460 6740 7402
19442 400 568 999 4646
19443 5378 6894 8931 8935
19444 1488 1496 2609 4608 7289 9892
19445 183 400 872 2046 4230 4943 5535 5573 6537
19446 35 2558 2886 3538
19448 351 1213 1280 1329 1331 1340 1552 1569 1721 2590 2645 3318 3731 3811 6132 7054 7350 7435 8683 9160
19449 253 533 559 649 797 1986 2117 3899 3977 4277 4350 5103 6539 7006 7546 7779 8717 9141 9335 9887
19450 3618 4968 5478 6494 6710 10482
19452 605 2704 3456 5903 6989 8945 9937 10533
19453 2826 2843 2931 3578 4585
19454 2047 8473 8716 9598
19457 1346 4084 8269 8676 8703
19458 155 162 5369 7551
19459 1478 2196 3717 3867
19461 1191 2114 2118 6076
19463 4022 6122 7160 7987
19464 408 3000 5783 6840
19465 707 1331 1721 6456
19466 4154 6639 7380 8052 8902 9743 10315
19468 400 1865 5180 6644
19469 1732 7550 7989 9338 9800
19470 366 1704 4198 5319 8106
19471 593 1913 7114 8415 8731 9072
19472 7289 8116 8372 9903
19473 1568 3120 4198 8554
19474 210 1727 2047 2621 3555 5670
19475 96 379 2556 2631 3663 4391 4646 7932 9377
19476 75 820 999 6363
19477 228 253 1346 1666 1905 3453 3935 4862 5094 8344
19478 101 420 6028 6248 6839 8128 8800 9095 9346 9347 9733 10533
19479 2334 2596 3077 3240 3834 3858 3974 5536 5837 6620 6997 7543 7982 8369 8470 8557 8578 8618 8619 8620 9276 9288 9575 9715 10069 10172 10425 10529 10553
19480 353 1577 2815 3841 4214 5984 6170 7131 8041 8103
19481 1841 5510 7498 8324 8519 9106
19482 5278 6740 7402 10020
19483 103 4943 6209 6958
19484 2152 2377 2546 2877
19487 1590 4974 5657 7722 7961 8582
19488 1329 1721 2936 9240
19489 608 1114 1115 1732
19490 1007 1866 6268 8919
19491 104 710 888 5030
19492 583 588 2538 9151
19493 1204 1700 5929 8554
19494 1290 1656 3967 6834 8408 9724
19495 1813 3679 3747 5460
19496 833 1231 3456 6493 6522 6525 6562 6717 7078 7736 7742 8344 8980 10211 10410 10580
19498 641 5478 5871 6253
19499 96 757 2907 8963
19500 381 4175 6536 8511 10394
19501 1423 5242 5424 5992 6542 8384 9025 10279
19502 9569 10013 10074 10595
19503 1108 1529 3457 9875
19504 1033 1834 5294 10298
19505 444 1813 1849 1894
19506 25 187 1394 2645 3955 4779 5985
19507 6740 6826 8649 9468
19508 662 1319 1329 1331 2364
19509 36 1924 2002 4515 4869 5087
19510 6070 7303 9015 9690
19511 1099 1796 5570 5578 6997 7070 7275 7402 7603 9251
19512 1079 1443 3609 6297
19514 2331 3270 4474 8103
19515 1340 1868 5460 5672 5966 7891
19516 519 520 8485 8848
19517 351 366 5791 7093
19518 346 2498 2677 2840 4214 6831 7408 7547 9112 9200
19519 3765 6701 6726 6840 8857
19522 3050 5721 6676 7833
19523 35 1666 2498 2657 2820 4806 8343
19524 2815 2921 3920 8303
19526 1347 2092 2974 4198 4289 4556 5535 6182 6740 7054 8415 9885
19527 947 2366 3427 5366
19528 118 609 1329 2064 5043 6843 8098
19529 1421 5376 5730 5984 10079
19530 6199 8108 8166 8478
19531 149 204 569 1672 5338 6905 10617
19532 183 424 2139 4051
19533 276 420 2432 3086 5943 9733
19535 4896 6959 9487 9491
19536 707 1329 1721 4452 5871
19537 4622 4772 5471 5634
19538 409 997 5804 7569 9020
19539 2107 2391 6878 9806
19540 349 2284 4211 5178
19541 1246 2161 3463 5657 8103
19542 2579 2808 4020 4198 8418 9493 9885
19543 586 7526 7537 7691
19544 1329 1331 1340 1721 8500
19545 1472 3106 4532 4825 6717 9158
19546 359 410 7964 8703
19547 569 583 588 1718 1980 5460 5947 5968
19548 662 2203 4352 5703 6108 10196 10207
19549 277 5131 5880 6729
19550 135 847 4316 5065
19551 621 824 3892 6036
19552 1342 2364 5721 8529 10296 10453
19553 125 4198 5579 5823
19554 2162 2810 5551 5862 8315 8881 10476
19555 164 1666 3813 6736
19556 2874 3258 6117 8338 8818 9139 9723
19559 35 707 1329 1331
19560 6889 7363 8899 10354 10411
19562 1666 2779 4681 5716
19563 4532 4700 7484 9874 10219
19564 609 2016 2283 4214 5319 6194
19565 351 481 7799 7821
19566 118 1246 1732 3254 8424 10424
19567 276 1246 2804 3000
19568 1773 3337 6468 6546 6577
19569 2642 2815 4700 7376
19571 2105 3593 6108 6876
19572 14 1711 8410 9932
19574 34 1922 2843 4020 5807 8368 8375
19575 2621 4279 5305 8008
19576 1893 2704 4585 8278
19577 6063 6891 7942 8393
19578 2982 3912 3914 5472
19579 4259 5489 9386 9479 9602 9676
19580 583 588 1869 6958 7663 8369 10479
19581 2 1568 1634 7545
19582 760 1554 1708 2555 2800 2864 3258 3331 3368 3732 3972 4475 4534
19583 6062 6753 8075 8729
19584 506 5164 7135 9078 10228
19585 584 1732 2655 4345
19586 33 38 266 2801
19587 2064 2456 3000 3366 8191
19588 1727 4639 5636 6699 8582 8873 9780 10116
19589 486 2047 5412 9339
19591 1302 1714 6825 8103
19593 351 449 2295 2961 5084 6544 7217 9016 9277 9761
19594 1495 2036 2336 2598 7773
19595 210 1177 1340 1404 1868 1971 2043 2068 2085 2444 2850 2876 3135 3865 4106 4208 4472 6348 8106 8310 8500 9096 9105 9222 10137
19596 381 2606 5873 8866 9254
19597 2507 4505 4620 5354
19598 1177 3800 4207 8106
19599 24 569 662 5874
19600 7402 7491 8418 9347
19602 2059 3240 6740 8444
19603 578 1938 3000 4261 5564 6494 8319 9522
19604 103 276 345 1239 1625 6207 8113 10533
19605 35 1293 1294 5282
19606 5173 5672 7407 9459 10212 10520
19607 1676 4895 5208 9996
19608 1329 1331 1597 1721
19609 354 2075 2602 3105 4658 7402 8269 10264
19610 3120 5940 7360 7528 7691
19611 1389 2755 3772 4844 6607 7897
19612 515 2076 9700 9898
19613 1489 3811 6489 6989
19614 1932 2524 3035 4592 8556
19615 1152 2383 4335 5367 5525 6975 6989 7796 7935 8554 8767 8903
19616 6049 6839 7198 7545 9094
19618 1893 2118 2194 3519 3792 4230 5271 5535 5905
19619 204 484 2178 3997 4553 4992 5417 7264 7915 9899
19620 756 1328 7041 8190 8375 10076
19621 242 1330 2936 8555 8736 9107
19622 542 707 1340 1721 1827 1868 1932 8654
19624 595 649 2253 3502 4472 5250 5724 8103
19625 583 2463 3642 7569 8231
19626 1067 4077 4418 5416 9991
19627 19 20 78 2238 4328 5316 6597
19628 3599 7832 8657 9432
19629 36 1666 2457 4139 10400
19630 149 381 1772 6421 7367
19631 1340 1868 3471 8531
19632 95 1586 5863 7027
19634 7242 7627 8038 10138
19635 2590 2663 4821 5422 5773 6969
19636 7752 8704 8711 8795
19637 6210 7484 8899 9035
19639 583 588 2699 8231
19640 160 253 1184 1813 4876 6403 7963 8133 9499 9767
19641 4565 8241 9674 9906 10270 10552
19642 24 579 2766 3000 3576 9256 9723
19643 2178 3513 4471 5772
19644 2003 2166 3961 4006
19645 14 2524 4865 9687
19646 2364 2606 5584 5655
19647 1752 6546 7155 7421
19649 784 1446 4284 8162
19650 3199 5796 9258 9576
19651 1107 5478 5695 8448
19652 292 294 707 1331 1721 2736 3136 4339 4755 5043 6946 7685 9054 10139 10363
19653 707 1329 1331 4198
19654 2949 8103 8806 10147
19655 1437 2509 6130 7940
19657 36 1955 2546 5379 6421 8573 9813 10400
19658 2545 3730 6077 7501
19659 235 478 1462 2762 3671 4615 4700 6079 8795 10452
19660 2380 2766 2785 4198
19661 4665 5460 5837 6895 7402 9493
19662 309 2841 6016 8240 9231
19663 5593 5650 6982 10517
19664 1177 1213 2238 2766 3652 3968 5369 5954 6076 6403 7215 7763 7935 8106 8127 8718 8771 9124
19665 3486 3958 4537 7900
19666 593 5672 6545 9928
19667 2103 4681 4966 6704
19668 548 1019 1394 1747 2766 3707 5721
19670 728 1329 1331 4830 5851 7689 8733 9296
19671 4020 7402 8018 8375 9467
19672 912 3123 4180 5609 6770 6867
19673 1540 4974 5029 5150 7833 8729
19674 1830 3886 7402 9346
19675 6049 7352 8003 8905
19676 573 1152 1354 4796
19677 5230 6498 6768 7746 7997 8106 8636 9492
19678 14 1666 6421 7656
19679 2206 2920 5303 5589 8280 9570 9588 9627
19680 2565 6003 7851 9240
19681 5194 5919 6116 10595
19682 8625 9723 9972 10596
19683 6247 7708 8735 8736
19684 641 4422 7865 8487 8625
19685 187 1132 1273 5852 5876
19686 707 1329 1331 7371
19687 579 3003 8067 9927
19688 3978 4162 5194 6454
19689 511 538 5425 5909 6244 6717 6974 6979 7078 7573 9394 10386
19690 1053 3297 4136 5472
19691 49 183 782 1394 3645 4808 4862 5030 7819 7823 8095 8106 8174 8588 8987 9491 10222 10452
19692 211 261 1152 1173 1704 1773 1979 2047 2067 2596 3277 3887 4225 4280 4860 5721 6773 7267 8343 10266
19693 4667 8622 8764 9368 10147
19694 569 1269 1417 1878 2047 4198 5525 5823 8650 9151 9174 9240 9311
19695 579 1654 2825 6985 8103
19696 1387 3778 4368 6834
19697 583 591 3111 5379 8231
19698 4404 7438 7996 8481 8503 8516 9493 10323
19699 662 1314 4611 5721 6174 7423
19700 268 1140 2474 2837 5606 6481
19701 148 319 917 2672
19704 3749 5226 5284 5499
19705 583 588 2240 4061 4700 4825 5775 8156 8231
19706 511 549 9789 10386
19707 352 354 1213 1280 1307 4922 5020 6001 6074 7823 8598 8818 8819 9240 9380
19708 1194 1200 8800 9089 9240
19710 1568 7934 8503 10194
19711 151 1446 8413 8810 9885
19713 242 4058 4085 5248 5648 7817 8194 8820 8886
19714 1666 2065 4897 4940 7929
19715 452 738 5249 6911
19716 4586 5694 5695 6115
19717 1182 1373 2646 5486 7935
19719 35 351 569 662 707 1186 1187 1329 1568 1683 1932 2083 3502 6299
19720 76 2454 2499 3870 5721 6483 6981 9823
19721 583 588 8231 9151
19722 362 596 1710 1780 3961 4134 8928
19723 927 1878 3118 3797 7022
19724 4700 5334 5371 8755
19725 490 1246 4391 6884 10009
19726 707 1329 1331 1721 1832 7054
19727 707 1329 1340 1721 1868 2265 5823 6715
19728 579 2265 5436 8551
19730 3938 4391 7362 9485
19731 938 1609 2693 9930 10288
19732 1094 1960 2208 2210 2656 4035 4093 4218 5548
19733 238 2653 2672 4456
19734 711 713 5531 7951
19735 1617 8382 9350 10496
19736 69 111 1696 2163 3749 5656 6574 7558
19737 482 704 958 1340 1868 1980 2766 5494 8106 8231
19738 409 1008 5699 6674
19739 632 4603 5528 10452
19741 784 1876 3314 3333 3686
19742 2240 3844 6952 9329
19743 273 662 1144 1206 2238 4796 4824 4830 7289 8717 8795 9240
19744 208 348 351 381
19746 2845 4649 6699 6863
19747 490 858 1695 4034 7194 8352 9025 9600
19748 2567 4493 5721 8660 10198 10199
19749 353 707 1329 1331
19750 1705 5333 7159 8064
19751 1346 2964 3672 4083 5907 10411
19752 769 1644 6356 7023 7607
19753 18 583 588 591 5157 5901 6247 7131
19754 2715 2850 3249 4667
19755 214 374 377 546 668 2534 4288 8449 9493
19756 1290 7822 7823 10396
19757 24 2056 3707 4559
19758 381 2766 3342 6116 6525 7215 7275 10097
19759 1849 1888 6066 7924
19760 1344 4926 7687 9504
19762 1665 2162 4111 8277 8595 9347
19763 707 1331 1721 1868 5863 8207
19764 419 588 2194 6247
19765 432 861 2988 4107 4789 5232
19766 333 511 538 2538 2545 2941 3652 6520 7163 7269 9275 9277
19767 268 1007 5657 8632
19768 583 588 3646 7489 8040
19769 1066 1178 4209 5817 9678 10120
19770 569 602 1065 1965 5871
19771 579 6557 6577 10022
19772 4278 6840 7439 8128
19773 305 569 3988 6876
19774 2240 3139 4824 9164
19775 1177 2093 2565 2843 4020 4582 6003 6373 7143 7146 8162 9919 10417
19776 191 1886 3574 6887
19777 2286 2949 5395 5604 6440 8227 8649
19778 211 355 2259 9493
19779 1489 1893 1932 4063 9240
19781 149 204 5916 8104
19782 1019 7289 9212 9329
19783 569 1568 1932 10067
19784 528 569 4719 6469
19785 520 707 1721 8717
19786 707 1329 1331 1721
19787 165 195 350 445 449 519 721 1007 1177 1340 1580 1868 2677 2960 4198 6896 7152 9234
19788 6146 7396 8966 9647
19789 492 1883 4123 4381
19792 3082 3468 5166 8114
19793 1402 1408 2010 3710 7726 7991 8222
19794 160 1930 2688 5403
19795 579 641 2799 3982 6310 6705 8704
19796 913 1346 1393 4789
19797 2 675 855 3707
19798 2884 3625 5460 6164
19799 526 1340 1868 2689 8237
19800 259 351 3754 5461
19801 269 5182 6958 9970
19802 5016 8194 9135 9856
19803 1394 4700 6003 6020
19805 603 1340 1813 8103
19806 417 1970 3051 6822 8766 9592
19807 39 1893 3777 10450
19808 1066 1569 3227 5204 6701
19809 8902 9151 9403 10478
19810 917 1099 4726 5600
19811 658 1945 2852 6959 9531
19812 138 414 1281 2942 4705 5302 5303 5333 5334 6762 7350 7548 7799 7847 7878 9138 9139 9753 9840 10369 10491 10495
19813 207 351 1327 8042
19814 776 1164 1893 2735
19815 1329 1331 1721 9025
19816 187 1174 5672 5719 7484 8501
19817 1249 3451 6276 8448
19818 233 376 378 379 976 979 999 1328 4579 5456
19819 2064 3022 3404 4551
19820 2769 8103 9607 10069
19821 2182 2982 3177 3207 8453 9832
19822 2732 5077 7834 9861
19823 579 583 588 2689 4562 7343 8231
19824 1932 5460 5874 9346
19825 1727 2583 5011 5453 9490 10145
19826 1340 1868 5197 5593 8106 8555
19827 434 862 913 1379 1863 2956 4709 9177
19829 888 1000 1007 2204 2391 5664 6276 6417
19830 2802 4391 4475 4971
19831 963 964 2772 2773 5140
19832 400 2393 7569 7682
19835 1662 1846 7987 8044
19836 24 511 520 8486
19837 183 569 588 591 662 1025 1327 1443 1459 1466 1552 2815 2841 2960 4431 5302 6168 6606 6741 6876
19838 6449 6831 7323 7910
19839 775 1090 1108 2815 4214
19840 149 151 204 1300 1666 3645 6533 8177 10424
19841 4842 6825 7997 8103
19842 1329 1331 2560 3093
19843 1049 1666 5823 6969
19844 1131 3124 3144 8103
19845 2628 5990 8334 9546
19846 3897 4707 6151 7352 9179 9444
19848 675 883 929 1314 7131 9493
19849 198 1330 1710 3174 4288 10076
19850 381 1855 2265 2689 6642 7376 7551 8106
19851 2848 5625 6674 7855 8039 9255
19852 583 1388 5537 5776 6164 6761 7830 8231
19853 3806 5531 9785 10145
19854 3464 5278 7988 10404
19855 3199 4598 6386 7589 8888 8944 9590
19856 609 1568 1697 3206 6247 7117 7492 8236
19857 367 413 1894 1926 2466 2512 2661 2870 3132 5869 6326 6792 7264 7739 8362 8415 9646 10022
19858 24 1246 5160 9885
19859 115 707 1329 1331
19860 4350 6941 7488 10479
19861 654 4130 4519 6148
19862 1666 2457 2489 4784 8424
19863 124 1775 2925 3627 3653 4265
19865 3827 6646 8209 9569
19867 173 569 1568 4768 6001 6003
19868 23 1643 3553 4391 6175 9991
19869 579 3864 5874 6545 6546 10411
19870 91 1730 2801 7815
19871 1866 1878 7977 10597
19872 554 711 1285 1528 3650 9997
19873 151 354 357 511 653 707 1066 1329 1331 1721 2993 4299 4472 6247 6816
19875 276 3085 3326 9005
19876 1187 1244 4214 5715 7073
19879 583 588 1666 3576 5319 5626 7598 7639 8231 8511
19880 628 1273 5460 8103
19881 1404 5460 7290 7438
19882 381 569 4198 9569 9773
19883 2508 2860 8113 10079
19884 1331 1721 9491 9615 10009
19885 352 2457 5460 6573 8759
19886 700 2105 2654 3740
19887 305 591 4443 8231
19888 418 2162 4275 6137 7991 8498 9036
19890 569 2317 5436 5570 5984 6900
19891 854 2661 2792 2972 6964
19892 348 362 3818 7408 7819 9874
19893 470 2958 3896 4481
19894 2262 8271 9213 9843
19895 228 782 3230 4698 5867 5874 7245 9903
19896 813 5038 7591 8748
19898 389 7573 8130 10047
19899 1666 2046 4686 10512
19900 149 204 1137 9883
19901 1883 4510 8424 10355
19902 1538 1633 8106 9588 10069
19904 584 5077 5984 7376
19905 455 1213 5911 7022
19906 211 1639 4748 7115 7816
19907 1831 2804 6373 7645
19908 707 1331 1526 4000 5153 8774 8910 9868
19909 963 969 3483 3485 3486 3989 5189
19910 564 6510 8021 8326
19911 1666 1696 4615 5932
19912 173 540 1893 7423
19913 652 1177 3684 3711 8103 8983
19914 1438 8143 9747 9846
19915 2053 2591 2989 4576
19916 520 6461 7823 9386
19918 376 1178 5226 7022 7023 9243
19919 1152 1291 1989 5900 8173 8381
19920 660 2250 2280 4371
19921 6028 6740 8194 10012 10143
19922 1568 4686 7784 10512
19923 2495 4838 8103 8381
19924 2815 5334 5605 7773 10016
19925 350 3769 6831 8272
19926 1674 1862 1867 3190 4333 5237
19927 145 5556 8711 10359
19928 2963 4590 6064 6157
19929 6898 7287 7911 7966
19930 3079 5657 8637 9815
19931 5278 8688 10229 10235 10420
19932 848 2131 3312 3314
19933 3342 6122 7096 9493
19934 469 554 1496 1528 2572 2608 4608
19935 721 1291 2060 2218 3672 4012 4346 4917 8436 8636
19936 1222 4700 5460 5657 6247 8444 8618
19938 5905 6705 7692 7975 8554
19939 1167 3248 5570 7392
19940 4862 8718 8795 9955
19942 583 588 2232 4933
19944 183 1191 1662 1846
19945 1732 8448 9408 10554
19946 4104 7229 8927 8988 9167
19947 1175 3751 6740 8444
19948 3495 4584 8820 9386 9813 10573
19949 412 707 1329 1331 1727 1932 4485 4752 4830 5604
19950 596 1732 2257 9392
19951 7054 8470 9682 10286
19952 5032 5144 7076 9281 9290 9589
19953 1340 6323 6324 8103
19954 2409 3618 5146 6253
19955 2105 6070 6991 8667 9154 9633
19956 311 2820 4701 4968 7290 9692
19957 839 2269 3841 6317 6370 6666 7265 8714 8949
19958 1238 4074 4582 4591 6326 6658
19959 3033 4830 8777 9712
19960 379 1673 2178 7405
19961 1246 1732 3758 7402
19962 108 7355 8452 9231 9448 9493
19963 1531 1841 4020 7354
19964 2042 4352 9783 10556
19965 1340 1868 4014 5874 5948
19966 351 569 641 1174 1327 1329 1340 3645 4770 5946
19967 745 3844 4192 4858 5031
19968 520 1087 1340 1868
19970 240 2962 3792 4795 5162 5823
19971 3077 4968 5643 7025
19972 444 1584 3811 7976
19973 36 102 1298 2036 2046 2122 5118 5781 6216 6846 7874 8174
19975 6878 7105 7573 8164 8809 9652
19976 2758 4629 7233 10239
19977 155 305 348 350 353 1067 1094 1262 1394 1989 3352 9025
19978 1628 6353 7305 8884
19979 650 5134 6538 6546 6823 7765
19980 1329 1331 1721 5929 6701 7112
19981 351 362 707 958 1342 1356 1523 1552 1721 1773 1868 2185 4837
19982 707 1329 1331 1340 1868 1979
19983 1280 2885 3206 6660
19985 195 3983 4214 5874
19987 1224 1688 2885 4372
19988 5721 5984 6454 8103
19989 707 1329 1331 1340 1446 1721 1868 3000 3610 8147
19990 195 721 982 1186 6178
19991 354 1182 1256 1340 1727 1868 1932 2364 3683 4020 4768 4772 4830 5706 6401 6699 7054 7072 7891 7992 8227 8337 8402 9060 9154 9329 9902 10249 10401 10429 10515
19992 4667 5932 7961 10549
19993 1568 5604 8511 9529
19994 178 1722 2788 3919 8715 9774
19995 117 3817 5846 8871
19996 707 1304 1329 1331 1721 2174 3436
19997 2580 3844 4486 9190
19998 64 4744 9804 9885 10239
19999 520 5749 6202 6526 6609 8754
20000 1868 2404 3691 6874 7835 8009
20001 5405 7672 9271 9730
20002 67 4777 5118 5119
20003 101 3348 8984 9321
20004 1259 3346 3758 8426
20005 5582 7925 8895 8959
20006 169 443 7619 7964
20007 569 693 1066 8103
20008 2121 2941 8453 8634
20009 149 3431 3486 4198
20010 275 1225 8797 9191
20011 3976 5302 6606 8625 8797 9005 9025 9347 9359 9386 9693 10331
20012 24 496 569 641 812 838 1565 1568 2046 2269 4020 4120 4198 4626 4974 5048 5823 6043 6982 7054 7841 8495 9063 9371
20013 2563 2632 5535 7099
20014 316 895 1665 2536 3342 5300 8039 8751
20015 583 588 1980 8231
20016 1335 1878 2590 4475 9932
20017 569 635 4063 5823 6605 7289 8127
20018 1290 2443 5966 6036
20019 2766 4592 5455 7211
20022 587 971 7266 9177
20023 5674 7977 9435 9723
20024 1407 1856 5556 8343
20025 999 2704 3240 6560 8827
20026 273 274 2237 4865
20027 392 466 4214 5194
20028 211 454 579 2300 2810 3277 3365 5008 5480 5966 7032 7698 8709
20029 1191 1593 1894 9961
20030 6644 6740 9450 10260
20031 1151 3020 8533 10323
20032 361 569 579 1256 2105 5851 6108 9277
20033 1268 5315 6383 7401
20034 1329 1331 6200 9883
20036 1329 1331 1568 1664 2563 3750 4883 6844
20037 2043 5239 6182 7128
20039 841 1134 3215 5121 5757 6210 6492 6546 8959
20040 707 1329 1331 1721 8249 9485
20041 4869 4990 7886 9490
20042 511 5436 5593 8780
20043 641 1642 4770 7415
20044 1727 2613 6985 8106
20045 8376 8548 10221 10473
20046 1726 2674 3706 8103
20047 4473 5339 5586 8902
20048 2580 5657 5984 6332 7961 8588 9899 10221
20049 1049 1079 1628 2192 3179 6299 7915 8764 9052 10521
20050 1182 1448 1571 1981 5248 6258 6496 6831 6976 7207 8682 9958 10136
20051 236 6253 7402 10418
20052 302 479 706 824 4768 5234 6519 9277
20053 1138 2555 3000 5874 6028 8424
20054 588 707 1331 1721 2009 3077 5873 8231
20055 2457 4020 7791 7954
20056 1657 2354 2989 5864
20057 569 1262 2827 3674 5460 9329
20058 1979 3223 4537 4852
20059 1340 1868 2091 9495
20060 363 412 1235 3346 3686 5340 5721
20061 583 8231 9276 9451
20062 575 596 1177 1893
20063 706 2652 6990 8245 8250 8257 8578 10117
20064 481 1165 1375 1969 2196 2613 2671 4504 5556 5575 7575 7740 9154
20065 605 1523 2766 7574
20066 118 2162 3782 5330
20067 583 1308 1468 2837 4608 5984 8273 8332 8534 10226
20069 515 1297 2893 4002
20070 1435 6715 7835 8106 9727
20071 240 350 385 422 1576 1809 3639 6076 6420 6764 7289 7338 7400 8042 8310 8441 8840 9524 9990 10068 10137 10265 10545 10547
20074 666 1893 3906 3908 5925 6335 8704 8717
20075 3760 4710 8426 9490
20076 202 641 2815 3979 4214 7054 7818
20077 1070 3707 4274 5604 6666 9834
20078 362 569 588 591 1346 1894 2621 2689 3758 4218 4280 5172 6465 8106 8231
20079 1331 1468 1721 2815 4700 4829 7386 9108 9896
20080 1340 5987 7237 8994 9311 10090
20081 2875 3514 4161 6890
20082 322 700 1826 2454 2755 5759 9441
20083 4933 8177 9155 9214
20084 569 1868 5460 10078
20085 4361 4693 5570 6663
20086 1138 1249 2145 2483 2621 2859 4297
20088 6323 7832 8661 9643
20089 2603 7545 10069 10511
20090 707 1329 1331 1721 4209 4215 4839 7833 9588
20092 64 1099 1675 4615
20093 1599 4198 5294 9546
20094 3826 6311 7477 9894
20095 601 2155 2520 2635 2853 3006 4214 5657 6272 6421 8610 9450 10033
20097 507 545 2886 3872
20098 249 305 351 366 569 809 1568 1727 3772 3889 6119 6494 6982 9546
20099 63 264 644 1919 2400 2401 2487 3290 3522 4186 4328 4354 4578 4997 5364 7815 8078 8223 8225 9180 9593 9632 9764
20100 24 195 707 721 1331 1710 1727 2293 2483 2825 3793 4067 5789 6626 6863 7397 8103
20101 0 151 2649 5947 6849
20102 658 2911 3434 3493
20103 1177 2736 4779 5302 5883 6762 7314
20104 374 664 4285 9136
20106 67 359 2958 3924
20107 1472 7423 7823 8105
20108 5985 9386 9991 10552
20109 566 707 1281 1329 1331 1346 1721 1760 2187 3807 6324 7069 7350 8272 8470 9071 9588
20110 1138 5837 7212 7987
20112 1375 3346 3531 9290
20114 3346 5446 6722 8555 8588
20116 4214 7289 8229 10039
20117 1246 6322 8417 10373
20118 1138 9493 9771 10431
20119 2047 3899 5714 5721 10139
20120 662 1301 9671 10410
20121 3761 5653 9347 9851
20123 5478 8116 8665 10165
20124 662 728 3109 5747
20125 538 1932 5460 7263 8765
20126 14 381 3120 9885
20127 1568 3020 5984 6242 6985
20128 371 1589 7559 9377
20129 5 511 1065 1226 3000 7499 7918 8890 10064
20130 353 1285 5052 5721 7834 8201
20131 569 583 3889 8231
20133 2511 3071 3080 3249 4638 6607
20134 351 381 1893 2420
20135 381 1251 1330 1710 5234 6076 9470 10047
20136 503 1219 2432 4395
20137 211 253 1920 2144 2661 2732 3000 4020 4068 5604 5762 5871 5972 7022 8338 8722 8988 9782 9861
20138 4698 5081 6494 7179
20139 187 7819 9025 9874 9885 10478
20142 351 571 650 775 4266 5863 6468 6539 7668 8343
20143 355 542 2102 3558 5642
20144 48 2046 2576 5837 7123 8448 9493
20145 2145 3022 3347 5932
20146 583 588 3346 5883 6701 8231
20147 1932 2090 5760 5851 5874 6148 7054 9306
20148 3576 7777 7823 10145
20149 80 251 4452 7054 8704
20150 422 6433 7673 8022 9231 10206
20151 1204 1394 4906 8718
20152 820 1061 2407 9059
20153 3301 4331 4898 6840 7094 9885
20154 3258 5982 7448 8484
20155 173 351 449 569 579 591 606 707 1329 1526 1529 1721 1892 1893 2964 3318 5540 6060 6069 7078 8987 9732 10487
20156 2162 5657 6158 6212 7197 7205
20157 2847 6471 8272 8273
20158 408 5287 5379 6122
20159 253 5367 7935 9917 9970 10021
20161 571 744 1568 3346 3956 3986 4768 4834 5620 8277
20162 707 1329 1331 4535
20163 149 204 4696 8103
20164 706 1186 1187 1378 3513 4214 6647
20165 958 3771 4784 8106
20166 142 366 965 1290 1580 1868 2541 2766 4198 4214 4598 6814 6985 7247 7542 8303 8771 8795 9493 9596
20167 707 1331 1721 5110
20168 94 179 408 1732 2336 3049 5460 5747 5863 5871 6478 7163 8217
20169 769 8223 9296 10015
20170 247 1710 4645 7529 8795
20171 2649 8078 8699 9387
20172 1404 1868 2264 5267 6391 7438 7703 8598
20173 1775 3906 4175 7400
20174 1727 1932 6876 9335 9412
20175 1446 6399 7807 8425
20176 1065 5994 6108 7072 7842
20177 583 588 1300 2544 5079
20178 2238 2689 8939 9990
20179 554 2425 4772 9676
20180 973 2951 4767 5609 5721 5837
20181 588 678 8105 8231
20182 1102 1568 2529 5713 7743
20183 214 276 7416 8479
20184 356 1223 1742 1953 4929 9443
20185 211 2293 2590 3632 8544 10595
20187 511 824 1813 2051 5465 5947
20188 2766 3276 6831 7987
20190 369 376 1888 4646 4919
20191 46 67 1137 1280 2766 2947 2964 3000 3669 3672 5604 5657 6046 7552 7659 8534 8650 8678
20192 6554 6572 7627 7765 8011
20193 8194 8444 9311 9714
20194 328 1662 1708 1846 3866 4349 6740 7491 9493
20195 1178 1394 1568 5966 9858 10315
20196 1311 9274 9590 9693
20197 78 359 4700 7830 8784
20198 200 854 3894 5712 6036
20199 339 569 3899 4243 4584 5460 5721 6429 6717 9399 9485 9487 10260
20200 3877 4503 5601 5877
20201 31 36 1615 2059 2667 4935 6059 7354
20202 190 414 1831 1922 2079 5788 6831 8490 9109 9240 9662 9939 10472
20203 707 1329 1721 10291
20204 2100 4700 6429 6701 9486 9892
20205 1967 2160 2332 4559
20206 2333 6715 7050 7188 8060 8106 9799 10409
20207 912 1511 3914 7248 7266 7673
20208 2408 4082 8704 8958 9971 10137 10545
20209 520 1523 1597 1868 2102 2416 2695 4565 5425 5721 6001 6070 6525 6605 6640 6641 7289 7366 7921 8134 8381 8687 8767 8978 9041 9240 9945
20210 4701 6338 7891 8837
20211 1942 2178 2676 3077
20212 207 554 569 591 641 707 721 1329 1331 1721
20213 1329 1331 1721 2265
20214 64 1655 7156 8848 9515
20215 4419 4690 4838 5519 5927 9767
20216 569 1269 3986 4068 4476 5874 6941 7493 8165 9049
20217 1113 2017 3077 4838 5575
20218 1888 3864 4973 8106
20219 707 1329 1331 4849
20220 588 3104 4897 10274
20221 1854 3706 5721 8913 9279 10069 10478
20224 583 588 590 4700 7145
20225 1773 3934 6835 9460
20226 4243 7934 8033 8486
20227 351 707 1329 1721
20228 149 204 2116 5823
20229 2264 2661 2704 2983 7211 7215 7446 8583
20230 24 583 2606 5460 5466 5984 6950 10255
20231 583 588 8231 9275
20232 1710 6639 6717 7202
20233 205 362 569 1222 2658 6488
20234 583 6982 8106 8866
20235 659 678 1373 4472
20236 1312 1331 1721 1783 5074 7350 8920
20237 569 3409 7692 8103 8106
20238 227 706 1327 6076
20239 1307 5537 9615 10214 10488
20240 24 3240 3749 4796 5297 7685
20241 5212 5258 6789 8718 9166
20242 975 1967 2366 3427 4121 5699
20243 1469 2535 3342 5845
20244 190 211 5349 6567 8103
20246 27 1558 4980 6267
20247 556 756 1362 2909 6680
20250 211 622 2000 2162 2604 4400 8338 9530 9904 10120
20251 2265 4198 8353 9335
20252 210 1358 2786 4574
20253 9 936 1757 5455 6064
20254 324 407 1330 1710 1862 2186 4869 7697 9036
20255 34 1186 1187 1858 6614 9493
20256 4310 5502 7802 7965
20258 569 1178 1269 1727 3707 4198 6394 8106
20259 1568 1666 2851 3908 5604 5962 6981 7152 7208 7470 8704 9240 9900 10257 10559
20260 662 2293 3910 7547 8987 9883
20261 125 707 1329 9828
20262 2852 5535 6164 9329
20263 3050 5823 6418 7526 7823 8844 10331
20265 2787 2806 3164 4125 4955 5779 8602 9260
20266 583 588 7964 8105
20267 2067 2364 3118 5669
20268 335 374 376 492 651 654 947 981 1420 1421 1565 1645 1824 1977 2321 3054 4195 4413 4793
20269 1231 1853 2188 4703 5230 9955
20270 2462 2884 6941 8448 8499 8506 8681
20271 5067 7273 7721 9885
20272 37 511 641 718 1175 1177 2380 4108 5982 7667 9251
20273 1280 1915 4455 4724 5536
20274 1246 1255 1708 3975 4665 7402 9959 10423
20275 726 2178 3286 3720 3747 3837
20276 210 213 5283 6417 9315
20277 2665 5881 6815 7616 9282 9723 10198
20278 3122 3383 6664 9133
20279 1696 3776 5051 7768
20280 1604 2695 4238 4475 6464
20281 542 1186 1187 2108 2238 2376 2815 4214 4391 5489 5929 7691 7860 8554 10024
20282 583 588 1340 1868 1971 2019 2397 2597 3618 3939 3964 4102 4147 4494 5173 5478 5705 5984 6031 6194 6805 6890 7129 7699 7832 7856 7857 8471 8786 8841 8919 9459 9588
20283 542 824 1987 4598
20284 2162 4784 5045 5754
20285 824 1845 1977 2568 5601 5802
20287 538 641 5080 8749 10553
20288 1217 6372 7714 8795
20289 744 4068 5400 8415 9025 10552
20290 886 887 888 2646
20291 5176 5278 5313 9545
20292 77 1591 1894 6464
20293 359 520 583 588 4042 5642 6324 7639
20294 486 2254 8228 9339
20295 583 588 8231 8844
20296 211 707 1331 1721 8581
20297 587 1862 7300 8832
20298 4394 6982 7981 9818
20299 707 1329 1331 2178 2983 4742 5300 6010 8085
20300 1666 3619 5604 9751 10237
20301 439 2359 5049 5460 8080 8554 8756 9385
20302 1632 1749 2178 5413
20303 6251 8303 9697 9982
20304 454 2713 3143 3519
20305 181 3135 6178 8290
20306 1246 5932 8072 10239
20307 6827 8128 8413 10138
20308 6065 6717 8869 10338
20309 707 1329 1721 9546
20310 2691 3902 5090 5392 5613 8103
20311 900 3826 3999 4073 6874 10149
20312 24 1213 6611 7851 8885
20313 1632 2590 5890 7402
20314 588 6558 7442 8231
20315 2993 3455 5117 6170
20316 2454 6958 6972 8909 10050 10142
20317 204 351 569 1894 1910 3346 3747 4204 7659 9382
20318 8295 8634 9311 10111
20319 1301 1340 1868 6540
20320 1066 1932 2229 5080
20321 729 800 3094 9261
20322 216 2457 3912 3914 4387 4459 5688 8684
20323 407 1726 2200 2255 2280 2672 4355 5874 6306 7192 8074 8795 9985
20324 706 2123 5528 6958
20325 2143 2520 5688 9400 10147
20327 1246 2262 8873 9839
20328 420 2971 2983 3776 5943 6739 7645 9733
20329 2684 5460 5658 5677
20330 24 3616 5325 5483
20331 8215 8893 10275 10286
20332 520 1346 2123 5460
20333 210 1340 1868 1894 2284 2993 5553 7823
20334 2120 3138 3576 4757 4846 6482 8103 9562 10411
20335 1023 2019 2817 5874
20337 60 984 5178 5833
20338 7407 7693 8116 8695
20339 520 1280 1396 2543 9265
20340 707 1329 1331 1340 1868 2265 5721 6561 7205 8337 8555 8610 9009
20341 2689 5771 8465 9850
20344 9717 9795 9928 10433
20345 579 3730 4220 6014
20346 1643 7538 7556 9487 9489
20348 2051 2631 2804 4150 5535 8819
20349 216 284 287 334 378 379 393 409 410 564 565 580 768 999 1042 1418 2596 2856
20350 409 3076 4768 4915
20351 6496 7138 7780 10287
20352 6989 9719 9857 9982
20353 1301 1830 5984 9493 10483
20354 1446 1868 3000 7247
20355 2654 7438 7575 9529
20356 707 1329 1331 1721 4198 10294
20357 905 4368 6105 9073
20358 77 511 8760 8796 9546 9734
20359 608 934 1110 1862 6439
20360 1650 1732 1888 2480 4078 4990 6778 6838 7458 8625 8795 9148 10232
20361 1246 1446 2494 3000
20362 707 1329 1331 1721
20363 679 1676 2046 5379 6385 6386 7988 8577
20364 707 1329 1331 1721
20365 1340 1868 5178 8106
20366 1175 2758 3707 5576 8103 9025
20367 315 2264 2495 3740
20369 2452 4915 6568 6970
20370 641 882 1845 3318 3657 4307 5348 5379
20371 50 61 8276 9935
20372 173 707 1329 1331 5381
20375 2114 4172 4215 4650 6229 6606
20376 1569 2265 2283 6268
20377 2541 3609 7799 7817 9386
20378 1346 2699 6813 9278
20380 700 4505 5721 8173
20381 1041 2627 6108 6494 7508 8972 8976 8979
20383 1340 1868 2541 9143
20384 2791 6982 6985 7750 9832
20385 826 903 1178 4198 6206 8496
20386 351 650 4883 5724 6471 6545 6933 7166 7887 7924 8907 8966 9277
20387 1479 2442 4023 5460
20388 48 614 1830 3559 4275 4639 5634 6775 7135 8103 8652 8678 9029 9915 9962
20390 211 354 635 1173 1330 1710 1754 1888 1915 3252 4261 4474 5419 5460 6230 6977 10320
20391 305 354 359 8106
20392 983 2596 3786 5460
20393 465 4045 4391 4700 5996 8303
20394 354 646 1533 1568 1727 1952 5436 5576 5721 6619
20395 276 504 1296 4186
20396 1346 4883 7983 8109
20397 3077 7944 8415 9383
20398 583 588 2437 8173
20399 7807 8408 9148 9876 10129
20400 1790 4344 4417 7133
20401 459 707 1329 1331
20404 75 1246 1753 2724 3000 4857 6599 6605 6767 6977 7148 7289 7765 8654 9885 9995 10342 10523
20405 1874 2965 6136 9883
20406 707 1301 1329 1721
20407 145 276 3558 6465 7040 7818 8625 9687 9883 10188
20408 4374 5072 8550 9025
20409 1451 1928 6325 8722
20411 1117 3988 5021 5234 7377 7889
20412 1725 2591 3973 5994
20413 420 7942 8456 9733
20414 1342 1346 1980 9275 9546
20415 538 2282 2789 4686 10512
20416 1710 1980 6699 8103
20417 273 305 359 569 3318 3450 4552 4684 5458 5672 7874 9906
20418 2697 3502 3719 5395 8410 10122
20419 1212 4007 6385 7862
20420 1340 5535 8415 9357 10182 10423
20421 3006 4403 7438 10033
20422 369 568 1003 2388
20423 819 881 1408 2328 5111 5632 8151 8152
20424 2564 2565 4452 5871
20425 3559 4163 8135 10104 10241
20427 569 583 1941 1956 2043 2105 2283 3682 4556 4557 4768 5761 6047
20428 2253 3952 5721 6676
20430 444 1847 4573 4780 4855 5126 7194 7935 8914 9326
20431 255 540 1568 2766
20432 2510 2576 4936 7764
20433 586 2118 6108 6152 7685 9389 10461
20434 714 1666 2507 3451
20435 43 532 3796 9231
20436 701 1096 1326 1925
20438 5721 7080 8106 9216
20439 1722 4999 5012 6422
20440 1404 1725 2360 7344
20441 32 1134 1224 1298 1797 1936 3965 4391 4451 4922 5695 6673
20442 4424 5621 6644 9860
20443 195 381 2843 5460
20444 11 662 1282 1377 1378 4322 4449 8474
20445 97 2843 6090 6527 6577 7326
20446 1961 3730 6941 8369
20447 2590 2815 3419 3420 3421 4479 5494
20448 173 635 1710 3091 3456 3630 5310 7280 8049
20449 2649 5288 7447 8601
20450 204 972 1932 2021 4214 5874
20451 355 2887 4519 8155 9075 9440 9487 9936
20452 1660 4682 5670 5792
20453 38 2546 4716 7135 9582
20454 511 519 1375 1566 2736 3265 5266
20455 2858 5003 9493 10466
20456 14 2264 8350 9471
20457 970 1075 4453 4667 4987 5657 6656 7215 8096 10352 10360
20458 1496 2589 2608 2609 2689 5128 7145
20460 1979 8380 8731 8844
20461 1618 1941 6139 8140 9520 10377
20462 30 428 1568 1643 2811 3454 4198 4935 4936 5634 7417 8452 8989 9615 9723 10164 10344 10346 10596
20463 1769 4565 7742 9581
20464 583 588 2015 2046 8273
20465 1269 3964 5874 8343
20466 267 361 1617 8235
20467 7817 7823 8601 9240 9447 9712 9956 10060 10411 10532
20468 2115 3609 9380 9904 10452
20469 304 1177 5766 9529
20470 504 2162 2761 3000
20471 1740 5528 5536 5823 6124 7288
20472 1327 2150 4417 5460 5672 6414
20473 1065 5874 6825 8106
20475 4990 5721 6664 10066
20476 7649 8152 9622 10344
20477 1340 1404 7465 7485 8487
20478 147 777 1220 4786 5772
20479 953 5042 6119 8758 9782 10348
20480 24 1066 1178 1269 3689 6048 8103
20482 588 6905 7385 7807 8231 9907
20483 1568 4998 7934 9403
20484 361 1096 2207 2778 3346 5788
20485 1091 1999 2273 3445 4107
20486 472 4263 6276 8969 9792 10364
20487 253 767 1255 1568 1662 1846 1894 2143 2293 2391 2615 3249 3794 4331 4671 5014 5338 5543 5549 5666 5775 5929 6664 7720 8678 9398
20488 511 1177 1205 2094 6076 6655 7179 9239
20492 929 2784 7807 9387
20493 352 1235 3866 5778 6049
20494 6527 6539 6601 8778
20495 707 1331 1721 6701 7461 8436 8536 9139
20496 253 6746 8117 9593
20497 2080 2983 3342 8737
20498 707 1132 1329 1331
20499 707 1329 3340 4863 6782
20500 1878 2046 4014 8555
20501 2734 6876 8136 8981
20502 1340 1568 1868 5460
20503 455 4020 7376 7515 8665
20504 529 2052 2567 3927 4700 4830 6496 7078 7531 7534 7706 9275
20505 24 295 707 1246 1329 1331
20506 4059 8381 8499 8894
20507 149 204 5349 8579
20508 18 32 1666 7267 7987 8106 8303 10497
20509 348 2661 3000 10239
20510 1298 1446 1550 2049 2650 2793 3312 3657 4002 4134 4951 5156 5529 6220 7625 8037 8793 8921
20511 463 635 649 1174 2049 5867 6003 6760 9513 9634
20512 1239 1563 1955 4801 6358 7815
20513 6740 7402 8227 10379
20514 2046 4127 6423 7726 7991 8216 9172 9516
20515 328 645 7328 8848
20516 21 5532 8520 9749
20517 4719 4847 5179 9588
20518 161 183 569 1294 1340 2744 4565 5395 6307 7006 8207 9083 9151 9212 9214 9349 9363 9493
20519 1815 4316 4452 5747 7447
20520 641 5478 5920 8106
20521 538 1868 6003 9701
20522 271 1152 1655 5489 8271 8272
20523 7016 8375 10166 10555
20524 821 954 1978 5782
20525 1404 3249 3358 4249
20526 2443 2928 5300 6125 6665 7027 7053 7381 9102 9141 9311 9347 10053 10423 10496 10499
20527 541 1697 2400 4171
20528 437 1007 1403 1404 2323 2389 3903 5523 8379 9576
20530 351 1446 1868 3000 9188
20531 1308 3748 3944 9278
20532 707 1329 1330 1331 4961 5423
20533 2580 8225 8631 10450
20534 1899 3811 4693 5823
20535 76 707 982 1331 1721 2719 2815 3597 3704 3730 3956 5194 6356
20536 1340 3109 5947 7639 8105 8795
20537 569 1946 4014 7614
20538 2958 3085 8873 10120 10455
20540 707 1331 1711 1721
20541 1250 2800 4475 6376
20542 641 3621 8105 9124
20543 455 1314 1346 1568 1727 2047 4082 4198 5706 6278
20544 228 492 5632 8637
20545 100 361 455 641 1727 1728 2004 2070 2074 3754 5079 5823 6874 7619 9906
20546 169 2124 2145 3473 8575 8896
20547 1404 2264 2360 3905 8471
20548 2059 4350 5634 5837
20549 2842 4700 6701 7626 9142 9305
20550 208 2105 6194 6465 8034 8866
20551 149 5460 6108 6933 8642 8704
20552 2162 6081 9493 9991
20553 569 1157 1187 1231 1308 1868 2658 3949 8257 9508
20554 278 2047 9356 9471
20555 824 1508 4881 8129 8230
20556 1190 2766 7483 8389
20557 276 7577 9031 9095 9360 9685 9718
20558 583 588 2808 8273
20559 1177 1568 1746 1905 2766 5465 7376 8511
20560 408 1096 1568 2850 5780 6876 7054 7389 8145 8153 9113
20561 590 2483 2621 3615 4198
20562 36 119 1831 2059 3304 3640 10400
20563 4891 5990 6386 9695
20565 5423 6611 6740 10500
20566 2049 7041 9668 10259
20568 1177 1497 2035 4431
20569 4701 5991 9259 9451
20570 784 979 1641 4077 5720 7569
20571 6401 9498 9900 10429
20572 662 678 2598 2999 5338 6164 7289
20573 583 588 5318 8231
20574 1436 2044 2684 3249 3758 7402
20575 602 2178 2293 4198 4588 5460
20577 276 2983 5306 7618 8115 8563
20578 999 1061 2088 2982 3911 3912 3915
20579 5823 5871 10097 10120
20580 3932 5446 6546 7451 7627 8874
20581 1019 1721 2482 4753 5640 5721 5942 5984 6179 6360 6580 6642 6699 6774 7165 7175 8499 8843 8996 9261 9369
20582 1213 4214 7659 10445
20583 6391 8832 10033 10423
20584 149 204 2364 8353
20585 1666 5781 6275 6946 7849
20587 213 822 2321 5937
20588 36 1280 1710 3749 4214 4700 5171 5305 6958 10400
20589 467 7180 7935 8223
20591 3659 6729 8113 8745
20592 4048 4405 5466 7174 8103 8704
20593 2768 8132 8344 9039
20594 1568 2293 3925 4622
20595 2349 2766 4410 4532 5379 5962 6876 7168 7612
20596 149 2606 4108 6177 7972
20597 2173 7448 8388 9180 10344
20598 1666 4714 7504 9722 10053
20600 662 707 1329 1331 1721
20601 24 1283 1774 3707 3986 4198 5482 6152 7006 7144 7627 7685 7757
20602 18 7807 8697 9078 9481
20603 527 1664 2815 2841
20604 888 1340 2740 6388
20606 262 625 2463 2482 3258 3644 5055 5171 6219 6698 8207 9409 9587
20607 926 3890 7023 8216
20608 353 579 1138 2178
20610 501 1023 5907 6009
20611 707 1331 1721 10137
20612 149 204 359 1140 1340 1930 9277
20613 773 1186 1187 1888 2632 4113 4214 4851 5049 5054 5460 6002 7044 7925 9737 10473 10495
20614 707 1329 1331 1721
20615 211 520 1703 1704 3346 4013 4754 6712
20616 1844 2401 4475 4508 4878
20617 1249 6831 6884 9071
20618 707 1329 1721 2475
20619 1169 4433 6491 6593
20620 1656 2352 3830 6028 6421 9201
20621 999 1978 2407 2846 2892 8413
20622 101 9615 10185 10419
20623 211 583 8231 9749
20624 1239 2941 4062 8381
20625 294 1970 2877 4763 6896 7375
20626 5235 6163 8106 8415
20627 351 1308 2624 9529
20628 583 588 4405 8502
20629 1878 1938 2046 10440
20630 2523 2535 7817 7821 9386
20631 3826 5775 6311 6614
20632 519 4768 7344 9120 9277
20633 2043 2402 2579 5672 6712 7310
20634 44 3624 4615 4972
20635 362 586 1457 2178 6503
20636 1894 4667 8620 9600
20637 1281 2115 2145 4582 4650 4908 5460 5837 7819 8448 8718 9055 9246 9311 9984 10354 10411 10542
20638 24 538 579 2884 4621 6413 7878
20639 1177 3000 4214 6611
20640 1234 8620 8768 9114 9544 9553
20641 8513 9038 9337 10076 10118
20642 211 707 1329 1721
20643 118 253 538 584 1280 1951 2047 2144 2280 2650 2814 2845 2991 3318 3346 3859 3904 4240 5316 5353 5988 7484 7619 8231 8253 8807 9025 9139 9372 9656 10198
20645 641 1864 1959 2408 3080 5746 6324 6876 6982 7243 8610 8665 8698
20647 706 1098 2698 3924 4355 4768
20648 3074 3604 7693 7891
20650 211 1293 1329 1721 4988 6037
20651 195 662 721 1451 3318 3833
20652 606 1314 4532 6108
20653 205 1340 1868 2749 2751 5962 9906
20654 707 1041 1329 2677 8103 8902 9529 10578
20655 2336 3385 5650 10389
20656 1365 1427 1680 2536 2596 3735 3887 5378 5762 6623
20657 1727 4537 7900 9303
20658 1340 8106 9335 9941
20659 5475 6124 6332 7572 8602 8940
20660 741 2920 4546 6076 7659 8282
20662 1970 2377 3056 4315 5423 7773 9244
20663 355 1211 1893 2541 5738 8623
20664 228 1340 2592 4385 5823 6394 7180 8231 8375 8642 9001 9036 9352
20665 4014 7093 7438 7757
20666 2704 4667 8940 9493
20667 5339 5856 6589 6907 7054
20668 1293 1868 4830 5682 7123 8731
20671 1892 4134 4226 4869 5330 5966 10545
20673 195 4483 5851 8494
20674 1666 3149 4622 5281 7783 8392 9311
20675 6876 7376 9441 9702
20676 1096 3513 3721 4674 6222 7300 9542
20678 762 1014 1062 3427 7682 7775
20680 2730 3806 4700 4875
20681 24 1813 2766 2960 3646 5418 7092
20682 747 5379 8321 9189
20683 1023 2564 2681 4047 4754 5034 6048 6701 6958 10371 10533 10575
20685 1727 5460 7362 8288
20686 772 2992 6115 8103
20687 0 407 5136 5478 8116 9044
20688 305 1407 4407 7172
20689 1576 1932 5874 9883
20690 24 1281 1888 2352 3542 3609 3934 5582 6076 7509
20691 2042 2952 4271 5217
20692 630 707 1331 1576 2690 6180 7489
20693 5672 6429 7131 8765
20694 380 767 7607 10512
20695 157 158 851 1996
20696 24 4076 4404 10583
20697 2457 5602 9119 9149
20698 988 2154 2767 3204 3692
20699 583 588 1894 2621 5688 5721 8231
20701 583 588 667 1609 2555 2647 4635 6990
20702 624 2590 6002 10417
20703 3082 4331 7094 8115
20705 111 2162 2983 3290
20706 24 579 1294 6831
20707 1338 1443 2677 3937 4527 10027 10099
20708 674 4791 4792 4919
20709 606 650 1709 2801 3230 8298
20710 1055 3689 7777 8765
20711 707 1329 1331 5874
20712 260 1893 6498 7054 9650
20713 2457 2555 2579 5686 6468 7023 9045 9510
20714 1736 5211 5244 5464 5948 6122 6124 6353
20715 654 997 1666 3691 5177
20716 2068 8354 8795 10382
20717 149 176 583 588 1183 2191 4245 4565 5077 5557 5910 6307 6793 6904 7856 8481 8733 8738 9197 9355 9356 9806 10069
20718 1066 1088 1258 1394 1744 1849 1864 1891 1918 3938 4953 5863 7659 9668
20719 326 898 1873 4674
20720 1492 3558 5719 6278 7891 8695 9074 9313 9406
20721 1620 5874 7331 9662
20723 5642 5723 5966 10450
20724 1269 1813 7344 8481
20725 273 520 766 1193 4214 10060
20726 1329 1331 6005 7545 7689 9452 9875 10411
20727 643 1355 3688 4462 6028
20728 750 1113 2294 3077
20730 268 366 569 8106
20731 588 3754 8103 8231
20732 4821 7991 9052 10300
20733 654 787 985 10238
20734 24 747 5026 5416
20735 387 554 1531 1860 2302 2766 4663 5089 5460 6536 7997 8419
20736 118 139 1177 2591 3646 3691 4639
20737 35 5863 7136 7975
20738 350 520 727 1253 1578 5876 6112 6863 7314 7377 7484 9562 9798 9919
20739 3987 4351 4697 9014
20740 583 588 2689 8166 8337 8369
20741 2661 3782 4020 5656
20742 3619 3622 7936 10482
20743 629 5024 5721 6698
20744 1853 2587 6876 8207
20745 102 569 641 1177 2123 2476 6831
20746 204 635 1138 1987 4452 6743 7523
20747 707 1329 1331 1744 4700 7673 8106 8590
20748 149 204 351 1137 1727 5460
20749 583 588 2123 3346 4590 5257 5475 6364
20750 511 3889 5276 8103
20751 569 571 1331 1721 2193 2387
20752 2176 3926 4750 8036 8832 8846 9172 9182
20753 488 1368 2772 4698 5616 8162
20754 1133 1213 1595 5765
20756 1253 4994 7347 8471 8718
20757 302 600 3958 4830 8860
20758 719 2852 3471 4560 9662 10309
20760 351 1553 3615 9600
20761 141 165 492 696 771 1067 3094 3695 4020 4198 7374
20762 149 204 210 422 679 2498 2565 4070 4250 4251 4409 4446 4466 5265 5432 6933 7509 7659 7677 7818 8902 8961 9264
20763 1164 7147 7876 9982
20765 1489 3929 8503 9827
20766 350 606 707 1331 1721 1850 3543 6955 7145 7461 8271 10618
20767 273 274 362 953 1776 4547 6247 9489
20768 588 2051 5460 6049 8231 8625
20769 1977 2176 5782 8809
20770 727 4250 8043 8948 9485 9723
20771 264 1617 2848 6062
20772 125 2815 3588 7542
20773 1373 5657 6527 9562
20774 161 241 3747 3827
20775 4472 5146 5545 6199
20776 1329 1331 1721 3436 6076
20777 1558 2211 4233 4691 4869 5223 7017 8133 10360
20778 6124 7103 7196 8070
20779 149 204 2579 3297
20780 707 1150 1151 1329 1331
20781 422 579 1143 2766
20782 583 588 6514 8231
20783 149 204 961 6982
20784 299 6529 7523 8369
20785 7270 8873 9347 9631
20786 6719 7380 8813 8996
20787 1372 1531 6301 6494
20788 2300 4452 6905 8111 9542 9970
20789 1269 7484 9477 9849 10184
20790 715 1755 2659 7835
20791 668 872 2334 2403 3565 4563 6296
20792 86 591 707 1319 1329 1331 1457 1721 5901
20793 195 561 7083 8458
20794 1744 2944 3735 4125 7345 9775
20795 707 1329 1331 1346 1721 1930 3574 5848
20796 173 6699 8177 8490
20798 588 1256 2085 2178 2774 3758
20799 8813 10025 10047 10082
20800 554 715 1759 5721 7174 8471
20801 1743 2373 3675 6253 7062 7638
20802 2893 4020 7954 9870
20803 929 1174 3673 4261 6136 7168
20804 1932 3009 5056 7026
20805 8290 9188 9579 10239
20806 2102 2625 2774 3451
20807 173 2563 7215 8778
20808 5102 5686 6772 8640 8718 9218
20809 942 1342 1741 3999 6076 7665 8826 10479
20810 1249 1534 1894 5121
20811 6049 6740 9189 10511
20812 1446 3000 7205 10467
20813 593 4214 5874 7659 8719 8987
20814 585 2295 3513 4595
20815 149 204 423 652 775 845 1281 1432 1502 2268 2376 2815 3889 4187 10478
20816 2060 2079 2995 6948
20817 351 707 1087 1329 1331 1721 2850 3502 9944
20819 645 2696 3253 4357 4700 6009
20820 6701 6876 8315 9209
20821 4391 8448 8795 9952
20822 283 585 587 608 611 914 1057 1120 1376 1862 2307 3122 3869 4426 4477 4852 6167 6411 8857 8879
20823 147 681 909 1537 1539 2000 3580 3830 4355 5318
20824 420 722 2042 2847 3688 3708
20825 2876 3434 8455 10060
20827 2996 3976 4510 5553 6831 10123
20828 883 2800 4691 4912 5209 7313
20829 4475 5947 7558 9937
20830 420 1219 9180 9733
20831 2129 7049 7143 7519 9299 9303
20832 14 33 754 8098
20833 1213 3986 5144 6108 6989 7054 8303 8795 8813 9025
20834 1666 4638 4714 4974 5543 5709 7128
20835 36 569 641 1081 1105 1774 2879 2888 5657 7012 7070 8965 10145 10316
20836 565 10138 10148 10429 10507
20837 588 2364 5423 5433
20838 1727 1932 4198 6701
20840 1866 1878 2046 2555
20841 1245 4497 5885 6935 9322
20842 1893 2228 2695 7245 8231 8929 9079 10136
20843 190 2866 8483 9160 9487
20844 5747 7342 7424 8554 8640
20845 1246 1446 3972 7874
20846 1222 1340 1868 1941 5556 7795
20847 211 545 554 694 1327 1329 1331 1474 1721 2159 2222 2287 3519 3671 3792 4205 4582 5827
20848 70 2877 3796 5982 6404
20849 1569 1854 6941 8103
20850 149 261 835 1011 1932 2931
20851 6890 7721 8789 9493
20852 2186 2956 3385 3734 4787
20854 2257 5863 9380 10004 10120
20855 3519 3792 4085 6889
20857 5129 5284 6337 7387
20858 4198 5460 7962 8303
20859 721 2933 6019 8162 8228
20860 2162 2804 4628 6308
20861 1845 5997 7851 8873
20862 24 3707 5657 5837 8494
20864 277 2983 4157 4688 4914
20865 1191 2162 6076 7135
20867 3657 8444 8563 8578
20868 1375 8399 8446 9025
20869 1186 1187 5423 5874 6884
20870 318 319 587 956 3167 3190 3789 9837
20871 1710 2222 8033 8326
20872 381 1727 6653 8415 9240 10332
20873 988 5736 7375 9727
20874 1246 3000 3202 4858
20875 707 1329 1331 1394
20876 4214 4261 4875 7377
20877 3587 3607 6348 6448 8409 8413 8414 8526 8588 10300
20878 583 588 1480 2523 4349 5009 7663 8231 8696 9079
20879 662 1394 1704 5823 6163 6982 7036
20880 2555 6073 8551 10495
20881 662 5655 5927 6785 6959 7013 7471 7634 8711 8978 9489
20883 149 204 569 8227
20884 4784 4889 6577 8624
20885 381 707 1727 5604 6257 6393 9151 9166 9240 10317
20886 486 2144 3519 9339
20887 4091 5466 5858 10069
20890 204 782 3649 4896 5535 5716
20891 1174 1831 5802 8326 9005 9417
20892 14 450 3385 3811 6125
20894 1329 1331 1340 1394 1721 5672 5845 6440 8103
20895 1394 4472 5678 7498 8303 10143
20896 211 2375 3961 7976
20897 227 2123 2785 8554
20898 1154 5555 9447 9769
20899 707 1329 1568 1721 3269 6201
20901 4644 5189 7060 10517
20902 579 606 2042 3202 3735 3882 9380 9723
20903 7423 8327 9386 10298
20904 234 477 588 2836
20905 1451 6545 7107 7777 8221 9719
20907 249 1539 5674 8621
20909 1727 4198 4322 5250 5721 6796 7385 8236 8471 9543 10252 10253
20910 3000 3202 4214 9493
20911 183 569 571 706 1443 4261 5460 6131 7289 8309 9072 9102 10123
20912 3854 8792 8795 9032
20913 7964 9148 9386 9491
20914 438 439 520 1270 3456 4687 5829 6375 6605 7179 8106
20916 1926 2178 2695 4768 5648 6554 6555 6569 6618 6979
20917 2126 6332 6374 7245 7472
20918 5302 8376 8448 9160 9749
20919 641 1108 1142 1177 1329 1721 2677 3346 3728 4529 5724 6540 6801 7007 7336
20920 195 2854 4142 5825
20921 227 3604 4678 7793
20922 579 1892 4850 6546 8207 9857
20923 264 2856 3813 8219 8748 9346
20924 3269 4608 5400 5485 8103
20925 586 1874 3645 7347 8625
20926 201 2015 2734 3247 5360 5457 8795 10325
20929 36 951 2512 2958 4475 6677 6920 10282 10400
20930 207 707 1331 1721 4412 5665
20931 1310 5149 5642 10146
20932 5287 7402 9311 10424
20933 583 678 1196 6076 8768 9588 10567
20934 355 545 1330 3806 7419
20935 1893 2768 2885 8829
20936 2047 8566 9259 10395
20937 2565 2886 3202 3576 3609 4719
20938 1968 2627 4670 8844 8891
20939 7864 8400 8415 9898
20940 261 586 1932 4198 5823
20941 5721 8271 8714 10091
20942 2996 4597 6490 8494
20943 389 583 1144 1145 1331 1721 2243 2697 4156 6874 8105 8231 8642 8795 9906
20944 35 41 2480 2849 2856 2880 6976
20945 389 1914 2274 4687
20946 1711 2480 5295 7492
20947 2650 2983 4056 4349
20948 1864 2610 6545 7208 8625 9952 10495
20949 24 4537 6675 7687 8106 10334
20950 443 1314 1609 2000 2673 3502 3892 4193 4198 4203 4609 5606 6386 7211 7874
20951 511 1634 1854 3707 4698 7441
20953 1845 2795 3215 3375 5501 6803 7117 7423
20954 6501 9360 9733 9951
20955 365 651 1462 1826 2286 2690 2698 3204 3277 3409 3934 4140 4283 5637 5973 6015 6132 6163 6660 7937 9904
20956 8449 9989 10145 10316 10558
20958 583 4214 7484 8273
20960 125 692 1410 9861
20961 1610 4875 7054 7089
20962 997 1408 1617 2904
20963 1096 6460 7917 8650
20964 3091 4719 9129 9490
20965 707 1329 1721 7665
20966 261 707 1331 1721 2074 2837 2914 5954 9212 9975
20967 2255 6249 8977 10086
20968 1329 1331 4217 5346
20970 1727 3992 5031 7100
20971 423 2364 5650 6672 7891 8106 8986 9723
20972 2384 3216 3519 3792 4227 4741 5043 6762
20973 569 2253 2815 3925
20974 4174 4570 8556 9994
20975 409 1593 1974 2000 2993 6076 7006 7046
20977 583 2044 2530 8231
20978 2661 4893 6036 8112
20979 5349 6430 6831 7564
20980 614 848 2556 4646 4762 9450
20981 845 1340 1887 4339 5648 8836 9277
20982 1007 1894 2646 10239
20983 7376 7566 8795 9883
20984 635 1891 1893 2677 7162
20985 102 211 6989 7455 7841
20986 6537 8911 9231 9806
20987 2590 3749 5889 6740 7777 9655
20988 472 588 3844 4536 5079 5485
20989 355 649 2240 2340
20990 149 204 4477 4676
20991 1180 8388 9955 10523
20992 11 7657 7861 9148
20993 77 784 1067 1961 2090 3675 5851 8425 8795
20994 2928 4261 5984 7832 7833 8439
20995 1239 1568 2563 3202 3576 4584 8039
20996 181 354 1319 2590 3726 7934
20998 1394 1866 6043 8103
20999 210 1894 2483 8128
21000 3118 3874 3999 5328
21001 351 1241 2137 3455
21002 496 668 819 1002 1061 2534 2982 4790 4792 5758 8522
21003 2277 2555 2905 5660
21004 420 1219 5363 6739 9733
21006 706 1177 7639 7964 9276 9471 10483
21007 203 1259 1943 2837
21008 43 467 747 756 1321 1558 1734 1970 2463 5026 5507 7989 8135
21009 889 2068 4897 8684
21010 24 5672 5821 6522
21011 1096 1177 1893 4772 8103 8343
21012 357 583 1314 2110 2260 2936 4227 5485 6385 6394 7659 8103 8106 8119 8231
21013 1177 3607 4048 6363 7600 8040 8161 8626 10382 10411
21014 1673 2596 4770 5460 5809
21015 520 7622 7816 9297
21016 390 579 2053 4823 4990 5349 5371 6959
21017 891 1878 6193 6812 7273 8424 9005 9248
21018 1868 3859 4667 7927 7994 9564
21019 3644 4971 5212 7331
21020 569 583 5031 8231
21021 126 2489 2595 6839
21022 641 1727 3889 8106
21023 1973 3874 3887 4359 8103
21024 4349 4350 6518 8199
21025 2351 2583 2634 7047
21026 1054 1061 3006 5907 6122 10033
21027 642 757 1570 2053 2269 2295 2494 4537 4610 4667 4830 6323 7517 7928 8074
21028 922 957 4386 7234
21030 408 850 952 1394 4537
21032 814 4104 9694 10076 10118
21033 271 2118 4642 6436 7823 8819 8899 9363
21034 1101 1632 1726 7837
21035 1085 1974 3345 8381
21036 2753 5833 6336 6958
21037 579 2942 7822 8920 9456 9479 9490
21038 358 569 579 2541 6577 8162 9392
21039 376 378 379 6416
21042 2624 3730 5721 5949
21043 1584 2205 6699 9082
21044 1683 5300 7438 9151
21045 76 2105 4251 8106 8765 10171
21046 3691 6251 8162 8444
21047 259 444 519 523 605 606 626 628 635 636 919 1149 1154 1319 1340 1472 1478 1479 1494 1496 1497 1575 1581 1849 1868 1989 2614 2739 2744 2884 2944 3091 3628 3680 3728 3811 3968 4048 4687 4817 4915 4917 5197 5203 5540 5652 5723 5823 6111 6245 6429 6522 6546 6550 6554 6565 6577 6638 6642 6717 6822 7013 7104 7136 7222 7289 7396 7534 7604 7627 7792 7950 8049 8055 8127 8200 8329 8344 8503 8537 8559 8641 8687 8742 8834 8851 8944 8945 8978 9060 9160 9280 9370 9451 9556 9558 9559 9589 9683 9686 9712 9766 9888 9946 9982 10069 10096 10133 10338 10342 10391 10410
21048 666 672 2746 5910
21049 362 569 588 1152 2646 7442 8137
21050 381 1330 2000 5984
21051 6070 8390 8509 8665
21052 2117 2580 4351 8157
21053 633 1918 2047 5721
21054 10094 10306 10354 10411
21055 451 1429 1870 5038 7569
21056 389 662 2443 8106
21057 3390 5300 6151 8896
21058 579 2457 8084 8448 9492
21059 261 348 381 1149 2884 3318 3749
21060 3994 4992 5423 6958
21061 520 1498 3660 7006
21062 264 6613 6972 7402
21063 707 1329 1721 6554 8179
21064 569 1452 1496 1528 1831 3569 4700 6568 7380 8156
21065 238 3758 4686 10512
21066 7048 8290 8443 9823
21067 2118 2856 2926 3304 4096 5383 5491 6276
21068 30 1845 2416 3139 4698 5988 7417 8795 8807 9496
21069 586 1893 5911 7964 10545
21070 4214 5333 7817 9723
21071 1587 1894 2162 2704 6831 7692 8448
21072 478 2260 2815 7542
21074 50 61 4915 6525 6577 6593
21075 4198 7916 8592 9097
21077 6891 9444 9673 10239
21078 1617 1998 2014 2049 2122 2813 3416 3668 4299 4953 5691 5732 7910 8378 8693
21079 2424 4391 4757 5657 6374 6775 6809 7425 9189 10239
21080 707 1329 1331 1868 2114 4455 8303 8880 9025 9810
21081 208 1094 1099 1282 1346 1930 5396 5554 5642 7688 8880 9258
21082 545 1330 1710 2576 3622 5874 5914 6596
21084 1708 7402 8637 9493
21085 9 1200 2122 2753 5745 8045 9036 9806
21086 4974 5029 9485 9636
21087 5966 6522 6546 6562 6665 10003
21088 213 343 410 936 5379 7684
21089 9154 9268 9801 10348
21090 1577 4527 4948 6474
21091 2659 3707 3747 7617 8039 9335
21092 149 204 5349 9240
21093 311 945 2301 9905
21094 583 588 1754 8231
21095 1177 5392 5788 7211 9386
21096 351 1177 1399 1569 1813 1868 2555 4214 5503 5721
21097 707 1329 1331 1721
21098 1727 5721 6691 8505
21099 1094 2451 2729 4404
21100 1830 2503 3163 6892
21102 427 641 1346 2280 7080
21104 917 1994 1995 4844
21105 6614 8765 8946 9335
21106 2509 3766 7254 8918
21107 583 1082 4680 8231
21108 101 124 130 214 1552 1639 1970 2114 2541 2660 2861 2885 3245 3519 3792 3925 4344 4350 5728 5827 6028 6072
21109 750 818 1068 6452
21110 593 1340 1868 4172
21111 707 1329 1721 9883
21112 302 579 1346 1489 3346 3659 4821 5615 6229 6577 7336 7368 7524 7555 10155
21113 440 583 588 8231
21114 36 173 540 1955 2095 5672 5721 8751 9849 10400
21115 583 1329 1721 4616 8231 9139 9229 9380
21116 32 293 1159 1790 5812 8733 9363 9588
21117 1235 1262 1340 1868 2257
21119 2441 4700 7523 8987
21120 381 1727 4622 5604 5874 7376
21121 253 2973 2983 5112 7023 8448
21123 3109 4700 5178 5968
21124 1190 1340 1868 5141 5984 8207
21125 3982 6968 9001 10147
21126 707 1293 1329 1331
21127 1946 2454 2625 4058
21128 7125 8194 9446 10279
21129 1255 1727 7056 8413 10124 10583
21130 1666 2010 7697 10009
21131 7078 7284 8773 10074
21132 587 5627 7099 8354 9989
21133 1214 2886 9723 10239
21134 23 641 2053 2588
21136 4700 6333 6348 7908
21137 3094 8600 9677 10199
21138 381 1666 7208 9005 9148
21140 1940 1955 2730 5626 7669
21141 358 1041 3717 3964
21142 1329 1331 1721 1930 8815 9832
21143 540 2674 6342 6624
21145 4052 4557 7266 8103
21146 1340 1868 2320 9296
21147 707 1331 1721 6772 9493
21148 928 2844 5630 8237
21150 707 1329 1721 2046 2740 4836
21151 623 4009 4674 10432
21152 1531 1568 6990 8750
21153 583 588 1329 1331 1721 2481 3736 4545
21154 1299 5490 10185 10578
21155 276 1221 2856 8697
21156 18 34 149 203 204 569 583 588 2880 4440 6931 7619 8231 8420 9071
21157 1223 1454 2280 2739 4770 7161 8938 9832 9990 10074
21158 187 1979 2115 7054
21159 1301 6163 9128 9589
21160 587 1329 1331 1995 2960 4852 5493 7179 7668
21161 511 2534 3849 8374
21163 7001 7699 8103 8795
21164 316 898 2945 4470 9177
21165 1666 1955 2784 3877 4897 5160
21166 210 409 947 1073 1894 5874
21167 756 3082 4350 9781
21168 18 2747 7491 8679 8804 10377
21169 7160 8296 9440 9632
21170 211 1913 1927 3899 4602 5460 7885 7968 8979 9025 9569 10022
21171 1708 2861 8521 9663
21172 4405 4448 4859 8919
21173 210 1708 6775 7721 8789
21175 2565 7819 9386 9782 10452
21176 2121 6076 6889 7620 9227 10304
21177 420 1219 1263 1575
21178 1490 2124 4286 7491
21179 3330 6262 8106 8147
21180 1344 2042 2293 3453 3576 4055 4850 5851 6335 7006
21181 149 204 2338 4173 7376 9493 9782
21182 211 1914 2442 4298 6002
21183 151 175 305 381 538 1141 1340 1346 1347 1932 2696 3211 5553
21184 2766 4588 5586 5807 6363 9485
21185 3472 5178 6377 8106
21186 75 2121 2564 4584 5775 6533
21188 37 112 2859 3354 4487 6157
21189 1666 1857 2106 3491 4417 6268 8252 10124
21190 3982 5766 7212 8036 8162 8448 9099 9636
21192 149 975 1650 5984 7899 8456
21193 14 246 2414 2454 2650 5379 6421 6635 6674 7998 9431 10147
21194 1327 1573 1783 2621 2936 3830 3842 4440 5203 5416 6076 6157 6674 6956 8390
21195 865 913 917 5442 6103 8415
21196 801 862 1098 1099 1873 1975 2178 5696
21197 1727 2047 5984 6691
21200 8162 8634 9839 9914
21201 728 1671 1689 5008 6247
21202 707 1329 1721 9198
21203 707 1329 1721 2060
21204 659 1007 2671 2958
21205 538 1222 1893 2522 2936 3519 4758 5223 5721 7136
21206 519 520 579 706 10552
21207 7349 7366 9386 10354
21208 2292 5489 5734 6449 9998 10550
21209 2129 3646 4307 6698 7377 8207 9185
21210 1331 1526 1721 4700 5020 5460 8106
21211 176 1495 3758 3830
21213 1673 5418 6108 7289 7484 8499 9111 9588 10063 10578
21214 1446 4337 6299 7054 7489 8762
21215 211 349 1452 1529 4048 7689 8536
21216 621 3615 4584 7731
21217 3206 8625 9456 10575
21218 262 2127 2457 6931
21219 36 76 6739 10400
21220 1348 4280 4472 5038 5966
21221 5459 6545 8303 10044
21222 711 2145 5372 8618
21223 918 1101 5575 5763
21224 402 578 587 603
21225 662 4212 6659 8460
21226 668 1298 2391 2576 2942 5460 6494 6728
21227 780 7716 8944 9026
21228 2210 2907 4975 6918 8509
21229 1246 10106 10146 10583
21230 359 824 1133 9850
21231 1033 1637 2983 3704
21232 1280 5489 6079 9875 9919
21233 9887 10062 10137 10199
21234 490 616 655 707 813 1329 1331 1721 2125 2949
21235 1631 4361 5460 5478
21236 700 3199 4254 5536
21237 719 951 2119 2146 2617 2618 7133 7663
21238 4907 6344 6522 7765
21239 545 1213 2293 7034 7068 7668 8239 10606
21240 707 1721 4012 5743
21241 662 1394 2047 2112 2166 2286 2565 2867 2993 4335 4642 4654 5423 5672 6246 8103
21242 800 1081 1381 5508 5519 7690
21243 583 6984 7730 8201 8390
21244 952 1678 2457 4018 4877
21245 1191 1830 4479 5719 8763
21246 25 2812 4553 5972 6894 7052
21247 3619 5478 6991 7936 8228
21248 3551 4566 4771 4794 5746 5984 7500
21249 6094 6740 9163 10051
21250 56 707 1331 10410
21251 2147 2300 2360 3133 3641 5721 6664 8147
21252 240 1164 1177 2178
21253 8518 8519 9748 10361
21255 548 1727 2568 3502 5803
21257 3972 4401 6749 7373
21258 1178 1340 1868 4198 5644
21259 3796 5112 5510 9634
21260 1329 1331 1721 2590 3003 4934 5931 6200 6450 8795 9071
21261 354 560 4687 5672
21262 31 210 3830 5379
21263 1046 2046 3565 5294 5456 5736
21264 2384 3672 4779 4896
21265 1329 1331 1721 4830
21266 583 588 1246 9642
21267 799 832 1049 2058 2102 5413 5460 6148
21268 767 1421 3912 5984 8270 8856
21269 14 538 583 662 3319 4108 8231 8797 8929
21270 4072 4255 6904 10509
21271 56 149 204 745 767 2509 2621 3240 3424 4474 5657 5702 5863 9549 10239
21273 1574 5115 5559 5878
21274 1049 4684 9236 9462
21275 4545 5721 9139 9806 10139
21276 351 717 3302 3502
21277 707 1331 1721 1774 4466 9290
21278 149 204 588 706 1666 8231
21279 890 984 1076 4845
21280 160 588 4687 8231
21281 707 1331 1721 5570
21283 351 447 448 1178 1314 1773 2043 4156 4770 4796 5395 5907 6162 6876 8250
21284 389 662 2861 9223
21285 1894 7205 7987 10106
21286 587 1561 1633 6816 8444
21287 149 2715 3598 5460
21288 1722 2646 3090 3344
21290 43 1561 3778 4674 9088 10571
21292 311 5791 5948 9576
21293 511 569 706 1568 1569 1710 2614 3986 4465 4700 5031 5823 6108 7063 7576 8663 9277 9590 10050 10078 10368 10379 10526 10552
21294 1186 1187 1330 1399 1710 2123 4198
21295 583 588 3946 4175 4176 5747
21296 6125 6217 6827 10377
21297 7049 7142 7294 10098
21298 366 1568 1624 1764 1892 4348
21299 101 1666 2407 2646 3436 3587 8207 8208 8764 9791
21300 1868 2229 2694 2758 3035 3551 4198 5460 6804
21302 3565 3848 4289 4617
21303 2893 4171 4959 5822
21304 30 1446 5584 6401 6663 6999 8729 10496
21305 496 1075 3000 4020 4667
21306 569 3551 3728 5460 6565 8511
21307 2968 2969 5880 7237
21308 7435 8717 9406 10124
21309 24 707 1329 1331 4198
21310 3787 5748 8012 8013 9023
21311 204 1630 3249 5478 6804 7211 7851 9633
21312 24 34 840 1568 2843 3750 6458
21313 149 204 588 4511 8231 9923
21314 1346 1512 1888 2498 2594 3793 6412 8984
21315 355 381 1177 1330 1710 4686
21316 355 1394 3783 5362
21317 348 706 1355 5747 8642
21318 422 746 2257 3318 5925 8040 8236 8939 9054 9214 9487 9488 10313
21319 211 573 662 1222 4005 4259 5667 8271 8403 8961
21321 629 6822 8300 9324
21322 3156 3994 4719 5455 6101 8184
21323 154 472 1063 1329 1331 1567 1711 3956 4925 5460 5874 6271 6666 7454 9997
21324 437 2682 9529 10106
21325 381 538 5672 8289
21326 1625 1955 2550 6216
21327 246 1246 6118 9329
21328 381 1979 5947 7054 7205
21329 1464 2516 3996 4915 7386
21330 3599 4537 5617 6039
21331 839 2440 6937 8699 9523
21332 913 933 7021 8477
21333 427 3938 5349 5920 6876
21334 768 5736 10411 10481
21335 586 4357 8544 9288
21336 376 767 770 999 1007 2216
21337 874 6834 8651 9855
21338 708 1096 1605 5643 5676 5954
21339 4473 5984 6610 8004 8586
21341 2862 2894 7491 8875 9078 10322
21342 1469 2827 4472 9909
21343 579 641 1329 1331 3436 3988
21344 707 1314 1329 1331 1705 1721 4110
21345 1211 2590 4028 8558
21346 1358 3243 3776 9539
21347 1515 1932 2541 3774 3902 5489 6465
21348 2564 4881 5880 7103
21349 195 675 4048 8147
21350 1690 7390 8356 9612
21351 5471 5846 6262 8889
21352 2388 5164 5779 9733
21353 1000 1340 1342 1446 1779 1868 2820 3000 3707 6247 6840
21355 31 579 2541 3025 5984 7426 9046 9624
21357 289 641 1246 1340 1868 3346 3366 4198
21358 707 1329 1331 8555
21359 638 2259 3968 4640
21361 24 181 1340 6756
21362 629 4592 5628 8142 8743 9084 9453 10523
21363 407 714 865 913 2654 3445
21365 2679 7484 8530 9380
21366 3666 4284 9066 10238
21367 3000 7823 8874 10591
21368 381 1704 3135 7159 8106
21370 520 707 1331 1721
21371 412 4700 4862 6889
21373 175 1511 1833 3747 3750 4554
21374 3094 5686 5809 6414
21375 369 377 935 1727
21376 587 1387 1441 1862 4009 5147 6494 8415
21377 511 538 583 588
21378 1329 1331 1721 6546
21379 997 1012 1038 1316 4239 7828
21380 1481 1482 2768 4035 4200 5602 9456 9892
21382 1078 7954 9095 9870
21383 149 204 5765 7750
21384 707 1205 1291 3000 5648 5652 6701 6822 9329 9348 9485 9505 10131 10196 10300 10417 10488
21385 707 1329 1331 4198 7099
21387 1786 2511 2888 4974 6216
21388 569 583 2548 8231
21389 3072 3756 7486 8061 8230
21390 583 641 5178 8231
21391 361 641 1285 1346 3650 6666 7809 7997
21392 2616 4672 4942 5460 5941
21393 668 2046 9013 10065
21394 532 596 620 2555 4869
21395 155 349 351 569 641 662 808 1178 1421 1498 1894 1984 2592 3076 3317 3691 3889 4156 4252 4598 4601 5151 5175 5911 6076 6763 6808
21396 211 4649 4768 4860
21397 255 351 1023 5987
21398 1602 2521 3356 8103
21399 233 671 949 998 1046 1056 1787 2023 2369 2809 2959 3331 4289 5598 5880 5945 6268 7103 8728 8841 9723
21400 554 1597 4047 6641 7857 9079 9848
21401 200 701 1932 4198
21402 1383 7090 7097 9534
21403 107 203 678 706 718 2017 2746 5001 6310 6941 7289 7874 7935 8273 8310 8795 9588 10265
21404 260 444 459 707 1331 1721 5202 5367 9276 9883
21405 6496 6505 6709 6823 7376 7777
21406 4020 6905 8501 10145
21408 632 4214 5129 5194 8162 8338
21410 1662 2621 5566 7402
21411 1178 3683 4198 5460 6905
21412 2785 4830 8754 9832
21413 3717 6379 6486 7291 7823 8362
21414 20 2849 3598 6905 8578 9346
21415 579 1773 6985 7222
21416 1568 2590 5874 8598 8921
21417 757 767 1548 2685 3317 4126 5294 5571 6741 7572 8362 8881 10497
21418 1407 3197 3582 9806
21419 624 4654 7745 8326
21420 18 2494 2621 3332 4475 9493
21421 210 954 1421 1931 2958 3300 6526 6560 7145 7193
21422 282 2747 5984 6701 6985
21423 1152 3575 4219 8183
21424 208 1106 2861 4370 5186 5984 6767 8116
21426 318 324 801 1995 7300
21427 371 767 999 1834 2104 2831 3962 4526 4733 7569
21428 1246 3624 5229 5688
21429 1677 2240 2687 7121
21430 6447 6711 7306 8036 9047 9175 9919
21431 406 2644 2839 5631 7050 7268 10578
21433 1301 1980 4931 6985 8511 9157 9392
21434 1345 1711 2555 4048 5302 6076 6631 6947 7034 7283 7907 8004 8996 9175
21435 1148 1186 1187 5001 6522 6587 6773 7054 7099 8626
21436 427 2211 2423 2427 4743 5964 10239
21437 588 8103 8231 9036
21438 1329 1331 1721 6003
21439 427 520 1552 5437 8612 8797 8991 9215 9471 9581 10070
21440 579 6985 8162 8593
21441 139 1027 1252 1275 2601 7043
21443 35 472 2178 2766 3707 4719 4768 6522 6593 6605
21445 1162 4851 6545 9782
21446 261 344 520 1229 1320 1860 1932 2305 3645 4295 4770 4941 5385 5556 5721 5823 5901 5990 8106 8885
21447 352 6070 7166 7518 9529
21448 1190 1852 7028 7226
21449 1329 1331 1721 9155
21450 8128 8609 9529 10514
21451 381 707 1331 1721
21452 2884 4221 4700 5155 8162
21454 707 1329 1721 8106
21455 2937 7233 7937 8722
21456 6283 6451 6970 9029 9206 9662 10009 10184 10272
21457 225 1463 1732 4007 7295 8853
21459 707 1340 1721 1868
21460 3817 4695 8452 9446
21461 366 1178 4198 6985
21462 514 522 1005 1812 2911 3564 6744 9379
21463 376 451 470 2010 2982
21465 4869 4954 8520 8692 8800 8933 9272 9390
21466 651 2982 4012 10342
21467 34 2154 4475 5657 6876 8630 9345 9542
21468 511 579 1495 4028 6108
21470 210 469 1815 1959 2066 2657
21472 2811 3463 3468 4504 4951 9189 10082
21473 2635 7594 7706 8338
21474 381 2445 8465 9590
21475 7817 7818 8625 9775
21477 707 1329 1331 1721
21478 1274 4441 5688 9320
21479 1815 2598 3091 5955 6594 6979
21480 4599 4700 5527 7280
21481 1617 3085 6827 9885
21482 351 2845 4068 4809 4896 6606 7310 8371
21483 2075 2483 7491 10457
21484 16 95 151 215 247 725 768 900 1274 1276 1607 1878 1966 2162 3688 4070 4114 4526 4537 5830 5874 6277 6673 7609 7977 8303 8763 9160 10146
21485 4393 6095 6674 6820 9280
21486 23 1955 2443 4215 4261 4349 5820 6211 7833 8439 8498 8619 8729 9029 9350 9802 9912 10252 10291 10499
21488 6740 8449 9450 9615
21489 2391 4645 5619 6299 6315 8461 10482
21490 1905 2766 3780 3935 8183 8718
21491 36 102 6778 10400
21493 268 1177 5460 8505 9970
21494 6482 6554 7105 7145 7777 7779
21495 29 1290 4432 5814
21496 211 1066 4468 4768
21497 1666 3249 4745 5301
21498 347 884 972 1787 5902
21499 3928 5966 6468 6577 9813 9909
21500 1981 3707 7205 8549
21501 1001 1329 1331 1721 2483 3219 9370
21502 606 4703 6979 7078 8388 8417
21504 183 579 1595 3800 4214
21505 154 1967 4559 5672 7407 8552 9980
21506 548 662 2094 4452
21507 625 651 4554 7023 7671
21508 583 588 5555 9965
21509 1122 3749 5339 6424
21510 1001 1008 4243 6876 9124
21511 125 355 1611 4035 5002 7226 7242 7273 9072 10122
21512 1905 3935 8272 9240
21513 129 504 4838 5319 9177 9542
21514 123 388 390 1527
21515 210 1558 1830 5543 8232
21516 380 454 827 4389 5472 5609
21517 24 746 1651 3792 3961 5143 5393 5407 5491 6409 6753
21519 216 1773 4405 5545 5788 8162 9557 9742
21521 1446 6934 8113 9800
21522 24 351 1868 6001
21523 571 4768 5749 9057 9158
21524 392 6019 6940 9515
21525 358 1233 2781 5984 7795
21526 7 67 76 653 747 793 1029 1067 1796 2065 2068 2153 2351 3245 3816 3894 3924 4261 4280 4592 4638 4894 5305 6740 6926 7914 8039 8381
21527 4954 8290 9272 10102
21528 1710 4198 5369 5460
21529 569 1018 1576 1727 1868 2364
21530 583 588 1815 2586 5747 7360
21531 1808 6340 9442 9807
21532 5318 6276 7353 8935
21533 3809 4571 5648 8637
21534 9493 9661 9885 10420
21535 247 1914 1979 4990 5533 6299 8384
21536 4771 5383 5395 8919
21537 160 381 1727 1893 8039 8173 9924
21538 496 1316 3914 4120 4195 7232 7607 9172 9516
21539 2696 9153 9386 10409
21540 34 1488 2083 5863 7668 9306
21541 1446 1934 2589 7274
21542 757 2424 3423 3465
21544 1568 1727 8765 10489
21545 621 993 4391 5014 5489 6740 7028
21546 707 1331 1721 9240
21548 14 1181 1909 4897 6884
21550 18 1096 2555 3451
21551 5984 7952 8353 10515
21552 130 1496 2178 2782 6101 7195 8448 9025
21554 542 2047 2680 5721
21555 1568 4198 4665 6247 7565 7603 8434 8554
21556 583 593 833 1893 2658 4214 4532 4772 8231
21557 559 596 619 747 754 2457 2463 2813 3022 3802 5113 5263 5507 5562 8413 9320 9467 10023
21558 667 1285 1348 2214 8106
21559 305 1269 1568 4198
21560 5326 8078 8699 10051 10168
21561 2046 5293 8498 9183 9549 9588
21562 4993 5700 7030 10576
21563 8853 9356 9407 9493
21564 276 1297 2993 3839 4261 4417 4474 5797 6059 7500 8001 8078 8540
21565 1643 2661 5947 10339
21566 1142 1340 1405 1868 1979 3431 3494 6673 7022 8103 8663 8795 9084
21567 1791 2299 6465 8148 8303 8987 9025 9406
21568 2249 8067 8217 9227
21570 311 474 586 4391 7152
21571 157 158 476 10463
21572 1837 1838 1839 2989
21573 149 204 6817 9529 9754
21574 351 536 896 2507
21575 1346 2747 6003 6996
21576 743 6752 8448 10489
21577 586 707 1329 1331 3269 3841 5721 5765 6478 7346 8343 8481 10140
21578 353 579 1568 7024 9025
21579 3899 6696 9163 9600 10145 10492
21580 319 1674 3556 4369 6354
21581 569 1340 1868 5460
21582 8290 8378 8993 9716
21583 1778 2135 2661 2860
21585 600 1338 2183 4084
21586 1757 4129 5455 8007 8015 8471
21587 6498 6577 6581 6587
21588 3616 5460 5642 8286
21589 1394 2090 3707 6985
21591 251 866 1953 2358 2855 6327 7490 9537
21592 121 747 1255 7382 7383
21593 284 947 1004 7569
21594 3468 5366 7954 8378
21595 2547 5376 6886 7720 9386 10079 10533
21596 583 588 593 1346 1665 5379 5947 8231 10239
21597 351 1666 2991 4040 5543 8800 9312
21598 988 1007 1317 2329 3123 7424
21599 1831 2856 2877 6219 9988
21600 28 4481 4639 7169 8424 9733 10454
21602 707 1329 1721 4198
21603 276 4475 5270 6959 9101
21604 721 1282 1326 10257
21605 240 2558 2564 2659
21606 320 321 905 3178 4469 4847
21608 364 1871 2051 7935
21609 226 350 417 444 464 569 583 1199 2240 3722 4917 6152 6169 6603 8848 9005 9727 10174
21610 1696 3061 5974 9689
21611 707 1329 1331 1662 1721 1768 2711 2870 3431 6590
21612 2389 4103 4686 5606
21613 569 1568 3558 7022
21614 605 1150 1151 1446 3000 4758 5818 8055 8813 9240 9928 9946 10013
21615 2644 4194 4418 5641
21616 381 583 3105 8231
21617 580 707 1329 1331
21619 12 102 2154 2583
21620 5641 9102 9350 9962
21622 355 1178 2194 4099 4622 4830 5874 6699 7057 7970 9676 10142
21623 2576 6247 9380 10004 10140
21624 187 3300 4719 5863 9389
21625 2858 3000 4351 5797
21626 2621 4234 4528 6573 8002 8949 9493 9806
21627 932 1088 6615 7228
21628 4494 6537 8837 9210
21629 2906 3859 4089 9885
21630 5874 6168 6401 8293
21631 470 2589 3896 5058
21632 1340 5318 5721 6958 7937
21633 2043 2784 5641 8680
21634 371 2321 8330 10548
21635 6892 7797 7874 9493
21636 366 3143 7554 8704
21637 359 569 2548 5657 8547 8958 10371
21638 165 1066 1388 4797
21639 180 1523 1796 1815 4198
21640 1474 2341 4454 10382
21641 588 3352 5721 7652 8509 9481
21642 2095 4700 7823 8964
21643 366 1932 5460 9401
21644 1100 1858 8846 9951
21645 149 4106 6990 8415
21646 554 583 588 662 5151 8231
21647 358 2004 2110 8899
21648 706 2939 4434 9345
21650 2524 3615 5573 8139
21651 1219 1617 1841 4229 4475 5051 5982 6062 6328 8630 8652 9148 9541 9592 9987 9989 10476
21652 101 4632 4784 9592 10422
21654 773 825 874 1241 1266 4214 6334 7775 8136 9386
21655 1329 1331 1721 5839
21656 457 1582 7022 7335 9917
21657 1744 2114 2661 5223 8630
21658 1222 4883 8958 9485
21659 101 187 569 588 641 662 1727 3982 4069 4214 8106
21660 195 2922 3455 7836
21661 583 588 1736 8231 8963
21662 8343 9160 9487 10354
21664 1177 4253 5153 6969
21665 717 7492 9244 9489 9762
21666 569 583 588 2744
21667 6527 6577 6602 7262
21668 246 1705 1932 2801 3366 6876 7988 8259 9354 9355
21669 216 371 451 2383
21670 149 569 2835 4035
21671 1920 3717 6717 8409 8444 9887
21672 500 569 606 1574 1980 2265 2565 2580 2820 2823 3050 3576 4435 4475 4591 4719 5354 5554 6068 6567 6592 6775 6921 7018 7523 7616 8415 8511 9276 9334 9517 9785
21673 5863 7506 8620 9211
21674 3342 5365 6220 8126
21675 1446 2658 8704 9025
21676 213 369 568 819 995 1007 1834 2216 4387 4686 4718 5393 5438 9500 10512
21677 7357 8074 8136 8271
21679 419 2960 5441 5873
21681 5305 6440 7797 7887 8107 8411
21682 211 413 540 1493 2004 2240 2689 3212 4738 5482 5780 7316 8786
21683 581 788 799 4287
21684 917 2076 4833 8880
21685 651 1007 2646 8795
21686 2505 5369 7054 7667
21687 1222 1347 7841 9668 10330 10350
21688 5536 6536 6868 8717
21689 2300 4130 4859 4891
21690 1570 1946 4250 4334
21691 34 218 415 1868 2328 3457 6129 7569
21692 6674 7163 8424 8575 8721 10533
21693 1666 1858 2457 2856 6958 6985 7653 8303 9075 10279 10347
21694 24 211 707 1186 1329 1331 1354 1721 2089 3277 4198 5244 5807 5871 6805
21696 240 1152 4741 5607 7291 7697
21697 210 501 2279 4537 5642 6045 6070 6890 7063
21698 1658 4127 5338 6278 6341
21699 768 1852 4217 5586 6236 7190 7835 8178 10419
21701 583 588 2046 5336
21702 101 707 1331 1523 1721 4532 5948 8918
21703 166 941 2301 2596 5190 5467 5517 7723
21704 480 583 588 3906 5721 6433 10424
21705 381 520 569 1727 5460 7604 8920
21706 2758 4146 5236 6782
21707 4284 5415 8368 9929
21708 4850 7106 7138 7218 9326 10392
21709 6717 8185 9889 10155
21710 2565 2843 5672 5929 8625
21711 1048 2756 3403 4963 6486 6567 7487
21712 1692 2661 2849 4869 8498 9539 10373
21713 5807 6428 6435 6633 6677 7006 8162 9883
21714 2694 4006 5129 6230 8826 10404
21716 707 1329 1331 1488 1528 4211 5349 7799
21717 2079 4214 4741 5316
21719 319 1239 7737 7745 7839 8463 8763 8897 9293 9368 9857 9930 10099 10108
21720 409 1423 4510 5065 8360
21721 138 167 574 1892 2368 2828 3133 4214 8494 9908
21723 3950 4970 6830 9395
21724 24 583 588 1340 1773 1868 3986 4621 5322 6253 7022 7653 8873
21726 195 488 3576 3775
21727 1207 1932 5574 5984
21728 1894 2047 2784 5641 7663 8092 8470 9801 9907 10069 10353 10401 10519
21729 492 496 833 1853 2124 2876 6859 7901 8872
21730 707 1329 1331 1721
21731 873 1883 5348 7991
21732 1884 1894 3270 5226 7096
21733 3485 5617 5874 8986 9207 9569
21734 1222 2283 5909 6654 8231 8795 9296
21735 361 3844 5333 5863
21736 4862 5775 6258 9956
21737 3956 4700 7350 7423 7554 7659
21738 28 4691 5863 9885
21739 1940 3886 9450 9493
21740 1404 6494 7438 8103
21741 1306 3802 7750 8869
21742 42 4240 5904 10239
21744 2380 4783 7353 10504
21745 584 1327 2596 4246 5721 5922 7099 8106 8638 9861 10070
21746 2552 6663 6904 8571
21747 635 707 1329 1721 7695 8103
21748 662 1347 2042 2784
21749 273 274 8786 9490
21750 579 630 1252 2805 2933 3034 3729 4700 4779 5217 7356 7909
21752 6578 7559 9048 9136 9148 9577
21753 5197 6251 6491 7669
21755 112 2512 2520 6891
21756 205 437 1585 1711 1714 5341
21757 569 707 1329 1710 1721 4014
21758 10076 10101 10345 10476
21759 593 3135 4970 5604
21760 366 501 1149 2380 3683 3693 5874 6982 6985
21761 400 579 1307 1340 1843 1868 2377 6645 6681 9635
21762 354 2759 3505 5953
21763 564 1007 1332 4283 5456
21764 1740 2154 7982 8624
21765 407 1271 1675 3778 5623 6370 9403 10244
21766 1528 4896 9687 10236
21767 1287 1735 2965 3588 8192 8316 9386
21768 5129 7673 8795 9166
21769 247 2823 3576 3593 3955 4581 4719 6905 9050 10062
21770 862 914 1379 4674 9837
21771 154 579 1989 5144
21772 351 381 579 583 590 641 707 1177 1331 1340 1721 2240 6333 7078 7819 7986 8231 8448 9485 9659 9668 9782
21773 455 583 588 1526
21774 1813 6449 7743 10244
21775 455 1290 2457 2885 7692
21776 247 1383 1404 2598 5544 7056 8350 8388
21777 5324 5823 6034 6170 6242 7480 7770 7923
21778 974 986 1075 4180
21779 936 1446 5863 7721 8032 9493
21780 697 2793 2856 5072
21781 306 2207 2280 2409 2555 2621 2661 3576 4588 4663 6987
21782 772 2569 5281 6333 8702 9539
21783 707 1329 1721 6823
21784 1340 1868 5584 8278
21785 641 839 3707 5874
21786 445 2193 6004 8023
21787 320 407 768 858 862 913 1096 2451 2968 3061 3321 3513 3556 5246 5591 7402 7493 8072 8162 8846 8867 8939 9471 10047
21788 1387 1862 2533 4833 7402
21790 18 1329 1331 1721 6597 6833 7275 7491 8128 8194 8448
21791 173 1222 3436 3988 5604 7093 7211 9702
21792 1070 1893 2054 4762 4916 9792
21793 584 1394 6627 7080 7880
21794 707 1314 1331 1721
21795 6050 6322 6777 7491 8174
21796 0 928 2406 3904
21797 211 1497 2590 7136
21798 1893 5460 5998 9484 10039 10049
21800 1223 3709 6664 8106
21801 8679 9276 9423 10365
21802 437 6234 6665 6808
21804 23 118 203 210 305 589 1138 2105 2962 3857 5863 6392 8791
21805 75 7094 7807 8126
21806 1340 5721 6003 9893
21807 2145 2628 3304 3467 4660
21808 579 583 1611 1868 5307 8231
21809 77 118 1132 5379
21810 260 1329 1721 5874 7294 7346
21811 791 1229 6970 7111
21814 2103 4249 5536 7440
21815 583 2565 9471 10479
21816 420 2509 9159 9733
21818 579 583 588 3696 6429 7492
21819 92 2432 4137 4493 5647 7791
21820 381 6505 10366 10495
21821 351 707 1329 1721
21822 2779 2870 7788 9025
21823 641 3803 4198 4975 5642 5984 7131
21824 1559 7862 8380 8457
21825 301 668 995 1007 1316 1902 2507 4413 4923 7023 7682 8188
21826 4615 4740 5138 5295 5820
21827 1177 1915 3502 3813 5129 5214 5657
21828 305 408 1340 1666
21829 374 564 1347 4184 5006
21831 362 2195 3651 4335 5947 6119
21832 1659 1955 2576 2616 10411
21833 2882 4480 5194 5984 6611 10199
21834 28 101 533 5320
21835 1930 2590 5302 8103
21836 376 409 1005 1006
21837 165 511 579 7964
21838 6019 6513 9357 10078
21839 276 2162 6840 8223 9579
21841 1154 1446 1662 2555 2565 2823 3576 4432 8223 8828
21842 1633 6076 8711 9075
21843 591 4211 8103 8106
21845 5609 7961 9858 10146
21848 1067 1489 1666 1980 7163 9486
21849 261 1361 5740 7195
21850 1692 4486 6664 8922
21851 7759 8206 8795 9039
21852 1394 2492 3839 6009 8550 9571
21853 1252 2820 3609 3992 8886 9363
21854 2270 2884 8245 9327
21855 4968 5864 6573 10223
21856 545 675 729 922 936 1007 1094 1120 1407 1612 1614 3094 3197 4370 4824 6104 7070 9261
21857 499 1599 2846 5004
21858 707 1329 1331 1721
21859 588 591 1457 5914 7493 8231
21860 2413 9450 9481 10147
21862 908 1059 1074 8381
21863 339 588 641 1568 5899 5984
21864 583 588 595 4537 9481 10401
21865 1358 1709 2901 6812
21866 5313 7273 9615 10424
21867 707 1329 1721 3519 5302 8413 8971 9240
21868 3513 3734 5568 6167 6226 6249
21869 348 1340 1868 7964
21870 2000 2015 2460 3077 4307 9883
21871 1284 2565 3887 4506 6522 6540
21872 1340 1375 1529 1836 1868 2556 2744 4638 7288 8061
21873 649 707 1329 1331
21874 4435 4615 5929 9825
21875 102 1173 1786 2973 8523 9721
21876 913 7438 8857 8882
21877 75 579 2877 6276 6447 6550 7669 7815 9781
21878 4882 5571 6700 10460
21879 149 155 162 1472 1980 2300 6031 8795
21880 2819 3118 3381 3382 4014 6536
21881 561 2566 7687 8704 8722 9004 9791
21882 227 4942 4953 6576 8866
21883 4098 6070 8116 9653 10515
21884 1727 1932 2876 5937
21885 554 579 1084 5797
21886 359 1710 1911 2710 2763 6449
21887 1294 1595 8554 9883
21888 211 366 1177 1340 1868 5024 5080 6194 6676
21889 24 1246 1451 1457 1531 5049 5851 7215
21890 707 995 1329 1331 2985 3789
21892 1868 2590 6373 7491 8106 9446
21893 378 379 625 1126 2566 2843 3342 5460 7264
21894 78 1446 2511 2856 10200
21895 3326 4896 7118 9823 10411 10591
21896 299 305 1281 6766 7659
21897 173 348 2257 3698
21898 1330 1710 1928 7930
21899 2643 6125 7883 9493
21900 3558 5946 8887 9367 9638 9968
21901 707 1331 1340 1430 1492 1868 3091 4557 5614 6076 6572 7288 8713
21902 1177 3302 4616 8336 8587 8921
21903 134 767 1014 5065
21904 305 579 7777 8422
21905 354 1178 1243 4830
21907 3000 3886 8375 10423
21908 2655 4741 5043 5580
21909 945 1099 2178 2653 8621 9089
21910 193 440 441 684 1327 1771 1791 1829 1868 3254 3318 3578 3652 3681 3742 3752 3836 4310 4693 5921 6021 6107 6199 7222 8066
21911 1372 1439 2376 5022 5703 5746 6283 7072
21912 1177 1800 1893 5553
21913 1255 2525 3064 6494
21914 381 569 4198 5460 6782 8343 9186 10019
21915 1137 8754 9296 10143 10435
21916 914 1675 4665 4674 7163 9403
21917 2649 2983 4418 10274
21918 922 1007 2323 7616
21919 134 382 935 2923 4646
21920 38 2806 3686 4990
21921 630 1018 3968 4243
21922 2532 8343 9157 9363
21923 376 1423 3404 4417 5471 7250 7447 8075 8323 8555 8731 8997 9021 9125 10593
21924 1893 4438 5626 6004
21925 1329 1574 1721 4590 5723
21926 1843 2295 4359 8924
21927 2042 5831 6465 7521
21928 6611 7817 7819 8587
21929 313 315 1748 2363
21930 1330 1710 3269 5460 5482 8246
21931 19 20 24 7263
21932 3106 3779 5281 5302 5874 6889
21933 116 2295 2415 4214 6147 6359 6393 7612 7823 9005 9049
21934 769 780 1017 3016 4896 5389 6106 7569
21935 2047 3956 5478 6941
21936 211 3724 5484 6546 6603 7388 8555
21937 1018 6522 7423 9303
21938 65 1568 1727 1868 3104 3319 4198 5460
21939 139 1252 5808 6003 7819 8546 10584
21940 459 571 1501 1552 2047 2105 2312 2590 2689 4463 4532 4634 7059 7728 8586 9539
21942 922 1862 4356 7395
21943 2230 2255 2672 9524
21944 1769 1857 4122 6568 6621 7703
21945 583 588 1783 1813
21946 333 3830 5608 5984 8618 8785
21947 583 1568 1891 3803
21948 1881 2508 3495 3530
21949 2583 5821 7402 7750 7874 10239
21950 2270 3652 8270 8696 8902 9569
21951 1930 5915 6958 9972
21952 381 583 1460 1874 2766 5016 5252 5919 6534 6876 6982 7244 8465 8499 8766 9212 10556
21953 620 1374 3642 5621
21954 351 1300 1394 3645 4214
21955 376 1061 1374 1819 1893 6055 7023 10553
21957 4297 4796 7577 9023
21958 89 276 1652 2494 4964 5623 8078 8699 8731 8888 9592 10400
21959 2800 2801 4475 9005
21960 2983 7722 7940 8896
21961 746 1329 1331 1552 1721 2047 2095 2689 2719 3925 4215 4227 4349 4440 4442 6136 6214 6645 7054 7619 8207
21962 5984 8587 9223 9904
21963 765 1676 2205 2270 2530 2845 3986 4383 4705 5043 5128 5453 6762 6860 8106 8948 9244
21964 3724 7131 9160 9768
21966 1340 1868 1932 5460 6941
21967 468 2866 5225 6191
21968 1246 1643 2114 2121 5657 8375 8751 9000 9901 10115
21969 311 2654 7504 8366
21970 182 1446 1666 2114 2576 2632 2815 3206 4214 4782
21971 641 1351 3558 4087 4830 6008 7013 8103
21972 756 3342 5375 9167
21974 298 346 1595 4454 5281 7629
21975 1525 4726 7935 8480 9537
21977 1137 2214 2955 6429
21978 1695 3000 5657 8219 8751
21979 2850 8038 8944 9240
21980 5362 6476 6546 7959 8514
21981 1174 1459 2522 4062 4597 5156
21982 579 1862 4730 9025
21983 5740 6240 9414 10611
21984 1862 3178 3844 9177
21985 511 947 6027 9377
21987 1366 1427 3514 4097 5219 5384
21988 487 1693 2195 3588 3806 4421 4454 6240 7747 9919
21989 2207 3133 3139 6730
21990 19 2893 3554 6926
21991 1905 3935 10060 10257
21992 216 393 768 944 3331 5804
21993 2487 3467 6062 6679
21994 381 1314 2936 7054
21995 1024 1340 1727 1868 5794
21996 1666 4768 5910 5911 6818 10239
21997 2749 5984 6846 9043
21998 767 5294 8115 10059
21999 707 1329 1331 1711 1914 4634 8561
22000 276 351 2045 2746 4451 4944 6434 6846 8996 9031
22001 1838 1839 5746 6278
22003 707 1186 1331 1721
22004 10 2601 4219 8442
22005 1979 2019 2881 6301
22006 707 1331 1711 1721
22007 36 1314 6076 8044 10400
22008 352 528 5414 6247 6565 8632
22009 2046 5973 9488 10145
22010 350 351 1943 5142 7441 10552
22011 913 5478 6197 8665
22012 3757 5372 7169 7557 7559
22013 8034 8134 8415 9668
22015 1027 1783 4472 7709
22016 787 1866 2982 4665
22017 662 1178 1568 5911
22018 164 353 583 591 1703 2851 7660 9713
22019 5873 6363 7100 7131
22020 707 1331 1721 2442
22021 1727 1914 4678 5748 9154
22022 1423 8279 8651 9360 9716
22023 641 2720 3346 4655
22025 727 1498 2488 5757 7659 7676
22026 2661 2875 4396 4869 5678
22027 1419 1422 5376 6281
22028 211 1089 3792 5992
22029 374 409 523 668 689 695 2216
22030 3319 4504 7395 10494
22031 444 456 707 1329 1583 3454 3795 8444 10176 10419
22032 381 4475 5719 6108 10124
22033 3560 5043 5823 9743
22034 1497 1711 5556 5724
22035 1340 4452 5604 5672
22036 149 204 1932 6709
22037 8988 9403 10136 10619
22041 179 1223 3249 6278 10080
22042 1330 1710 1916 5292 7292 8591
22043 315 1605 5246 6788
22044 1150 1151 3726 6095
22045 707 1331 1721 7962
22046 583 593 2139 3417 8106 8231
22047 707 1329 1721 1796 3091
22048 583 584 588 593 654 3748 5460 8273
22049 1469 1666 2464 2827 4187 9323
22050 52 662 1340 3215 3588
22051 2982 3911 3913 3915
22052 408 2044 4171 4667 5932
22053 1404 7438 7609 10325
22055 715 1494 2547 3968 5914
22056 173 569 707 1329 1331 1355 1827 1909 2288 2457 3607
22057 5395 5672 6147 7123 8661 9063 9075 9416
22058 2240 6546 9590 10611
22059 77 583 588 1246 4869 8231
22061 569 1340 3109 6604 9635
22064 316 1104 5540 7264 7925
22065 629 1914 7773 8702 9959
22066 474 2024 2047 2654 5125 9453 9623
22067 25 2555 2704 2719 4768 8515
22068 507 1239 3082 4959 6216 7306
22069 5631 6545 7054 8978
22070 359 569 1329 1331 1721 3000 7275 9441
22071 5460 5916 8033 9240
22072 1673 2658 2690 2768 3277
22073 235 2150 3043 6200
22074 579 629 707 1331 1721 3811 4607 6546 6565 6620
22075 7587 8375 9961 10555
22076 785 1642 1647 1713 3541 7905
22077 2300 4455 4584 5929 7834 8084 8714 8786 9329 10375
22078 2163 3000 3757 9346
22079 589 5721 7180 8231 9869
22080 3618 5478 6985 6998 8654 8658
22081 511 1913 5109 6140 8503 8718
22082 1522 3869 4477 5238 5498 6647
22083 75 549 833 928 1229 1246 2853 3486 3558 4020 4410 4645 5395 5823 5932 8012 8497 8573 8761
22085 2846 3919 9020 10252
22086 3346 4280 6985 9275
22087 7212 7602 8115 9167
22088 2390 3859 6349 7954
22089 215 604 8415 9951
22090 0 805 2661 4386 6927 9493
22091 381 707 1331 1721 4020 9005
22094 1467 7820 9537 10029
22095 2992 3780 4797 10452
22096 124 6894 7237 9550
22097 5873 8379 8434 10260
22098 2033 2582 4512 4700 5817 6375 8300 8829
22099 149 204 1410 4711
22100 5794 6554 6978 8555
22101 2488 2565 7883 8819 10354
22102 380 997 1038 1500 2222 7023 7816 7930
22103 3747 5219 9259 9546
22104 3830 4198 5017 8609
22105 7819 8819 9386 10564
22106 455 1394 3100 5099 8106
22107 6743 9121 9275 10120
22108 173 953 1181 1463 2816 7006 8536 8773
22109 376 770 2000 3077
22110 1340 1868 2047 3372 3748 4570 6519 7454
22111 2478 6831 7578 7659 7687 7925
22112 214 942 986 1032 1332 1565
22113 215 641 1038 3079 4335 4972 5859 5904 7691 7862 9205
22114 25 707 1252 1282 1331 1721 2178 2274 4068 4446 4622 8390 9490 9768 10190
22115 392 1787 2862 8729
22116 274 6839 8207 8272
22117 707 1329 1721 2815 3691 4429 7600
22118 2414 4227 4741 5065 5334 5376 6664 9856
22119 1340 1346 1868 4590 8704 8795
22120 331 1469 1497 1893 5310 6503 6601 7370
22121 6804 7784 8555 8759
22122 3442 6674 7722 8316
22123 4546 7484 9054 9386
22124 6825 7880 7997 8991
22125 210 4868 5092 6775
22127 1355 5478 5820 6278
22128 1340 1868 2380 3436 6001 6979 8415 8524
22129 1239 1246 3333 3760
22130 7225 8388 8557 9721
22131 662 666 1457 6139
22132 4562 6860 6970 9127
22133 154 1568 5681 5871 6985
22134 1726 4432 6772 9003
22135 204 1340 1868 6276
22136 13 3730 4279 5001 6876 7435 7663 7833 8245 8786 9802 10032 10137 10241 10585
22137 1249 1371 4830 5657 5667 8494 9832 9885 10078
22138 588 1568 4198 8415 8481 10078
22139 3609 5302 6164 9386
22140 204 423 5460 8928
22141 351 569 4906 7110 8956
22142 1726 2162 7785 8751
22143 1617 2486 2490 4331 4354 6151 8095 9136 9148
22144 707 1331 1721 2260 2678
22145 1932 4768 7881 9832 10078
22146 1066 2364 6775 9450
22147 5807 7177 8394 9718 10064 10551
22148 1505 2148 3922 7600
22149 35 2815 8349 9228
22150 1592 5721 8786 8848
22151 142 1342 3927 9857
22152 2124 2430 2555 3368 4475 5657 6113 8103 10400
22153 328 620 5858 6031
22155 579 662 1666 8106 9218
22156 118 371 583 588 1833 2122 8381
22158 361 2030 4693 7104
22159 201 1727 3300 5478 5863 8637 9885
22160 806 1979 4801 5493
22161 2561 2565 2566 2602 3105 4906 5761 6715 8494 10362
22162 771 999 1016 2534
22163 102 494 1833 2811 8296
22164 2205 4896 5716 6860 7823 9054 9109
22165 1956 4615 7205 9995
22166 2486 3747 3880 4032 6329
22167 301 4114 5478 5707 6806
22168 4537 5460 8703 9423
22169 4700 6962 7458 9237
22170 1285 1979 4365 5746 6278 7837 7946
22171 201 583 588 1340 3132 4562 4851 5984 7356 7377 7773 7795 9240
22172 579 662 1773 8103
22173 4284 7096 7402 7883
22176 588 875 1683 3346
22177 2700 2701 3604 8103
22178 4700 5808 6889 7908
22179 5478 5746 8013 9210
22180 305 588 1314 9276
22181 1139 2214 3124 5824
22182 604 3556 4675 5984
22183 2046 2546 4580 9005
22184 2661 4218 4685 6926
22185 540 1568 2784 3000 5984 6876
22186 1569 2236 5129 5460
22187 583 588 1185 2047 2655 10124
22188 1113 2372 3556 6985
22189 43 3638 5787 8444
22190 40 1527 3051 8424 8563 10199
22191 3749 5678 7417 8677
22192 554 571 632 641 1169 1493 1654 1710 3717 5449 5823
22193 579 778 1937 2861 3643 6307 8872
22194 186 3858 5721 8616
22195 4570 6456 7931 8106
22196 2280 2376 4929 5077 7004 10310
22197 627 633 634 1492 4607 5642 5984 6842
22198 8278 8836 9355 9569 10394
22199 359 1774 2802 4391 5771 5862 6206
22200 305 3553 3554 3851
22201 2661 4482 7238 7815
22202 9885 10184 10299 10321 10352 10361 10408
22203 7706 8084 9200 10331
22204 1528 3672 9984 10155
22205 1153 1773 1855 4439 6087 7347 8065
22206 6905 7632 7672 9271
22207 839 891 1076 1966 2142 2160 2269 3666 4114 4129 4459 5799 5800 5801 6123 7609 7948 8172 8763 8963 10172 10566
22208 520 3707 4063 4589 6029 8106
22209 4655 4700 6943 7878 8105 9624
22210 2364 2521 7386 9885
22211 1868 7376 8795 9155
22212 3118 5964 7153 7498
22214 14 22 2457 7773 10496
22215 1329 1331 1721 4881 4983
22216 548 1568 2688 6985 8885 10253
22217 545 5863 6971 7289
22219 1446 2859 8498 9226
22220 472 1196 2180 5460 6124 6400 9294 9574
22221 769 2303 2377 4700 6048 6831 7204 7242 7909 8390
22222 5244 6247 6762 8272
22223 4537 4691 6216 7402
22224 2733 4020 7697 8794
22225 3999 6701 8012 9210
22226 2243 5290 5557 7962 8909
22227 2661 3000 7402 8368
22229 548 554 2440 10013
22230 986 988 1834 2391
22231 2567 3530 5180 5276 6766 8373
22233 359 874 1329 1331 1868 2766 4172 8959
22234 706 3346 7376 8563 9025 10200
22236 1330 1710 1921 6792
22237 707 1329 1331 1721
22238 697 947 1565 1645 9102 10495
22239 86 4700 6095 6333 8106 9490
22240 149 204 1269 3645 6962
22241 119 583 5460 8273
22242 2983 3000 5214 10533
22243 437 1340 1868 3189 5697 10432
22244 1597 6525 9543 10045
22245 412 515 6688 7491 8539
22246 1652 2546 2800 4350 5664 6276
22247 3463 4906 7176 9750
22248 2884 4174 5602 9290 9627 10500
22250 1258 2771 3297 4700 4862 5331
22251 36 2471 2546 4638 10400
22252 30 36 2546 10400
22253 2538 3156 4475 5535 8303 9401 9450 10550
22255 350 1340 1868 6311
22256 472 700 874 5395
22257 305 381 1712 1980 2668 3109
22258 2300 7264 7837 8401 9071 10337
22259 381 1469 2931 4063
22260 357 381 1178 4253 4589 5012
22261 2769 4452 5296 6515 7054 8400 8415 9443 9468 9481 9629 10059
22262 5105 6026 8586 10069
22263 511 1496 6242 7105 9041
22264 695 1089 7816 8527
22265 434 1057 8857 9552
22266 111 1437 4618 5822 7597
22267 4122 7609 9400 10238
22268 34 4405 5705 6991
22270 1666 1845 6961 7572
22271 183 1742 5140 7299
22272 206 719 3249 7417 8388 9356
22273 381 1329 1331 8625 10123
22274 763 2436 2696 3050 3865 4073 5535 6074 6307 6942 7341 9946
22275 1727 5874 7784 9903
22276 691 1531 2134 2576 2593 3300
22278 7692 7709 8786 9990
22279 550 6640 7627 9362
22280 1186 3973 5721 6377 6699 7126 7179
22281 520 1468 2590 6642 7078 7792 8536
22282 253 746 2565 2603 6013 8106 8556 9600
22283 321 1867 3513 5563
22284 24 35 260 381 1831 2931 3050 4770
22285 38 253 276 408 1246 1684 1732 2490 2856 3331 3839 3897 6062 7134 9226
22287 30 37 6051 7613 7843 8115 8424 9346
22288 381 579 3277 4014 6334
22289 1998 2804 4444 4475 4974 7160 8729 9148
22290 5776 6494 7497 7558
22291 5026 8201 9912 10501
22292 554 6701 6717 8338 10553
22293 1568 4198 5460 5871 7692
22294 5352 8879 9182 10592
22295 583 588 8231 8488
22296 34 2377 7216 10350
22297 24 583 588 5478 6641 7174 7971 8231 8413 8555
22298 4700 7763 9414 10092
22299 5666 7417 7464 8000 9726 9953 10147 10344
22301 1229 5535 5874 7964
22302 1942 2491 2632 2704 4700 9286
22303 154 958 1917 2709 4198 5662 8207 9601
22304 2029 6740 7398 7907
22305 99 3707 4198 4517
22306 707 1331 1576 4432 6247 7492
22307 209 2602 3105 4096 5570 5706 6690 6804 7971 8649 8671 8732
22308 1178 1783 2073 3752 5749 9329
22309 515 1293 1910 2361 4011 5576 7160 8103 10052
22310 251 1979 2295 6298
22311 1700 4214 5873 5987
22312 1329 1331 1721 5665
22313 507 2761 8800 8889
22314 1830 3049 8817 9493
22315 381 1577 2364 2614 8074 10505
22316 203 583 8273 8998
22317 1959 2178 7016 9681
22318 569 4700 5851 6019
22319 311 4576 4745 7438
22320 2949 3094 5932 6049 6894 8415 10239
22322 564 822 2010 3919
22323 5735 5914 7307 8017
22324 702 1887 3904 4746 5234 7104 7287
22326 2115 4719 5598 6494 8554 8679
22327 1708 2621 3000 3873 7402 10423
22329 14 1824 5375 7168
22330 18 167 988 1448 3318 4640 5134 5200 5788 6546 6583 7145 7273 7773 8212 8873
22331 4704 7613 8335 9800
22332 276 354 1617 1987 2497 3085 5180 6316 6433 7506 7977 7979 8150 8731 9076
22333 275 1742 6003 9243
22334 2672 3789 4673 6354 7434
22335 579 707 1329 1331
22336 716 1114 1115 3789 4838 9177
22337 662 1456 1783 1893
22338 2672 6278 6809 8880
22339 362 543 649 1874 8364 9525 9873
22340 1864 2292 3867 7223
22341 381 579 1213 2156 8343 8467 9025 9315 9574 10497
22342 1446 1466 2605 3802 4501
22344 1067 1191 2121 4288 5348
22345 264 2166 2675 2677 3875 3986 4307 4605 5843 8910 9380
22346 523 1666 1790 7078 10460
22347 1893 2000 2733 2860 3076 7944 10199
22348 86 5984 7376 7835 10278
22349 1156 3866 4203 8128
22350 1150 1151 5332 7935
22351 149 204 718 1096 1186 1704 1813 2837 3580 3841 3986 4563 4830
22352 149 1410 2115 2116
22353 768 951 1054 2576
22354 1340 1868 5478 8227
22355 1932 4719 8702 9723
22356 1280 4864 5212 5757 9782
22357 1383 1878 2160 2436 5455 6299
22358 2413 5656 6894 10041 10361
22359 4680 6894 8751 9205
22360 2114 3775 7065 8881
22361 3574 3588 3726 4350 4351 4618 5302 5812 6247 6935 7350
22363 183 630 1459 1472 1875 2747 3735 5985 6701 9792
22364 1783 3941 4010 7831
22365 32 76 5543 6191
22366 2323 2368 2472 2598
22367 470 5651 5915 9109 9589 10147
22368 588 1255 3688 3866 5001 5863 6269 8231 10423
22369 173 707 1329 1721 3986 5723 7566 8548 9072 9348
22370 707 1329 1331 2110 2237 10225
22371 1232 1853 2960 8231
22372 1155 4784 7402 7961
22373 1430 1901 2042 4456 4732 5746
22374 1404 1725 4405 9692 9883
22375 2190 7402 7699 9189 9615 10330 10483
22376 6324 6987 8665 8673
22377 2766 3051 3996 5687
22378 1007 2068 2391 5389 7569
22379 579 1727 1911 4597 7054 8304 9233
22380 1067 8033 8481 9074
22381 2162 2431 3782 4338 6729 9457
22382 1246 1346 3551 6003 7140 8751 9043 10239
22383 216 380 1401 5304
22384 103 546 1459 2049 4612 7366
22385 149 204 7160 7961
22386 369 380 568 999 1032 1333 1835 2923 3564 5472
22387 1727 2238 5349 8207 9240
22388 3139 5229 6162 6263 7783 8365
22389 507 583 588 2489 3132 4344 4488
22390 965 4068 5080 7501
22391 662 2398 7819 9723
22392 583 588 1932 7916
22393 1240 1857 4588 5030
22394 1932 2655 3519 3792 5379 7731 9268
22395 180 255 2074 2535
22396 6522 6565 6577 6822
22397 881 2328 8332 9361
22398 649 1641 2454 8947
22399 2565 2996 3204 3575
22400 118 351 359 4741 6383
22401 1111 2286 5460 7117 7423 7470
22402 102 2047 2590 3908
22404 362 2555 2590 4436 6534 7361
22405 662 1149 1868 3143 4622 6990 6991 7131
22406 2305 4768 5871 6743 7631 7884 8337 8610 10334
22407 2368 7025 9453 9908
22408 371 3949 4700 5902 7569
22409 1669 2335 4553 8800 9485
22410 1340 1868 6985 8106
22411 583 588 1330 4215 9200
22413 1249 1446 1662 2661
22414 1153 3541 4062 6740
22415 1652 1894 2127 2621 2769 4440
22416 1340 4320 6070 9630
22417 579 1502 4198 5174
22418 7976 8866 8951 10408
22419 1652 6137 8706 9383
22420 78 2581 2635 4744
22421 1010 4701 7438 9259 9707 10340
22422 232 578 946 1336 1507 1666 1856 2308 3122 3632 4246 5549 6627
22423 1220 1893 7215 9917
22424 216 707 1009 1268 1329 1331 1721 2114 2179 2534 2893 3393 4762 5460 5837 6095 6936 7569 7742 7765 8467 9279 9520 9581
22426 24 569 1568 6938
22427 1459 1496 1552 1569 4608 4827 8415
22429 24 186 191 273 274 1319 7289 10158
22430 2186 2595 4114 5066
22431 354 6958 7265 8921 9499
22432 24 1529 3864 4242
22433 149 204 338 1523 5460 6115 10239
22434 2766 3707 3884 4819
22435 654 2240 6509 9555 9588
22436 1618 1813 4280 8718
22437 306 5460 8718 9218
22438 585 1727 1816 10374
22439 4333 6557 8347 10590
22440 5624 6645 9042 9309
22441 791 2391 2674 7428
22442 2158 4784 5938 8795 10239
22443 276 824 1831 2509 3085 4171 7815 9685
22444 2947 4897 7181 8265
22445 1236 5155 9253 9386
22446 1111 4990 6610 9806
22447 2583 4557 5593 5747
22448 2108 4083 9425 10343
22449 4396 5164 5166 5363 6665 7048
22450 971 1284 2985 5478 9285
22451 583 588 903 1008 2613 3986 4796 5376 8231 8369 10079
22452 3538 4768 4797 5482 5721 5984
22453 361 444 1583 6699
22454 4027 6546 9476 9978
22455 1581 3617 3618 3619
22456 2843 3779 4046 9950
22457 368 2046 2949 2982 3569 7987
22460 583 1398 1459 4821 9139 9998
22461 6546 8039 8839 9139
22462 868 1002 2958 4944 4974
22463 759 1443 3521 4421 7561
22464 2860 4232 5982 6010
22465 1568 2259 5460 6513 9240 10006 10117
22466 2341 7493 8081 8729 8751 9386
22467 707 1331 1340 1868 9592
22468 1727 2815 3645 4198 4399 5874 6958 8684
22469 155 162 960 1097 1340 1727 2179 3704 5080 9442
22470 2283 5655 5686 9668
22471 1329 1331 1721 10536
22472 913 2383 2904 3321 3788 5472 10059
22473 5478 7813 8746 9216
22474 355 571 2214 4452 4768 4891 5672
22475 583 588 3948 10292
22476 6876 8105 9380 9487
22477 1016 4617 9955 10239
22478 6333 6348 6715 8823 9868
22479 399 554 707 1331 1478 1721 4431 8123
22480 413 441 707 775 1307 1329 1711 1721 1850 2205 4301 4683 4832 5161 7659
22481 583 586 588 593 1340 3645 5984 6089 7400
22482 1285 4407 6645 8382
22484 1536 2019 2285 2313 8103
22486 24 1079 6299 6407 6488 6795 8511 9154 9926
22487 751 1340 1709 2633 3648 7289 8137 10060
22488 583 588 6885 6886 8231
22489 757 2483 4020 6215
22490 408 1894 3000 4125 4127 4475 5761 6574 6582 7135 10498
22491 1340 1868 2159 3683
22492 455 654 1340 1570 1868 2631 5177 6950 7924 8278
22493 4048 4072 8593 10371
22494 4700 7819 7823 9745
22496 6946 9291 9526 10233
22497 766 2037 3033 6482 6577 9098 9386 9733
22498 6042 8350 10249 10340
22500 3986 5257 5874 8103
22501 569 583 588 707 1721 8278
22502 1067 2640 4280 4737 4784 9417
22503 195 571 1486 3436 3988 4197 5526 5765 6133
22504 359 5484 5920 8711
22505 204 2854 2993 7226 8103 9699
22506 583 588 653 662 678 1063 1209 2662
22507 351 1734 3580 5430
22508 569 583 588 590 4197 8231
22509 94 4734 7991 9067
22510 1414 1836 4331 5106 7816 10597
22511 75 76 77 3925 4399 6170
22512 376 451 771 989 1061 2534 7010
22513 412 3344 5545 6042 7397 7465 8338 8471 8617
22514 707 1329 1721 5535 5721
22515 5672 7830 8275 10390
22516 583 588 9213 9277
22517 579 5871 5968 6563 6667 9061
22518 352 3841 4622 5535 6429 6545 6569 7492 7777 8717 10078 10417
22519 4104 4350 7874 9679
22520 1255 4391 7402 9493
22521 1310 1542 6141 6299 7145 7924 9739 10049 10146
22522 361 583 1346 5361 8231 8936
22523 569 594 609 784 2008 2155 2306 3855 4126 5158 5516 5930 6741 7204 7652 8138 8950 10450
22524 477 2717 2889 4553
22525 1326 2854 5721 8278
22526 2661 4105 4783 5772 6147 7224
22527 1340 1868 4243 7917 7929 8919 9006
22528 1133 2555 5129 8456 9581
22529 1284 6051 9782 10166
22530 6124 6695 10085 10511
22531 24 538 2047 2481 2784 4517 4545 6076 6259 8197 8207 8715 10275
22532 1107 2811 4869 8934
22533 857 3869 5237 9177
22534 1893 2377 6699 8521
22535 538 5478 8250 8251
22536 6259 8356 8471 8711 9345 10031
22538 1394 1727 1813 5460 5604 6019 8975 9296 10143 10330
22539 720 1635 2877 4988 6837 7969
22541 1186 1187 3747 6259
22542 3762 4830 5001 7335 9240 9275
22543 233 332 369 568 2009 3132 4603 6744 7145 7824 8775
22544 381 472 1340 1868 2589 4214 6180 6381 6842 8536 9471 9621 10060 10145
22545 612 662 3634 6289 7563
22546 240 381 1932 2565 4693 5992
22547 1531 6620 7054 7145 9650
22548 2710 4834 5558 5721
22549 1595 1727 2777 2952 6699 8107 8522
22550 191 412 483 2192 4821 5043 5338 7508 7878 8071 8983
22551 73 2546 3607 5997
22552 359 1879 2621 9329 9850
22553 588 593 4438 5158 7656 10241
22554 1773 4738 4768 5721 6756 9931
22555 569 1222 1451 6076
22556 25 3754 5144 5419 5672 6373 7205 7216
22557 354 2567 9091 9240
22558 1019 1023 6959 7723 9290 9487 10500
22560 2590 3091 5828 9627
22561 6775 8614 9400 9436
22562 3409 7012 7500 9166 9202
22563 24 1666 4475 6050 6276 7558 7953 8886
22564 569 579 5874 9380
22565 1666 2124 2555 2861 4275 5657 7491 7773 8362 9100 9312 9932 10233
22566 183 529 1327 3758 4650
22567 6905 8439 9493 10111 10161 10285 10576
22568 3927 4622 5657 6247 9389 10007
22569 1232 1802 2207 2639 3094 3463
22573 707 1329 1721 2238
22574 2047 7833 7976 10585
22575 41 583 2893 6860 8273 8319 9139 9627
22576 6450 6924 8065 8136
22577 2512 5376 7991 9988 10079
22578 327 735 2273 6647
22579 18 173 1702 5018 5302 7005 7363 7377 8214 8226
22580 976 1757 6944 7513 7978
22581 703 1049 5478 5823
22582 1346 5478 5748 6324
22583 4207 5873 7022 9025
22584 124 228 4928 5212 6173
22585 1294 1597 5048 5869 6643 6698 7435 9558
22586 1178 1932 4589 5485
22587 1261 9012 9723 10325
22588 583 588 1340 1980
22589 583 4990 7400 8231
22590 4207 4253 4850 8278
22591 1117 1830 4779 7028
22592 1675 2278 2533 4105
22593 667 668 1285 1722 3637 6606 7816 8829
22594 1886 7691 7801 9265
22595 1340 1868 5460 5604 5947 7688
22596 299 1329 1331 1474 1721 2555
22597 169 2425 2856 4350 5728 6051 8424 10614
22598 569 3602 5746 9902
22599 2320 2766 5289 6546
22600 5812 7799 7823 8587 10331
22601 6021 6370 7129 8103 8384 9498
22602 389 2042 5490 8402
22603 353 1727 1868 6163 8384
22604 149 2016 2162 5318 8813 9549
22605 285 583 1569 3249 4139 4385 5634 7079 8276
22606 1862 4368 6731 9336
22608 6108 6373 6392 9049 9723 9952
22609 1177 1710 2178 5310 6816 7452 7783
22610 299 6403 6662 6970 7935 9025
22611 160 1301 1347 6038
22612 5763 6377 7054 8032
22613 211 718 7668 8958 9723 9782
22614 24 351 381 1222 1314 4156
22615 203 583 8043 8231 8704
22616 2259 5330 6387 8786
22617 175 2067 4322 4659 8650 9029
22618 569 1340 1868 4589
22619 1387 1862 1863 1867
22620 1822 4284 5805 8525
22621 667 2053 2317 6990 7093 8116 9459
22622 668 780 1408 1419
22623 5067 5262 5475 7311
22624 1066 1932 2842 4974 5029 8718
22625 1909 2801 2810 2879
22626 2866 3971 6949 7659
22627 229 1555 2364 3076
22628 569 1171 1186 1187 4297 8928
22629 1642 7869 8448 8498 10143
22630 538 590 1137 1566
22631 357 1329 1331 1340 1868 6846
22633 2853 4253 6611 6699 9441
22635 1340 2766 5721 9588
22636 588 2545 5837 6088
22638 1456 1922 2125 2188 2564 4700 4818
22639 1301 1824 3896 6247 7585 9901
22640 1727 1893 3133 5460 9386 9515 10411 10495
22641 138 4214 4463 5584 7401
22642 141 1423 3843 4460 8510 9716
22643 346 362 3994 6794 8315 9932
22644 569 1932 2260 2295 2312 5721 6299 7271
22645 34 747 2075 5313
22646 569 1868 5528 8106
22647 2013 3886 6113 9885
22648 311 1340 2960 4405 7418 8103
22649 37 38 3094 3095 4316 5972 6051 6220 8375 10498
22650 7402 9315 9346 9493
22651 361 7990 9506 9562
22652 253 8424 9486 9615
22653 569 579 4850 10276 10534
22654 569 662 1727 5823
22655 1780 2240 8799 10120
22656 1376 1378 2104 4391 5423 5575 7758 8471 9294 9527 9599 9793
22657 8198 9443 9583 10145
22658 1167 1523 2155 3735 3813 6666 7706 7789
22659 569 598 1346 3180 4127 5747 6481 9025 9148 9240
22661 591 2768 4741 4952 5460 6497 7818 10495
22662 24 211 579 1246 1780 1893 2028 2196 2253 2270 2542 2736 3417 4214 7689 8343 9297
22663 543 3691 6611 6699
22664 1624 5534 7023 8786
22665 35 2113 2843 4821
22666 1197 1330 1710 4243
22667 1855 3050 3051 4700 7188
22668 27 381 579 721 1548 1905 3645 3935 4125 5453 6152 6741 7886 8636 8718 8833 8835 8920 8944 10019 10268
22669 1395 1820 3938 4122
22670 1642 4243 6740 7096
22671 356 1946 3645 3904 6484
22672 569 2226 6701 7683
22673 2042 6757 8777 9668
22674 1666 2144 3813 6430 6566 10182
22675 571 583 588 8273
22676 2733 2860 4475 6645
22677 93 1932 4172 7376
22678 289 328 596 2483
22679 583 1355 2658 3938 8369
22680 110 2059 4974 5482 5932
22681 211 1111 2247 4988 8058 9455
22682 746 3248 4214 5446 5447 8636
22683 1255 1360 2812 4667 5075 7964 8601 8795 9174 9883
22684 528 707 1329 1721 4896 8921
22685 45 964 965 3486
22687 226 569 1552 6193
22688 2 1688 2824 3513 6384
22689 4687 6816 7137 8722
22690 24 706 1348 7915
22692 149 4696 5965 9906
22693 707 1329 1721 2876
22694 752 4677 7968 8105
22695 455 538 1149 8463 9240
22697 347 2446 3564 3919
22698 4422 5984 6982 7795
22699 348 511 2661 7004
22700 1016 1128 4125 5106
22701 588 7708 8231 8704
22702 407 2785 3770 9177
22704 24 569 641 1905 3935
22705 1255 1576 7987 8197 9100 9292 9440 9962 10499
22706 24 569 583 588 591 3003 8231
22707 707 1331 1721 2548
22708 414 520 579 707 1329 1331 7404
22709 149 542 1726 2689 5780
22710 6890 7163 7402 7883
22711 374 2504 2983 3079 5430 7569
22712 1104 3094 3223 5597 8088
22713 1665 4275 6182 9347
22714 588 746 1173 2961 5075 5535 6429 7492 8278 8481
22715 3908 5441 9659 10315
22716 1898 2154 4196 5475
22717 370 380 403 2534 2794
22718 293 1175 2156 6552
22719 5622 7446 7987 8940
22720 4967 7338 8111 9380
22721 154 216 2226 4702 7171 9773
22723 2026 5449 6259 7668 8353 9539 9583 9993
22724 560 3321 4576 5523
22725 166 961 1070 3035 4550 6397
22727 4198 7435 9296 9441
22728 583 589 717 1894 3624
22729 4768 6373 7006 7687 9417
22730 1301 8353 8381 9490 10145
22732 838 1740 5515 5604
22733 588 5535 8231 8520
22734 625 944 5066 6256 7302
22735 1149 1177 1346 2364 6640
22736 591 717 3352 8795
22737 2593 3707 5460 8103
22738 1375 4214 7823 9723
22739 2054 7673 8918 10206
22740 164 280 2211 2457 2715
22741 1478 6577 9324 9975
22742 5980 7570 8800 9885
22743 1568 5684 5688 7078
22745 2077 2859 7052 8452
22746 23 2539 3794 4006 5863 7179
22747 588 589 706 707 1329 1331 1442 1609 1721 3333 3390 7987 8231
22748 2485 5642 5706 7981
22749 588 1314 2689 4830 5016 5349 5874 6454 6981 7619 8231 8795
22750 1726 3091 4602 4603 5653 6959 7691 8511 8735 9425 9468
22751 204 354 641 5874 5966
22752 936 1222 1909 3904 6373 8737 10074
22753 1138 1780 2043 2536 4401 9346
22755 707 1329 1331 1721
22756 455 583 588 8231
22757 1727 2250 3558 5478
22758 951 3199 3975 7224
22760 583 1177 1243 10182
22761 1099 7374 7589 8563
22762 321 631 1007 1894 2293 2383 4136 4429 6808 8303 9885
22763 707 1331 1721 9680
22764 5954 7022 9491 9546 10477
22765 508 7940 8290 9800
22766 2164 8140 8297 8652
22767 1469 2590 5775 7964
22768 2624 5984 6743 6982
22770 211 4423 5701 9919
22771 141 378 999 2366 3427 6964 7569
22772 662 1097 6684 8938
22773 210 707 1331 1721 1830 2440 2650 3519 3792 4570 7548 8444 9493 9695 9825
22774 469 531 744 1528 3219 4350 4391 4632 4656 4889 5218 5315 6010 6514 6941 7076 7749 8511 8636 8640 8887 9277 9885 9903
22775 1404 4404 5083 8617
22776 362 579 4205 5079 5382
22777 6643 7931 10142 10197
22779 1676 2953 4214 4631
22780 8550 10006 10146 10171
22781 1133 3355 4809 5999
22782 2861 4971 5859 5904
22783 662 2293 7964 10196
22785 247 855 2585 7226
22786 210 3758 3866 5746
22787 2043 2907 8471 9044 10440
22788 164 355 2457 2854 2993 6989 7603
22789 374 1021 2366 2982 3427 8221 8279 8997
22790 542 4693 5424 6959 9951
22791 545 2635 5870 7513
22792 1826 2169 5955 9806
22794 76 206 361 4556 4925 5300
22795 166 1714 6033 6397 6825 7997
22796 1568 2254 3518 5077
22797 507 2508 2553 3404 4424 4976
22798 187 569 630 1177 1244 2187 4773 4779 5552 7925 8637 9256 9972
22799 4564 5823 8700 8731 8865 9188
22800 3247 4210 4214 5543 6889
22801 2778 5001 7059 7678 8718 8972 10015
22802 1193 1238 4582 4591 4906 5422 5672 7929 8103 9389 10105
22803 2884 3672 4611 9461 9489 9713
22804 6160 8103 8724 8926 9335 10411
22805 354 5478 5797 8665
22807 569 1222 1568 1666 2689 5746 8424 9589
22808 1329 1331 1373 4510 6468 9178
22809 415 658 780 825 1794 2550 4510 7292 7569 8188
22810 3588 4299 4462 4700 6073 8106
22811 3938 5820 6049 8807
22812 600 982 1096 2123
22813 497 1294 5460 8616
22814 569 579 6494 9174 9240
22815 1018 2364 10089 10259
22816 1727 3955 8486 8987
22817 641 1457 5249 5874 7376
22818 1625 2555 4869 5170 5693 6600 8448
22819 211 1191 1773 2015 4812 5313 6995 7339
22820 784 1239 1264 2007 7883 8836
22821 3249 7402 9468 9493
22822 381 1188 2259 2293 3032 5723 6260 7884 8704 8866 8909 9445
22823 80 2300 3486 6199
22824 42 3000 5657 7498
22825 1291 4784 7353 8016
22826 1446 3000 5689 9885
22827 1340 1868 7443 8106
22828 2109 2305 2560 3519 3792 4615 5761 6106 6616 8939 9590 9697 9723 9730 9958
22829 1888 4705 7909 9946
22830 353 4417 9493 10115
22831 156 159 391 707 1181 1329 1366 1518 1721 2122 4990
22832 24 293 3755 6808
22833 75 76 648 654 727 1099 3486 5994 8832 9952
22834 135 831 834 1040 1334
22835 210 1708 1940 3886
22837 2114 3371 6377 7799
22838 1419 1421 4475 6728 8342
22839 557 2583 3294 8078
22840 211 590 2590 2736 3625 4193 5526 6333
22841 1255 1650 2677 4988 5466
22842 569 1568 1727 4198
22843 253 746 1096 1328 1329 1721 1893 2049 2675 4700 5417 5929 6336 6674 8829 9655
22844 707 1329 1721 8010
22846 688 707 1187 1329 1721 2555 2771 4741 6165 7862 9199 9574
22847 422 424 4124 4472 5467
22848 1080 5300 7817 8692 9160 10331
22849 149 707 1331 1553 2815 2845
22850 569 1329 1331 1340 5604 7289 7659 7695
22851 583 588 2009 2815 3548 4306 8231 8273
22852 707 1331 4572 7937 8813 9701
22853 542 3333 5138 5904 6384
22854 588 707 1329 1331 1721 4182 8231 10292
22855 2838 5905 6937 8829
22856 210 1894 6040 9561
22857 5823 5871 7243 7692 8555 9885
22858 1223 1340 2047 2364 3020 3645 5397 5460
22859 7377 7823 8102 8830
22860 1329 1331 2020 2535 8959 9644
22861 479 1635 3858 5023
22862 275 6825 7997 9995
22863 2607 5586 8543 9335 9485
22865 1103 5460 7438 8718
22866 1096 4827 5601 8331
22867 2618 5982 6849 10239
22868 6580 6982 9166 10060
22870 558 2811 5761 7874
22871 579 1150 1151 4212 4214 4958 5302 9600
22872 696 975 1971 2661 7135
22873 5954 7667 10120 10478
22874 2769 7096 7464 8405
22875 4869 5490 5915 6876 8625 9491
22876 4020 9602 10014 10496
22877 355 1727 2085 9490
22878 1808 2914 2985 8749
22880 726 4677 6494 8415
22881 78 101 4350 5379
22882 8665 9349 10505 10520
22883 1869 2746 3346 6108 7659 9561
22884 1296 2649 4171 6409 6700
22885 1050 1666 1866 2507 10267
22886 24 1446 3000 5338
22887 123 1239 2980 8461
22888 181 1180 1666 3799 4940 5183 5948 6891 7815 8039 8494 9493 9847
22889 593 707 1331 1721
22890 2467 8128 8444 9615
22891 707 1329 1331 1721
22893 164 1878 4160 7467
22894 363 695 1041 1120 1927 2845 6108
22895 273 274 381 707 1331 1721 2736 2766
22896 1340 1868 2178 10023
22897 1137 1273 3672 3988 4537 4809
22898 583 2068 2742 2876 8106
22899 1097 4506 5081 9205
22900 569 3792 5338 5400 5424
22901 1177 4214 6856 7937 8207
22902 3056 8382 9104 9105 10424
22903 1955 3317 3975 6053
22904 2364 2578 4132 4133 4384 7051
22905 210 551 1708 1709 1970 2124 2178 3715 3894 5728 6812 6905 9035
22906 7428 8207 8409 9886
22907 86 2565 3576 4582 5100 7006
22908 2454 2682 9599 9605
22909 874 1239 2802 2861 3575 4475
22910 1893 2810 5535 5823 5873
22911 1655 6359 8448 9163 9816
22913 2560 3051 3795 5845 7238 7386 8229
22914 1375 7523 8717 8795
22915 678 5460 5654 8795
22916 569 743 1178 1300 1784 3276 8103
22917 18 7611 8988 10281
22920 5300 5537 5721 10336 10495
22921 1830 3866 4633 8375
22922 486 1727 3893 8704 9339
22923 183 1246 3958 5871 9110 9490 9906 10038
22924 42 4715 5972 8103 9025 9221 9450 9846
22925 3719 5984 7059 10292
22926 2293 3648 3701 6823 8434 8494 10452
22927 1252 3948 4981 6946
22928 187 4705 7548 7659
22929 1687 2658 5721 8471 9277 9979 10019
22931 69 623 1071 5837
22932 1340 1830 1868 8106
22933 812 1680 2226 4053 6138 7424 7891 9361
22934 653 1726 2024 2282
22935 1096 1340 4422 6807 7166
22936 149 204 8103 8497
22937 187 733 2933 3846
22938 187 707 1329 1721 8625 10495
22939 1694 4706 4918 8444
22940 639 9727 10479 10495
22942 2555 5686 7308 7415 8223
22943 1736 5084 9458 9740
22944 2448 2820 3076 3872 4649 7925 8499 8625
22945 43 4584 7627 8800 9159 10095
22946 173 305 591 1281 2947 3560
22947 37 4020 9493 10435
22949 378 997 1038 1039 2366 3427
22950 583 588 1574 4891
22951 1587 3519 3792 5984 5994 8499
22952 2522 2943 3992 5501
22953 2178 2300 4859 5536
22954 569 583 4619 8231
22955 1980 4098 5874 7799 9972 10482
22956 2150 5630 8220 9723
22957 1187 1857 1868 1905 2295 2746 3935 4589 5863 6546 7264 7313 8317 8844 9423 9488 10095
22959 1329 1721 7446 8264 8302 10499
22960 1329 1331 1721 2695
22961 2406 6699 8337 10253
22962 9 276 6082 6127 8106
22963 583 588 7883 8231
22964 2162 4508 7498 8806
22965 707 1329 1331 1721
22966 1576 1711 4300 5460
22967 787 882 886 1422
22968 18 195 274 309 605 630 744 843 844 1398 1456 1576 2018 2115 2150 2341 2343 2498 2541 2583 2838 2841 2845 2874 2942 3076 3091 3106 3269 3276 3454 3588 3672 3792 3800 3819 3822 4055 4700 4779 4841 5099 5152 5282 5300 5333 5371 5482 5530 5537 5839 6079 6087 6139 6333 6348 6742 6856 6943 7026 7103 7179 7341 7357 7363 7509 7547 7677 7684 7720 7823 7836 7909 7925 7966 7967 8042 8070 8361 8588 8718 8826 8902 9138 9139 9415 9440 9784 10204 10315 10337 10354 10464
22969 1459 1478 1492 2590
22970 14 579 1280 2293 5460 5604
22971 6460 9071 9072 10595
22972 1003 3000 6027 7012 7271 9885
22973 1421 1459 4604 5535
22974 707 1252 1329 1721 1774 4848
22975 1238 2409 7096 7110 7432 7930 8303 8625 9305 9418 10497
22976 149 204 662 1568 8272 9213
22977 1813 2920 5775 6943 8226 8847
22978 354 588 4147 6663 7634 8826 9607 10100
22979 362 412 707 1331 1482 1721 3519 3672 3792 7851
22980 2580 7509 8895 9109
22981 1340 1404 1815 1868
22982 4825 5335 6247 6699 9903
22983 2237 4537 7596 7626 8718 9054 9335 9946 10083
22984 579 5633 5672 8289 8554 8555 8749
22985 725 3202 4686 6200
22986 3385 3749 5330 7196
22987 96 210 1155 1156
22988 1779 5721 6196 8740
22989 2260 6577 6979 9139
22990 1407 5007 5075 6989
22991 1098 1246 1446 5840 7602 8223 10147
22992 4671 4869 7102 7122 7568 7618
22994 722 8413 8681 9464 9612
22998 5874 8162 8463 9641
22999 183 1635 5055 5479 5752 6949 8105 8694
23000 2939 5307 9329 10156 10247 10301 10608
23001 913 4394 6149 7409 10235
23002 101 4881 5378 5880 8303 9364 9709
23003 744 1469 6823 8362
23004 4802 5672 5871 7835
23005 2509 4465 8368 8583
23006 239 515 7116 7827
23007 365 2723 2804 5496 7823
23008 540 542 1178 4796
23009 7162 7554 7862 8278 8314
23010 861 1997 2533 8415
23012 2194 6860 8448 9412
23013 5846 5942 6299 7891
23014 1574 2364 10033 10556
23015 190 1327 4375 6547
23016 719 7133 7491 8194 8988 10404
23017 1239 1625 4350 5511 7941 10450
23018 579 583 588 1773 2178 8231
23019 381 928 1049 6002
23020 641 734 2025 2766 5035 5984
23021 3900 5460 6049 7351 8505
23022 579 1727 2564 2565 2820 2823 2886 3202 4072 4979 6212 6268 8598 8895 9883 10411
23023 1736 2558 4021 5292
23024 125 1394 2047 7976
23025 116 2685 2704 5851 8036 9583
23026 1791 4350 4744 5254
23027 711 991 1457 1620 2463 3091 4282 5671 5827 6450 7242 8124 8965 9200 9916
23028 7818 8939 9157 9386
23029 4918 7491 7636 8066 10407
23030 5556 6597 8761 8791
23031 520 1773 2105 4496 5274 8377
23032 1575 6522 6822 7242 9045
23033 1159 1429 1568 5416 5721
23034 6502 7672 8371 8589 9271
23035 1007 1722 4698 4700 6831 7600
23036 228 542 1446 1632 1894 2342 2344 3000 4557 4698 5570 5747 6253 7166 7181 7211 7425 7566 7685 7956 7964 8289 8919 9836
23037 1340 1868 9296 9761
23038 24 260 381 413 569 2036 2766 2886 4106 6003 6569 6618 7129 7263 7335 7835 8273 8625 9025 9151 9240 9276 9277 9589 10369 10370
23039 24 563 2675 3699 5041 9449
23040 9865 9928 10013 10570
23043 311 560 1816 6477 7438
23044 4072 5874 9435 10120
23045 1190 5721 6076 6831
23046 2427 2784 6058 7597
23047 1310 1765 5706 9509 9557
23048 319 928 2295 9052
23049 366 641 4035 7823 8987
23050 1830 2549 9189 9450 10584
23051 149 204 8918 9386
23052 204 583 588 8231
23053 6124 6914 7096 9932
23054 488 1480 1482 4123 5455 5980 6644 7292 7609 9878
23055 352 511 3722 4768 4979 5648 6672 8791 9885 10238
23056 1340 1868 10060 10480
23057 4317 4918 5565 7513
23058 7239 8581 9251 9615 9636
23059 588 6667 9158 9277
23060 9 34 1829 4349 8326
23061 882 921 926 1878 6027 7292 7726 10345
23062 36 722 1666 1955 3230 6914
23063 1868 4700 6717 7376
23064 1358 1743 5837 7897 8813
23065 53 6740 7402 8131
23066 2999 5278 9202 9215
23067 545 662 1200 1694 1913 1921 6989 9520
23068 373 730 1061 1589 2277 2534 2631 2888 3093 3564 3867 4288 4497 5804 6256 6274 8963 9000
23069 1246 1446 1610 3000 6625 6997
23070 532 2114 4764 6058 9025
23071 7250 7281 7475 9387
23072 1330 1710 3401 7620
23073 2815 3454 7786 8189
23075 1379 4676 4786 8159
23076 347 1007 5304 9262 9422 9688 10355
23078 361 678 8271 8613 8707 10069 10120
23079 2661 3202 7587 8737
23080 4974 7500 8498 8560
23081 1908 3904 4257 4337
23082 76 477 781 8103
23083 253 3919 4618 6860
23084 1007 2871 3741 5590 6130 6741
23085 1446 2511 2555 7999
23086 289 2555 5070 5712 6507 10457
23088 188 721 773 2542 3318 5914
23089 18 2125 2541 3110 4636 7257 9139
23090 38 107 2661 4064 4532 7768 8315 8731 8788
23091 2403 7891 8125 8823 9194 9690
23092 5169 7954 8575 8888
23093 583 588 4063 5300 6656 8273
23094 149 204 2677 3925
23095 3135 3346 4172 9005 9245 9246
23097 1791 2024 2377 3520
23098 1568 1669 4214 5721 6577 7823
23099 4456 5873 6038 9564
23100 1331 1711 1721 7745
23101 1886 2583 3043 5309 6239 10488
23102 453 1469 1497 4825 5874 7289
23103 538 3181 4952 5973
23104 154 569 1340 1747 2116 3904 4243 9722
23105 1855 4609 4915 7143
23106 3760 3830 6740 8388
23107 632 1342 2015 3864 6605 6619 6958
23108 639 1673 9903 10466
23109 4906 5535 5604 8975 9493 10311
23111 583 2457 2958 3645 6959 6990
23112 1618 6494 6576 8106 8919 9576
23113 4875 7236 7629 9768
23114 4105 4874 5277 10077
23115 1108 2661 9659 10411
23116 5374 5622 8375 8480 9673
23117 1726 5564 8902 9487
23118 2511 4972 8163 8234
23121 3279 3912 6620 8125
23122 707 1331 1721 9515
23124 1213 2777 5586 6389 7799 7817 8451 9485 9875 10290 10331 10552
23125 114 591 629 1793
23126 1727 2042 6715 7675 7776 8532
23127 8080 8718 9795 10500
23129 1177 1497 1711 7758
23130 4979 7094 7927 8233
23131 1280 2853 3906 9713
23132 101 6494 6810 7133 8444 9315 10345
23134 1727 4098 6501 7917
23135 727 1481 2036 2095
23136 402 585 1735 1862 6750 6956 9974
23137 620 2162 6700 7985
23138 420 3830 5166 9733
23140 173 292 353 361 632 8207 9783
23141 357 1268 1532 3017 4391 5551 5715 5967
23142 420 1186 1219 3987 9733
23143 381 641 1178 1213 1569 1860 2709 5721 6619 6620 6805
23144 707 1108 1329 1331
23145 5197 6989 7530 8813 9650
23146 1408 3569 7023 8865 10459
23147 444 4055 4073 5774 8567
23148 746 2555 5636 8325
23149 210 328 583 4990 8231
23150 322 913 4537 6607
23151 596 5451 8199 10355 10577
23152 381 707 1329 8986
23154 488 6324 7287 7832 8323
23155 1932 3483 5954 10556
23156 584 1781 7180 9331
23157 583 588 1177 1568 5604 8488
23158 167 2726 3219 6989 7564 7574 7737 9886
23159 482 2688 2737 2758
23160 583 588 5823 7656
23161 771 2958 6004 7991
23162 211 253 264 791 5565
23163 711 960 3855 4830 5173 5445
23164 381 1246 1446 3000 5584 6905
23165 1144 2280 3906 6195
23166 3842 7160 9615 10009 10215
23168 579 641 2283 5911 5984 5987 6002 8841
23169 765 3682 5460 6377 7908 9146 9529
23170 22 210 2980 5220 7956 8078 9005 9148
23171 537 1099 1751 4540 4541 4677 8786
23172 1186 1187 1727 3688 5655 6117 6212 6308 8551
23173 204 641 3505 4112
23174 668 1096 4644 10226
23175 2393 3859 5338 6115 6182 6956 8675
23176 4223 5536 7385 7999
23177 36 2065 2430 5671 5859 10400
23178 1246 2155 3894 6274 8277 9189
23179 1803 4514 8770 8873
23180 1868 5252 5378 5736 6831 9160
23181 381 388 1174 1860 2766 5672 5966 7347
23182 1251 3289 4474 6127
23183 784 1155 3652 5748 5984 9240
23184 1340 2373 4876 10007
23185 8353 8369 8759 9355
23186 149 1321 8795 9782
23187 436 2348 4094 8219 8350 10258
23188 857 862 2345 8103
23189 1568 4422 7576 7931 9329
23190 69 1347 1652 2511 2624 3707
23191 77 704 1067 1528 4697 4974
23192 437 2043 2071 4930 6440 6788 8617 8795 9168
23193 7423 7818 7822 8128 8587 9386
23194 2664 3927 4938 5000 5501 6164 7976 8773 9641
23195 339 1484 1893 2074 8717 9277 10540
23196 3010 5672 6625 7407
23197 2047 2347 5721 6931
23198 501 1669 2381 4575
23199 149 583 588 8231
23200 3089 3090 5573 7723
23201 2019 2563 3726 5009 7186 7699
23202 1568 4665 6985 8106 8424
23203 573 641 1019 1951 3798 4768 8094 8343 8727 10358
23204 25 678 7443 8887 9166
23205 2170 3903 7785 9546
23206 273 1811 1909 3719
23207 1894 2741 2858 6421
23208 583 588 5811 8231 8972 9900
23209 1330 1710 7376 9903
23210 1496 7136 7143 9719
23211 707 1170 1331 1721
23212 353 1329 1331 1721 4893 9275
23213 1340 1868 3906 8795
23215 190 204 2042 2838 2920 3717
23218 1953 2552 5460 5643
23219 768 835 2974 4121
23222 409 791 2887 5178
23223 36 214 276 515 669 767 1132 1249 2388 2902 2958 3120 3463 4324 5378 5823 7373 7569 8800 9471 10002 10400 10411
23224 6675 6982 7853 7858
23225 228 773 775 1676 2589 3588 4221 5501 9025
23226 455 1346 2123 4214
23227 234 8974 9025 9268
23228 1813 2095 4280 5651 9643
23229 30 47 53 635 739 1125 1492 1497 1643 1646 1832 2081 2286 3091 3955 5903 5984 6474 6642 7078 8124 10239
23230 1281 5302 6136 10292
23231 579 707 1329 1331
23232 2889 3347 4275 5782 7194
23233 1251 4504 9670 10052
23234 590 6067 7777 7935
23235 357 579 1177 1727 2845 9214 10198
23236 1535 5978 8325 8424
23237 538 5001 5863 7089 9128 9269
23238 42 2772 3163 3735 4453 4475 4945 5372 7815
23239 746 2026 2259 2633 2787 3742
23240 2094 9444 9582 9885
23241 554 1429 2831 3871 4686 10512
23242 305 339 485 824
23243 707 1329 1331 1721 3061
23244 4214 4723 8060 8895
23245 1736 4974 6345 6349
23246 707 1331 1633 2932 4848
23247 1711 1727 1932 4198 10071
23248 1451 2025 4443 6664
23249 101 8850 9240 9490
23250 511 591 1079 2047 2688 4214 6278 7054 10100 10179 10447
23251 707 1329 1331 3453
23252 478 1457 4060 6162
23253 1329 1721 5778 6985
23254 1329 1331 1721 2590
23256 589 590 4768 6981 6982 7078
23257 354 381 10373 10435
23258 6975 7147 7514 9064
23259 369 371 376 568 7569
23260 957 2983 9838 10429
23261 3609 5865 6740 10546
23262 408 641 1186 2089 2661 5460
23263 37 2511 7373 8342 8756
23264 6164 7571 9151 9380
23265 304 2509 2567 4629
23266 154 1186 1187 1215 3799 4014
23267 3347 6492 7310 7484 7874
23268 1671 1689 1947 2645 4378
23269 652 696 2352 3841 7402 9493
23270 274 638 1177 1330 1893 2538 3456 3672 4152 4869 4896 5535 5721 5906 6073 6225 7758 7925 8142 8207 8691
23271 2403 2405 5911 9392
23272 3454 3818 3819 5043 5082
23274 707 1329 1331 6076
23275 195 1150 1151 1300 2237 4705 4784 7205
23276 1007 1751 3094 8100
23277 4067 6076 7304 7659
23278 2059 6069 6945 8506
23279 5460 5874 6816 9491
23280 210 579 9885 10085
23281 5984 7489 8988 9025
23282 420 1219 4404 9733
23283 305 636 1478 3091 7136 8055 10019 10146
23284 2766 4472 5976 6900 7205 8494 8740
23285 412 588 1133 1346 5302 5739 7160 8194 8256 8258 8384 10125 10374
23286 955 974 2982 3710
23287 366 569 2300 5578 5721 6199 6278 6991 7857 7891 8011 8241 8669 8844 8919 9128 9174 9195 9542 9646 9944
23288 319 1995 4368 6411
23291 18 1446 2126 9025
23292 554 7489 9240 10135
23293 1740 2995 5422 8435
23294 5672 5911 6240 6545 7807 8039 8304 8337 8912 9025 9329 9529 9892 10540
23295 1568 1932 2047 5460
23296 1186 1726 2507 4768 8103
23297 422 2624 2716 4715
23298 673 3371 5915 6876
23299 2850 5235 7579 8415
23300 176 588 1984 4097 4694 8231
23301 1146 3346 5460 6212
23302 3123 5107 5987 8106
23303 400 697 1622 3054 3281 9005
23304 3558 4996 6091 8162 9714
23306 583 588 1360 10022
23307 70 118 1619 2423 2432 3776 7250 7476
23308 76 437 1249 7784
23309 569 707 1331 1340 1721 1868 6429 8501
23310 472 488 641 843 2105 2538 2746 3680 3681 5721 5946 6499 6831 7692 8106 8613 10295
23311 455 2416 4773 9329
23312 4038 8581 9821 10309
23313 1891 4265 6771 8754 8961 9290 9327
23314 8424 8428 8448 9380
23315 5460 5717 8103 9806
23316 3859 4784 7957 8027 8448 8652
23317 4345 5272 7160 10229 10420
23318 1331 1721 3240 5911 6079 7603 9435 10482
23319 1246 6514 7236 7402 9493
23321 945 3419 3421 7979
23322 354 707 1329 1331 1469 1721 2590
23323 713 1344 1473 4871 9045 9256
23324 571 588 9405 10078 10534
23325 896 5493 5673 9605
23326 149 206 583 588 1340 1868 2250 2706 5721 6377
23327 3177 4420 5460 7006
23328 253 276 756 3471 3859 4869 7803 9069
23329 210 5460 6775 7098
23330 2573 3487 5020 5617
23332 1666 2065 5083 8919
23333 936 1727 3223 4198 5604 7740
23334 2396 5233 8337 9310
23335 662 1710 1868 3707 7376
23336 2049 2801 5116 5153 5574 6958
23337 24 2109 2886 7937
23338 24 5296 8634 8947
23339 1726 8396 8424 9140
23340 28 2463 2862 10321
23341 279 2333 5553 7997
23342 4700 5080 9326 9928
23343 180 261 520 579 606 1314 2270 2735 4768 5174 5245 5586 5724 5788 6545 6876 7054 7296 7687 8162
23344 546 2765 2801 3331 3830 4350 5259 7306
23345 603 1868 5873 7887 8703 8975
23346 2343 2953 5535 6961 7385 8176
23347 3416 3796 3859 7808 9806
23348 1340 1868 2960 6782
23349 905 2740 6385 6875
23350 34 1619 2661 2886 3519 3792 7603 8285
23351 3000 4639 7498 9346
23352 583 588 4452 8231
23353 14 785 4533 8036
23354 587 700 859 1863 1867 3789
23355 1239 1285 3702 4214 5834 5984 6892 8325 9071 9074
23356 151 160 569 579 1310 2305 3754 4687 4830 5460 8318 9702 10348
23357 1293 3576 3609 8377 8399
23359 321 407 851 1110 1561 1862 1867 1994 1997 2186 2273 3774 4107 4674 7300
23360 2125 2815 4215 5446 5770 6121 6330 7874 9784
23361 24 353 381 2265 7678 8207 8231 9885
23363 5653 7817 9129 9932
23364 1246 1610 2868 3000
23366 101 469 569 1346 2114 3077 5642 8106
23367 654 848 2275 2277 2449 4722 5565 5609 5902 7682 9020 10147
23368 573 635 1460 1464 1492 1930 2047 2074 2758 3091 8106
23369 389 4700 5985 5987 6761 7678 9332 9386
23370 297 4214 6831 7612
23371 583 588 1256 8496
23372 569 1203 7333 8106 8610 8640 9277 10062
23373 387 2280 4829 7918
23374 1301 2023 2046 2088 2134 2391
23375 1096 1998 2300 3851 8450
23376 700 2993 3491 5742
23377 2070 5781 8939 9924
23378 413 706 707 1331 1721 1980 7245 8103 9005
23379 707 1329 1331 1721
23380 24 544 2596 3931 6014 6107 7085 7963 8704 8769 8949 9212 10444
23381 685 2388 2553 5972
23382 583 588 8988 9072 10479
23383 9784 10210 10484 10575
23385 1096 1813 2123 2239 2345 8106
23386 101 164 694 6259 7668
23387 1666 5688 6215 9751
23388 707 1329 1721 4198 6989 7242
23389 561 2364 4198 4472
23390 635 3704 4584 5657 7779
23391 34 67 7306 10533
23392 7477 8310 8690 9865
23393 2390 3467 3859 4869 5779 8648
23394 2051 8270 8840 9042
23395 554 2377 2758 5666
23396 14 1937 6343 9727
23397 155 162 5460 8718 9006
23398 569 662 1178 3091 3968 4824 6501 7131 7145 7380 8704
23399 847 848 1549 8360 8444
23400 707 1329 1721 4667
23401 19 20 1177 6162 8858
23402 1177 2240 5235 5316
23403 708 1614 2209 8472
23404 2327 4175 7838 9340
23405 1727 2406 3641 7054 7685 9814
23406 43 2588 2598 4407
23408 381 1340 5871 8106
23409 881 1722 5456 8495
23410 420 3846 7768 9733
23411 757 3688 5823 6722
23413 164 2749 4592 8341
23414 261 569 588 7586 8734
23415 511 1834 7667 8923 9052
23416 199 547 713 1576 4014 6247
23417 1157 1213 2260 7817
23418 511 538 1329 1331 1721
23419 3051 3749 4214 4906 6025 7261
23420 149 204 583 8103 8231
23421 3006 4893 5864 7290
23422 1831 5220 7448 8284 10110
23423 216 411 499 7569
23424 14 700 2692 9546
23425 1992 4879 8800 9205 9226
23426 1331 1721 3135 6122
23427 30 35 707 1329 1331 3987 4700 4830 5535 5640 6331 6816 6889 7828
23428 707 1329 2086 4831 5755 6598
23429 545 561 1710 2342 5807
23430 662 5138 6308 7952
23431 4687 5192 6628 10512
23432 594 707 1331 1568 1721 1727
23433 1125 4438 4797 8744
23435 545 6794 7068 7881 7947 8314
23436 511 575 1340 1868
23437 2167 2989 4405 5460 5545 7438
23438 4303 4601 10060 10590
23439 583 7376 8231 8795
23440 583 588 662 1157 1542 1868 2596 2766 2885 4214 4234 4483 5788 6079 6831 7638 7799 7817 7818 7822 7823 8162 8413 8587 8625 8707 9160 9380 9386 9546 9939 10056 10074 10331 10411
23441 1123 1446 2164 3867 4341 5683 6349 7029 7722 8525
23442 24 381 1159 2129 2740 5536 9661
23443 2427 3301 4503 4959 5693
23444 1711 1893 4537 6481
23445 241 707 1329 1721
23446 707 1167 1329 1331
23447 3575 7823 8784 9588
23448 3675 3851 7935 8102
23449 2555 5151 5855 8369
23450 376 2298 2334 7642
23451 59 970 1596 4334 4365 7228
23452 2261 3519 3792 3982 4537
23454 10 376 469 654 671 767 819 889 954 1408 2061 2104 2226 2310 2512 2981 3000 3912 4052 6318 6754 7225 7469 9261
23456 3302 3591 7054 9867
23457 841 1285 2918 7407 9049
23458 1666 3249 8039 9251
23461 1122 2046 4362 7832
23462 586 917 5545 5984 7162 7699 10138
23463 529 1282 6228 8099
23464 36 7168 7475 10400
23465 302 1178 6985 7441
23466 1528 4896 8625 9713
23467 529 4198 4687 7171
23468 412 3702 3899 4475 5460 9416 9636 10142
23469 228 248 554 2729 4073 4432 7957 8632 9721
23470 42 149 204 1868 1894 3519 3792 5220 7743 7874
23471 30 758 2546 8700
23472 4214 5208 8625 9329
23473 2661 6046 9550 9767
23474 4700 4858 7818 9488 9723
23475 118 356 4266 4384
23476 6904 9546 10249 10340
23477 1144 1281 1462 1597 2184 3135 3409 4571 4896 6225 6386 6889 7075 7520 7665 8937 10578
23478 2565 2930 3575 4719
23482 456 1325 3259 5126
23483 2996 4214 8569 9030
23484 588 2880 8231 8987
23485 4054 8349 8556 9798 9937
23486 2321 2328 5666 7824 7929 8511
23487 5173 6485 8561 9885
23489 4490 5672 5747 5901 5966 7054 7706
23490 319 1404 1959 3197 5545
23491 1108 1236 2845 4298 7303 7350
23492 968 1501 2300 10018
23493 3702 6488 8848 8854
23494 4209 6233 7462 8236 8444 9543
23495 240 532 2810 2856 4563
23496 4214 4711 6769 9932 10351
23497 7697 9320 9413 9493
23498 5578 5748 6363 8718 9392 9952
23499 36 4752 8236 10400
23500 139 711 4915 7195
23501 5478 6222 6593 7262 9165 9221
23502 2565 6982 7054 7673 10237 10583
23503 6496 7174 7471 8503
23504 236 407 604 858 910 913 1114 1115 1961 2230 3774 3789 4872
23506 348 351 520 1329 1331 1721 2178 5685
23507 381 586 844 1023 1331 1721 1830 3579 4214 4700 4719 5657 5929 6162 6816 7912 8684 9444
23508 351 1213 1495 2590 2766 3609 4584 4700 5580 5988 6333 6348 7612
23509 335 651 856 947 5117
23510 77 118 4768 6341 8554
23511 4440 6409 7383 7434
23512 1468 4719 5586 8810 9380 10062 10203 10276 10321
23513 117 2366 3427 5333
23514 357 1463 1489 1943 2660 2752 3277 4170 4253 5041 5489 6606 6762 6831 7226 8106 8506 9054 9398 10452
23515 2661 5846 7237 7376
23516 1079 3551 7567 8274
23517 2054 3921 5435 6982 7435
23518 3348 5778 6914 8606
23519 355 2314 7054 10284
23520 542 5019 7205 8804 9261
23521 1666 2067 3451 3747
23522 273 274 2260 2364 4421 8272
23523 176 422 2043 5397
23524 1137 4198 5460 5871 6235
23525 355 1932 3899 8029
23526 1941 2105 3653 8317
23527 156 1186 1187 1213 4809 5302 5929 5948 7659 8625
23528 407 917 2200 8509
23529 283 409 812 1294 4215 4532 8184 10515
23530 1076 6989 8528 8816
23532 1446 1643 1666 2512 3085 3423 4239 7153 7645
23534 18 1241 1353 2046 2284 2900 3120 4230 4700 6014 6466 6565 6945 7053 7430 7841 8414 8443 8755 9634
23535 649 1136 4925 5620 6095 8065 8133 8355
23536 1329 1331 1721 1932 3166 9883
23537 4322 4543 9105 9464
23538 367 1223 1269 4598 4931 5651
23539 4768 6108 8795 9212 10330
23540 2958 4195 5782 8356
23542 2262 4589 5984 6535 6815 8250 9281
23543 1560 1888 4723 5221
23544 612 1488 2964 3061 3090 5698 7289 7291
23545 651 1727 2942 2974 5333 5540 6121 6333 6429 6852 6884 7067 7160 7434 7484 8348 9713 10596
23546 554 1187 2776 5129
23547 641 1443 1489 2734 2744 3955 5441 6701 7054 8106 8717 8987 10534
23548 9296 9441 9982 10145
23549 78 1246 4432 7312
23550 272 5489 6333 7620 9055
23552 3297 5535 7347 8099
23553 707 1329 1721 1943
23554 254 994 1526 3672
23556 14 3094 8413 8598
23557 5085 5265 5536 5601
23558 579 1340 7069 7364 8373
23559 1340 1868 8369 9277
23560 389 2722 2960 6418
23561 4572 6959 10054 10194
23562 1659 5440 9331 10277
23563 1699 2650 2964 4562 5469 8084 9212 9703 9972
23564 56 165 1138 1238 1831 2704 2856 3672 4475
23565 1340 1727 2179 6905
23566 654 674 1876 2880 4646 5882 9118
23567 4198 5460 5938 8018
23568 591 7092 7823 9554 10354
23569 588 8231 9392 9897
23570 4349 8368 9481 9493 9663
23571 707 1329 1331 1721
23573 1568 4405 5117 8555
23574 711 2238 5245 8272
23575 584 587 708 861 2492 4020 5077 5104 6211 7080 7663 8415 8795
23576 707 1329 1721 2026
23577 1446 2661 6409 8366
23578 211 584 1666 2398 6532 8103
23579 34 4121 5932 6150 7671 7891 8494 10288
23580 149 204 351 365 3138 7925 8971 8981 9754
23581 211 413 1529 1983 2561 4896
23582 455 9790 10065 10239
23583 255 579 2455 2541 6522 6642 6772 7269 7579 8338 8416 8527 8626 9380 9542 9589 9590 9772 9872
23584 2113 2511 6855 7168
23585 181 1932 4198 5460
23586 14 195 561 2679 3454 4830 6626 6851 8625 8718 8921 9145 10331 10371 10452 10495
23587 4418 4542 7557 9124
23588 11 381 707 1329 1331 4455 4830 5358 6701
23589 1890 1963 1967 2160 2332 4559 4784 7721 9885
23590 2583 5278 7242 7818
23591 569 5874 8103 8740
23592 95 1662 1846 4665
23593 1446 6695 8498 8619
23594 710 2983 4516 5982 8867 9360
23595 1708 3000 5753 7308
23596 1340 1868 2265 5871
23598 588 1155 6299 7819 8368 8723 9310 9892
23600 707 1329 1331 1721
23601 569 1713 2380 2709
23603 160 2576 3346 5586
23604 2396 4687 5778 7093
23605 149 1928 5077 5823
23606 540 1666 9542 10117
23608 5394 5672 6677 8229 8324
23609 1139 8201 8369 8866 9944
23610 1954 1958 5886 6830 9983
23611 1329 1331 1721 3318 7846 8303
23612 35 5851 7294 8106 8481
23613 771 946 2178 3077
23614 414 4512 8444 9768 10411
23615 5601 7238 8305 9148
23616 253 947 986 4497 5438 5598
23617 5721 6831 6835 10546
23618 3628 5424 6070 8059
23619 5361 5984 7054 9416
23620 359 571 2194 8277
23621 1067 2224 2348 4859 8416
23622 579 2509 3240 3575 4948 5258 6741 7054 7103 7215 7266 8162 8338 9312 9380 9825 10533
23623 1711 3277 5604 5874
23624 1833 5319 8748 9401
23625 588 707 1222 1329 1331 1568 1721 7338 7610 8231 9296 9589
23626 96 583 588 8231
23627 355 362 7823 10303
23628 707 1329 1330 1331 1721 7668 7937
23629 305 662 4191 4326 5584 9527
23630 2014 4214 4259 9010
23631 371 376 380 2631 9751 10249
23632 5 2658 4830 10398
23633 2572 3022 7430 7432
23634 442 635 4524 5338 6344 9160 10598
23635 14 1708 7226 9903
23636 110 1219 1436 2044 4397 4551
23638 2153 3000 9347 9493
23639 430 3202 6341 7050 7983 8122 8546
23640 253 7851 7859 9952
23641 3779 4700 7706 7909 9723 9833
23642 584 6846 7813 8672 8838 10269
23644 2850 3889 4081 8106
23645 586 2454 6253 6456 7062 8549 10343
23646 36 38 797 2144 2661 2893 4667 4783 6174 7815 8935 10400 10533
23647 1150 1151 1868 2555
23648 702 4148 4294 6496
23649 4972 7134 8112 8525
23650 361 569 3653 6905 8317 9458
23651 1330 4869 7402 8239
23652 160 345 1178 5984 7159 8760
23653 675 1710 2566 5422 5837 6697 6981 8105 9481
23654 5305 7312 8028 9540 9670 9801 9876
23655 3652 3793 4726 5748 7832
23656 361 1340 1868 3076 3691 5172 8106
23657 149 593 1751 2624
23658 5748 6830 7849 7856 8704 8917
23659 203 6464 6794 7294
23660 4214 4700 7908 8207
23661 707 1178 1329 1721
23662 2378 3163 3201 6157 6312 9189
23663 2162 4667 4673 5762 8116 9629
23664 3618 4367 5570 6997 7849 7850 7891 8985 8986 9435
23665 1246 4020 5634 7276
23666 1780 2542 4203 7523
23667 2032 2132 2194 2237 4243 4409 5144 6108 6755 10131 10452
23668 308 583 588 1727 2457 4012 5280 5460 6016 8273 8606
23669 3481 8481 9110 9375 9429
23670 297 381 1188 1634 1676 1943 4627 5984 6247 6930 7377 9066 9386 9875
23672 1340 1868 3665 9043
23673 1459 4349 4602 4603 6701 6889
23674 569 588 641 8105
23677 32 118 130 440 707 1076 1329 1331 1468 1495 1554 1721 1758 1936 2162 2800 2860 2862 2875 3111 3809 3972 4181 5683 5690 6051 7065 8284 8314
23678 2269 4154 6664 9668
23679 204 3545 4842 5179 5746 6476 6756 6823 6959 7142 7145 7217 8524 8559 8636 9485 9508 9774 10044 10181
23680 586 2591 3318 5602 7604
23681 6013 7619 9375 10532
23682 4613 8350 8471 10572
23683 90 1107 3813 4350 8905
23684 36 149 204 485 511 569 1464 5652 5807 5851 7708 9975 10400
23685 437 560 1405 3582
23686 25 707 1280 1331 1721
23687 2555 3576 6919 7616
23688 538 3730 3887 8718
23689 588 1428 1527 1767 2178 10365
23690 8873 9947 10024 10237
23691 0 25 340 1727 1989 3000 5101 8522 10239
23692 511 1566 4652 7245
23693 3747 4507 4537 8296
23694 668 4122 7928 7982
23695 190 195 207 253 357 7484 9543 10031 10032 10060 10089 10137
23696 422 1199 1285 5942 9956
23697 193 2125 2349 2840 2922 3057
23698 3621 3622 4728 7544 7813 9307
23699 354 358 576 583 588 646 662 1177 1346 1733 1993 2936 6247 6899 8103 8231 8343
23700 197 354 622 1150 1677 2647
23701 6974 7935 8978 9144 10531
23702 583 586 588 8231
23703 548 1152 1568 2607 4048 4948 5688 6162 7376 9481
23704 321 603 1113 8415
23705 381 1568 4198 5460 7616 8755 9296 10060 10199
23706 965 1329 1331 1394 2046 2300 2536 2960 3463 3632 5728 5973 8065 8922 9449 9493
23707 1329 1331 8616 9485
23708 77 459 486 571 583 707 782 1329 1550 1721 2704 6394 6926 8231 8902 9339
23709 1932 8511 9157 9689
23710 1340 1709 1868 7381 8922 9618
23711 1013 6725 8576 10266
23712 351 352 486 9339
23713 598 4070 5236 7523 8795 9585 10069
23714 2815 3000 4475 4591 5820 8499 10223
23715 538 579 944 1340 1868 6377
23716 14 1299 1666 1678 1915 2122 2555 3000 3163 3451 5356 6049 8448 8940 9148 9989 10450
23717 195 707 1329 1331 1340 1868 3982 4727 5741 6673
23718 118 1534 1861 2818 7569
23719 583 1634 5378 5994 8173
23720 590 4700 5460 6606 7178 7663 8874 9785
23721 1330 1710 6377 8866 10415
23722 591 1137 1330 1666 3451 8652
23723 1013 3120 8077 9022
23724 6333 7408 9917 10223
23725 181 187 4412 6428
23726 311 1459 3747 4654 4796 5984 8616 9166
23727 183 1528 2931 4700 7910
23728 1394 3735 4475 6126
23729 2105 6070 6724 7211 8240 8272
23730 659 955 3565 5456
23731 5823 5932 6465 8223 9504
23732 319 2153 5688 6306 6775 7275 8001 8846
23733 149 204 305 338 2850 4356 8855
23734 1307 5183 5612 9279 10061 10588
23735 3713 5540 6496 9047
23736 6 14 541 889 3249 5728 6533 8298
23737 465 466 2085 2359 3898 4830 6620 6933 7341 7405 9674 9976 10120
23738 36 1625 2300 4850 7441 7569 9768
23739 220 454 651 654 668 993 1053 4059 5058 6928
23740 569 685 1624 2583 8652
23742 1262 4104 4453 6086 6534 7048 8479 9170
23743 1831 2795 2810 4971 5059 8098 9338 9564 9578 9721 9862 10227
23744 707 1329 1331 8343
23745 34 641 2590 2608 4608 5102 5781 5993 6247 7105
23746 8525 9042 9554 9830
23747 3817 8631 9885 10424
23748 4214 4584 8718 9723
23749 18 1955 4667 6553 7600
23750 727 2274 2746 2760 3909 6087
23751 691 773 1459 2933 3106 3934 5043 6509 7484 10121
23752 26 755 3085 3782 3867
23753 525 601 1160 8289 9515
23754 92 2546 2684 9518
23755 1708 2621 4280 9493
23756 37 1666 8570 10015
23757 918 1666 2511 5497 6697 9068
23758 1850 1935 3649 6496
23759 569 707 1331 1721
23760 13 23 253 362 381 646 1269 2884 3771 3819 4864 5142 5318 6494 7006 8336 9240 9661
23761 641 703 1213 5988
23762 253 2726 5666 8082
23764 2019 2603 7935 9894 10059 10146
23765 351 1576 3660 7523
23766 353 1187 2074 5460 5823 6584 6990 10239
23767 2126 9695 10007 10495
23768 711 1456 1462 2724 4611 6157
23769 724 1329 1331 1721 2902 6982 6985 8221 8495
23770 1246 2509 8873 10400
23771 149 204 2824 6831 8032
23772 1347 3240 4591 8679
23773 6068 7832 7850 7891
23774 721 775 1178 2187 2287 6307 6494 8516
23776 355 1196 3317 5338
23777 407 6647 8880 10086
23778 408 1732 5262 8285
23779 583 1727 3873 8231
23780 380 7569 9151 9262
23781 1574 1946 7096 8714 8797
23782 5984 6945 7054 7376 7784 8009 8508 8785 9441 9670
23784 589 1348 2043 8103
23785 1340 1570 1868 2000 7964 9166 9392
23786 154 211 538 2583 4850 9249
23787 18 2162 6534 7621
23788 467 707 1329 1331 1721 8145
23789 366 1213 1489 3628 5807 5903 10134
23790 305 579 6598 7022
23791 583 588 591 7964
23792 5460 5817 7289 9560
23793 1340 2837 3921 8494
23794 2886 6333 6390 6494
23795 583 588 662 1975 8231
23796 890 1451 8533 10362
23797 1568 5460 6874 9906
23798 1311 3609 5460 5761 6003
23799 1028 1186 1187 3472 4363 6237 9362 9587
23800 253 3747 6990 9542
23801 3457 6985 7426 8106
23802 1285 4386 4845 6324 6991 8270 8650 10172
23803 1943 3982 5856 6194 6441 6589
23804 1260 3555 6319 7627
23805 569 571 591 1568 1569 2228 2960 3136 4409 5728 6383
23806 4472 5478 5502 5570 6620 8673 10112
23807 318 319 700 9883
23808 3796 4700 10143 10378
23810 2997 4601 6335 8545
23811 77 1894 5460 5816 6464 8919
23813 102 1284 1732 2240 7230
23815 606 744 4933 6765
23816 5807 7323 9493 9885
23817 1172 1943 4975 5423 5746 5984 6991 8106
23818 540 2546 4783 8555
23819 216 381 1003 1033 2419 6180 6985
23821 4639 5379 8424 8795
23822 43 240 1459 2708 4302 4830 6384 9293 9485
23823 6577 8539 9386 9587
23824 1781 4247 4743 6408 9861
23825 729 799 4573 8103
23826 362 1152 1639 2751 2985 3844 5016 6205 10478
23828 2284 3100 3893 5459
23829 1255 1641 2564 2576 5657 10182
23830 1864 2689 2757 9268
23831 1445 1567 1637 2512 2569 2886 3000 3342 5242 6545 6876 7798 8630 9240
23832 6715 7054 7616 7667
23833 761 2248 6647 10571
23835 103 2049 2849 3685 4539 4716 4959
23836 788 826 2306 2583 6846
23837 1173 1384 1540 2231 2745 8103 8236 8711 9350 9543 9544 9688 10355
23838 25 346 583 586 588 2744 3318 5851 8231
23839 569 6701 6957 10473
23840 2983 5984 7155 8106
23841 614 783 3796 7279 8703 9885
23842 545 663 4417 5984 6875
23843 362 1904 2108 5412 8106
23844 4405 6042 9481 10380
23845 707 1329 1331 1721
23846 319 470 604 3896 5731
23847 1340 1910 2689 4035 7441 8133 9250 9842
23848 2750 3352 5257 8586
23850 579 1727 2237 2845
23851 657 2880 3753 5804
23853 349 520 569 8105
23854 206 707 1329 1721 3180 9666
23855 299 305 361 1269 2816 2874 5460 5984 6076 7277 7554 9471
23856 1932 4407 5672 6982 8103 8231
23857 316 1155 1293 3000 4697 7402
23858 59 583 588 10401
23859 253 276 2122 2817 3406 3875 4451 5359
23860 1979 4103 4610 4726
23861 241 4214 5351 5863 6673 8042
23862 760 1298 3548 4887 5062
23863 240 2283 2538 2853 3135 3352 3925 5226 8967
23864 1202 1203 1570 2105
23865 538 6247 8060 9952
23866 2745 8473 8474 9553 10252 10554
23867 2509 3975 4020 5634 7236 8789
23869 1348 2152 6699 7376 8944
23870 4652 8690 10095 10290
23871 125 167 544 3986 4768 5093 5460 5998 6468 6724 9654 10047
23872 275 2203 5529 6825 7997 8105 10530
23874 678 5762 9036 9493
23875 111 2576 2983 4418
23877 707 1329 1331 1721
23878 641 707 1329 1331 1481 1775 2228 2689 4990 5984 8103 8867 10137
23879 4152 4915 5333 7150
23882 381 2359 3761 5235
23883 1186 1187 1329 1721 6586 6605
23884 183 3227 3318 5926 7860
23885 2498 3672 5724 7156 10152
23886 351 889 1632 2695 4634 8236
23887 174 1262 5099 5253 5266
23888 276 2429 2983 3423 3859 4137 4492 5732 7941 10051
23889 569 583 588 4587 8798
23890 595 8917 9077 9151
23891 35 721 1908 8106
23892 2495 3965 6699 10411
23893 906 1994 3869 4477 6411 9361 10571
23894 583 588 6417 8231
23895 4090 7289 8331 9884
23896 2507 6384 8338 9074
23897 1662 1846 2509 4020
23898 1682 5008 5672 6003 6605 9746
23899 554 5873 5988 8429
23900 1711 2726 8944 9451
23901 2153 4020 4810 7076
23902 1568 2042 4198 4472 6756 10078
23903 1122 1492 3499 4097 4493 9981
23904 1666 2524 4838 9727
23905 2726 5724 6565 6642 7765 8555 9664 9873
23906 8128 8413 9658 9936 10421 10485
23907 311 4537 4891 5594 7438 8415 9259
23908 31 36 353 359 5622
23909 355 2123 8369 8718 8848 8902
23910 5319 6694 9241 10400
23911 2098 3664 5441 5823 8194 8413 9311
23913 1175 2747 4069 7054 7596 9600
23914 276 3468 4278 4784
23915 1780 7773 9399 9723
23916 1459 1496 8988 10064
23917 682 1496 3981 3982
23918 3393 4307 4939 6365
23919 707 1329 1464 3649 4152 4973 5056
23920 34 253 3240 4475
23921 408 494 3471 5377
23922 149 204 660 1340 2457 2460 4198 4452 5516 8848
23924 354 3904 6816 9451
23925 3703 4622 8808 9885
23926 1294 3519 3792 9245
23927 3400 4773 5721 9487
23928 18 254 2484 3843
23929 660 1666 5726 7274 8192
23930 3358 3615 4127 4719 5258 6699 7054 9883
23931 377 2534 3281 8935
23932 2221 2350 2484 4417
23933 569 707 1331 1721 3003 5873 6092 7376
23934 1590 2473 2491 2520
23936 637 1454 1479 2304 2548 2713 4667
23937 1209 5984 6003 8753
23939 1742 2655 5281 10411
23940 14 1394 1666 5721
23942 1027 1528 1858 2555
23943 2645 5416 7646 9145
23944 362 511 1177 2237 5385 6247 6985 7748 8958
23945 931 1329 1721 2621 4893 5063 7073 8106 8704 8978 9025 10167 10230 10536
23947 1832 2114 3645 5460 5484 5898
23948 2555 6909 9025 10200
23949 2661 3000 4366 9205
23950 1460 4756 6076 9490
23951 1932 3575 5422 7833 8711 10137
23953 1558 2597 3717 7692
23956 4686 6701 9858 10512
23957 210 5797 7464 8003
23958 3840 3880 5645 9860
23959 376 652 846 860 995 1420 1824 2383 2555 4792
23960 355 8106 8207 10120
23961 210 1345 1932 2127 2145 4198 4571 5874
23963 3874 5570 6323 7903 7921 7922
23964 1340 1355 1868 5947 8554
23965 1300 1456 2647 3077 5812
23966 699 3551 5779 6126
23967 8625 9386 10411 10534
23968 1175 1882 3454 4590 5984
23969 227 569 1340 1868 2696 5604 8704 8717 9311
23970 1329 1331 1721 4243
23971 210 692 3758 4654
23972 784 4214 6036 6968 7833
23973 4547 4619 6959 8494
23974 173 376 926 2226 2383 2391
23975 1246 1724 1940 5046 7960
23976 339 348 2106 4768 7159
23978 1249 1617 3797 5636
23980 784 1732 6740 8648
23981 569 1375 1868 2047 4198 5721
23984 2480 2633 3809 4717 5489 7328
23985 337 511 6323 8795
23986 1373 1618 4197 6620
23987 18 3020 5085 9311 9658
23989 2427 2983 4278 7586
23990 361 3652 5984 6158 7093
23991 1666 7696 7988 8195 10143
23992 4687 6049 8109 8174 8583 10423
23993 583 588 662 675 707 1329 1331 1711 1721 2766 6801 8231
23994 83 707 928 1329 1331 1721 2966 4985 6164 7910
23996 675 1269 5384 8795
23997 7263 7508 8303 8966 9023 9240
23998 1708 2149 6884 8878
23999 433 4264 4435 6411
24000 2955 4294 9318 9784 10331
24001 3000 7572 8956 10533
24002 154 293 430 1177 1329 1331 1608 2563 2606 5823 6315 8434
24003 3337 3502 4452 4656 6627 8106
24004 1798 3912 3913 8590
24006 2509 5863 7430 8800 9205
24008 2414 5424 6387 7491 10420
24009 583 588 5042 8231
24010 1783 2676 3789 6990 8761 8795
24011 4221 5382 8795 9097
24012 213 353 408 579 1191 1340 1429 1456 1523 1724 1790 2169 2493 3000 4350 4576 4971 4986 5544 5721 5874 6985 7815 7817 7823 7891 8116 8866 9159 9808 9870 10033
24014 30 276 1446 3747 4331 4548 4784 5375 6150 6905 8731
24016 417 455 539 2704 3610 4181 4421 4719 5891 5984 8918
24017 8842 9600 10447 10556
24018 3704 5721 7397 8886 9386 9782
24019 24 210 348 1894 3758 5820 6804 8665
24020 381 2377 7211 8223 9154 9329 10369 10370 10371
24021 5460 5604 7006 8494
24022 1301 5460 7631 10060
24023 3419 3420 3421 3933 5425 9009
24024 21 1294 2545 2555 2782 2815 3043 8207
24025 1329 1331 1721 2768
24026 579 1213 1727 5984
24027 149 2052 2850 6985 6990 8103 8608
24028 173 569 707 1329 1331 1552 1721 1727 2123 2724 3246 4584 4656 4719 4915
24029 591 3091 7627 8864
24030 210 2155 2556 5376 10079
24031 1597 1850 8437 9967
24032 1874 8134 8717 8952
24033 2732 5151 9286 9861
24034 5535 5574 6097 6122 7054 9885
24035 872 926 6929 7356
24036 1239 5776 6968 7643
24037 707 1329 1331 1721
24038 1340 1868 6874 9028
24039 36 2644 9088 10400
24040 1683 1876 2123 4597 4768 5832
24041 463 6740 7402 7423 9386
24042 4897 6324 6806 8116
24043 579 1577 2859 3000 4020 4144 5372 6001 9776 9955
24044 889 4646 4686 4733 5376 10512
24045 707 1331 1721 4198
24046 1688 4887 6778 9561
24048 1894 4251 4700 5672 5777 6772 7678 7937 8103 9782
24050 615 4275 5377 6126
24051 2237 5235 5484 5984
24052 632 3091 3274 4812 7145 7627
24053 583 588 707 1329 1721 5988 7163 8143
24054 7402 7874 8207 8628 8873 9721
24055 354 1340 1868 7120 8795 9885
24056 30 2820 4379 4700
24057 583 588 1293 2567 3610 4583 7143 8231
24058 407 858 917 3556
24059 583 588 6025 8231
24060 211 578 707 1329 1597 1721 5247 5672
24061 2015 3806 3998 9166
24062 583 588 4990 8245
24063 164 1489 5173 5410
24064 583 1576 5874 8231
24066 589 1747 2116 2990 5556 6691
24067 215 2313 5730 9013
24069 149 204 1178 1256 8303 8554 8928
24070 376 888 926 1408 7569
24071 36 1239 1534 1662 2494 2661 7433 10400
24072 1558 3343 5681 5688
24073 2833 5599 7356 7773
24074 1340 1868 2105 2689 7338 9806
24075 2046 2334 6410 6623 7982
24076 2134 6028 6142 6848
24078 5724 6643 7200 8772
24079 583 3118 3704 6001
24080 501 3179 4690 4989 6789 7119 7235 8370 8764 9147
24081 2364 6782 7402 9676
24084 707 1331 1721 2100
24085 7823 8207 9329 9557
24086 554 583 588 635 1459 1478 2590 4532 4822 6003 7196 8231 8362 8499 9370
24087 24 1394 4198 5954 7616
24088 586 1443 3365 3955 4700 6802
24089 19 20 717 1281 3526 4229 5816 6024 8044 10376
24090 1186 1187 1239 1955 6421
24091 38 240 1598 1643 2509 2885 3792 7819 8058 8136 8718
24092 102 545 4535 5736 7627 8834 8913 9433 10515 10578
24093 5478 5823 8116 8665
24094 348 1868 2115 2214 4621 5396 5929 7368
24095 1396 1497 2240 2768 3355 4063 4604 4768 5887
24096 678 2114 2756 3288 4401 4746 6108 6754 6830 8077 8173
24097 67 5305 5779 8718
24098 1893 2983 2994 4797 7289 8563
24099 211 359 662 1195 1240 1773 2240 3645 4286 4388 7116 7571 7886 8103
24100 2875 3473 4869 8563
24101 2511 2583 3000 5932
24103 37 2120 3467 4020 6959 7031 9592
24104 1529 5863 6175 8424
24107 4261 7996 8424 8498 8562
24108 1815 2280 2302 3926 8074
24109 1238 1330 2648 2828 5724 7028
24110 244 1083 9346 9866
24111 208 1720 2105 4726
24112 586 2391 3830 5684
24114 2467 3744 3813 4218 4894 4972 5646 5747 5797 6905
24115 584 1694 3759 6947
24116 166 1572 6825 8103
24118 722 2483 4391 4879
24120 662 1256 2115 3551 3707 4615 7405 7616
24122 378 379 508 2732 3579 6715
24124 2543 4904 6339 7226
24125 911 5779 6797 9967
24126 299 1285 2102 5657 6273 8270 9885
24127 1888 7799 10331 10452
24128 2105 2123 2538 4679
24130 1340 2546 2745 4698 5607 9275 10273
24131 609 1023 4909 6356 7731
24132 149 204 8624 9410 9880
24134 511 4915 6003 8623
24136 707 1329 1331 6299
24138 371 2631 4646 5357
24139 5678 7961 10025 10551
24140 707 1721 3645 6076
24141 706 707 1329 1721 2270 10078
24142 210 1894 2067 5379
24143 569 2295 4475 4672 6008 9771
24144 1383 2043 6115 10438 10530
24145 5338 5484 6164 8646
24146 1666 1979 2293 5178 9254
24147 374 2849 4389 6196
24148 440 442 707 963 1329 2960 4538 4821 4899 6756 7168 8717 9632
24149 696 1280 3463 8924
24152 4391 6667 6979 7044 7491 7863 8316
24153 2377 4020 7402 9493
24154 2191 2507 2658 8074
24155 1331 1721 4577 7054 9497
24156 6840 6885 6886 10512
24158 354 706 1283 1340 1909 2931 3722 4214 4582 7054 7818 8588 8625 8820 9363 10408 10539
24159 260 6701 6714 9900
24160 2998 3747 4930 5676
24161 1853 2270 2768 4066
24162 2230 4092 4833 4844
24164 1645 1666 4869 5462
24165 4417 8807 9272 9338
24166 35 262 381 397 1293 1294 1517 2568 2590 2931 3576 3587 3609 3955 4023 4214 4309 4821 6743 7026 7489 7823 7916 9072 9676 9904 10412
24167 9 1019 2511 6691 9240
24168 583 588 1007 5379 8231
24169 1968 2178 3451 5711 7839 10528
24170 25 586 2260 6392 8278
24171 351 529 605 635 4353 7950 8052
24172 569 1586 3462 4076 4620 7636
24174 951 1007 1666 2079 3327 4166
24175 2366 3427 5332 5757
24176 154 4385 4615 9883
24177 43 52 493 625 654 703 707 780 893 989 991 999 1000 1058 1331 1408 1446 1721 1722 2088 2316 2631 4038 4194 4783 4923 5719 5934 6716 6959 7019 7020 7071 9452
24178 2845 2942 6003 7283 7317 7423 7484 9562 9713 9849 10475
24179 1478 7140 7242 9719
24180 78 240 2704 5721 5967 7846 7935 8767
24181 707 1329 1331 2530 2736 8786
24182 2414 3761 3867 6087 7054 7328
24184 2253 2961 3711 5478 8127 10489
24185 390 3043 4452 6905 9893
24186 583 588 5984 9471
24187 1640 1826 2047 3982 7369
24188 507 2574 3086 3423 4100 4639 4959 5511 5692
24189 509 1423 2427 5270 9069 9098
24190 5946 7054 7239 8504 9066
24191 351 569 583 2746 3575 3632 3956 4307 4717 5721 5834 6989 9275 10028
24192 1810 3145 3908 4933
24193 3686 4361 4636 7894 8106 8133
24195 95 1676 2890 9983
24196 1459 2037 6458 8717
24198 707 1329 1721 8207
24199 5881 7891 8048 9631 9690
24200 149 204 408 569 1340 2457 2755 3095 3249 5384 5551 5719 5851 5862 6003 6070 6612 7339 8413 10435
24201 149 204 1340 1568 1783 1868 3496 4240 4411 9186 10060
24202 60 722 7438 10172
24203 10 65 1346 1404 1507 1790 2511 2554 2555 2601 2640 2973 4177 4768 5423 5535 5633 5672 6915 7012 8729 9005 9334
24204 2185 2303 4883 4922
24205 149 204 276 9025 9067
24206 1268 1830 2178 5453 5466 7747 10301
24207 369 732 2949 8786
24208 662 1256 2303 4597
24209 3150 4044 5194 6893 8458
24210 42 6646 8935 10017
24211 203 606 1497 2042 5031 5890 5950 6394 6429 6823 8813 9546 10512
24212 1174 3090 3519 3792 5984 6283
24213 588 678 1570 2065 2406 3110 3741 5550 6194 7338 8231 8251 8278
24214 1293 2143 4121 8573
24215 1314 6546 7349 8142 8777 9742
24216 2413 3000 8614 10200
24218 125 1211 6194 8343
24219 18 34 96 211 240 273 351 569 588 607 641 696 739 894 1178 1211 1246 1342 1442 1448 1526 1544 1639 1831 1905 2114 2229 2384 2590 2802 2841 3206 3304 3346 3457 3588 3935 4143 4214 4299 4302 4316 4622 5254 5400 5863 6660 6831 7376 7567 8103 8343 8623 9199 9391 9588 10007
24220 3992 5460 8894 9745 10354 10411
24221 366 2590 9025 9240
24222 351 381 641 707 1314 1329 1568 1569 1721
24223 204 1568 5688 5984 7054
24224 1529 6247 10120 10417
24226 5727 5779 5811 7230
24227 4472 5482 5619 8103
24228 260 458 1636 2766 2768 3150 4214 5855 6356 6368 6816 6975 7006 7937 8272 8433 8978 9362
24229 35 216 829 2262 4700 7408
24231 2302 5226 5871 6457 8501
24232 540 542 646 1177 1704 1953 3903 4216 5478 6194 9896
24233 2108 2933 5258 7022 7100 8110
24234 1122 1378 2672 4147 4709 5395 5747
24235 11 1329 1451 1480 1721 2237 3588 3934 4700 6121 7909 9581 9873
24236 649 1329 1721 7741
24237 201 269 275 1018 5395
24238 361 1399 3653 4730 6619 7441
24239 2223 4772 7215 7684
24240 5564 9668 10024 10576
24241 1340 1868 1932 3000 4198 5721 10239
24242 662 1576 1932 8106
24243 151 470 697 711 1451 1464 1469 1496 2608 3564 3896 4197 4288 4573 4796 5395 6022 6067 6497 6560 6565 6642 7145 7179 7217 7489 7516 8718 10173
24244 1223 2051 3683 8533
24245 211 569 942 1317 1619 3668 4145 4584 5874 6577 6701 7215 10483
24246 1708 5688 8498 9834
24247 381 1319 2560 5812 6522 6559 6569 6638 6989 7706 7759 8527 9045 9055 9105 9385 9650 9729 9968 9982 10095 10209 10484
24249 869 3588 3934 6192
24250 24 1796 2396 5778
24251 1241 2766 4700 9274
24252 1257 4234 7518 8580
24253 1568 5378 5984 6985
24254 1454 4850 8902 9410
24255 1394 4391 4700 5371 6048 6676 6876 6905 6943 7269
24256 6735 6855 9046 9624
24257 571 707 1331 1528 1569 1721 2260 2265 2507 3025 4700 5452 5535 5540 5604 5657 5901 6699 6884 7311 7617 7908 7937 8227 8987 9054 9329 9400 9481
24258 1940 2983 6665 8414
24260 1727 8415 8448 9806 9907
24261 707 1721 4203 5012 6017
24262 2560 4393 4826 5781 6741 7715
24263 2783 3922 5820 6956 8555
24264 7006 8066 9218 10145
24265 3163 6238 7994 8225
24267 2299 3006 3204 5545 7540 10033
24268 5478 5570 6253 8012
24269 1213 3277 4941 6331
24270 1213 1811 5589 8926
24272 1223 2436 4461 4989
24273 1108 2295 2359 2588
24274 4915 6527 6577 10600
24275 1330 7435 9515 9588
24276 520 721 1894 2303 2565 2930 4479 6055 6734
24277 707 1329 1331 1721 6522 10600
24278 3020 6554 6593 6717 7054
24280 71 8157 9578 10376
24281 4615 5664 9493 9885
24282 583 588 5907 6831 8231
24285 707 917 1331 1721
24286 195 1177 9160 10411
24287 6078 7664 8475 10032
24288 907 2038 3445 4469 5725 8935
24289 244 4215 6509 6968
24290 2801 4730 6122 6761 7939
24291 2621 3758 7402 10489
24292 205 7708 8155 9331
24293 205 2983 5721 8471
24295 569 588 1773 2409 2689 7724 8509 8664
24296 917 1391 9177 9765
24297 36 954 1902 2661 3565 5456 5758 8808
24298 928 2046 2134 10239
24299 2654 4614 5856 9139
24300 1932 4726 5362 8665
24301 520 1754 1801 4073 8918 9252
24302 313 437 1404 2212 3006 10033
24303 3963 4557 5235 7708
24304 641 2043 4472 5395 5460 8394
24305 2494 2640 2661 4198 4407 5230 5460 5871
24307 2769 4209 9104 9801
24308 428 4475 9386 9429
24310 2576 8590 8621 9921
24311 1727 2204 3691 4275 7054
24312 8072 9470 9623 9751
24313 569 5721 5748 8369 9926
24314 1841 2583 2661 4639 4784 5207 5420 7940 8388 8448 10305 10377
24315 423 3787 4472 5467 5724 5882 5974 6031 7891 8795 9331 9885
24316 1255 7647 8645 8935 10228
24317 306 660 3877 7266
24318 191 2013 2590 2852 3206 4215 9855 9991
24319 1344 2942 4700 4941 5985 6348
24320 1340 1868 3955 6389 7631 10120
24321 183 2815 5972 7731 7963
24322 1340 2861 6534 8921 9145 10279
24324 420 8295 8675 9733
24325 36 1878 2046 2958 5255 6275 6964 8036 10005 10305
24326 1154 2304 3575 7823 9039 9723 9772
24327 2749 3851 3934 7833
24328 4990 9115 10175 10339
24329 1064 1561 4355 5238 5823
24330 305 1201 1932 2696
24331 211 583 3450 8105
24332 210 3480 3615 7720
24333 1727 4072 5460 5874
24334 4275 4945 5346 5455 8809 10165
24335 276 473 3564 4632 9125 9482
24336 203 1173 8469 9151
24337 211 2766 2961 4432 4915 5672 6958 6990 7622 8106
24338 392 1292 1666 1894 2767 7135
24339 3925 4192 6879 10452
24340 4877 6237 7879 8162
24341 3215 3277 5256 7459 9112 9588
24342 501 6715 9821 10120
24343 1340 1868 5482 8811
24344 2364 4280 4679 4893 9623
24345 2132 2747 4728 4870 10260
24346 354 679 8106 8795
24347 287 333 374 671 815 4314
24348 4350 8540 9252 10579
24349 1604 3321 5721 6542 7213 7214 8717
24350 2153 2802 4001 5843
24352 843 844 5688 5775
24353 7363 8766 9757 10016 10381
24354 1617 4351 7940 8582
24356 583 588 1784 4106
24357 604 3556 9544 9941
24358 7792 8851 9353 10550
24359 253 351 485 542 569 707 754 1186 1188 1223 1331 1340 1868 1952 2283 4006 4363 4802 4820 6542 6710 10541
24360 1774 5721 6717 8306 9515
24361 511 1340 1868 9277 10606
24362 0 2946 4216 4989
24363 6409 8448 9025 10106
24364 1979 4016 7402 9189 10025 10239
24365 195 519 520 613 721 3000 4635 6500 6842 7006
24366 2283 4490 6823 8221
24367 5932 7815 8103 8583
24368 697 987 2104 2391 2534 5376 5598 7011 7569 7658
24369 1874 2747 3251 5501 6076 6738 7481 7684 8176 9990
24370 2012 2293 3665 3707
24371 316 1862 1867 2511
24372 354 2960 4175 5078 5437
24373 12 104 302 684 748 1254 1355 1894 2295 2335 3481 3858 5288 5536 6775
24374 569 1167 1186 1187 1394 1711 1881 3091 6390
24375 36 1340 3039 8103 10400
24376 2265 3111 4974 8704 9025 9775
24378 583 588 5290 7131
24379 707 1329 1331 1721 5274
24380 2043 2116 2535 5460 6987
24381 972 1038 1333 2277 4997
24382 1831 4992 7668 7940 8731 9782
24383 579 588 4781 5460 9343 9433 10140
24384 1560 1864 4488 9989
24385 1290 4462 6768 7703 7997
24386 707 1329 1331 1721 2561 2564 3247 5142
24387 554 561 4060 5072
24388 1314 1868 3139 4929 5392 7407 7897 8390
24389 204 5090 8989 10233
24390 358 4529 4773 6200
24391 1177 1531 3986 5161
24392 591 1314 1330 1496 1710 5016
24393 1256 5703 6825 7997
24394 707 1329 1331 1721
24395 328 747 7402 7697
24396 1223 2043 2295 4776 5467 5948
24397 700 848 935 2534
24398 1213 2364 4497 5641
24399 264 746 797 4481 7048 7250
24400 56 2583 4592 4687
24402 1964 5295 6944 7424
24403 24 25 149 203 273 274 351 355 472 641 706 1171 1213 1340 2538 2639 2702 2736 2766 3645 4342 5153 5556 5557 5871 5899 5984 6860 6981 7159 8303 8704 8743 9486 9647 9704 10142 10149
24404 707 1331 1721 3276
24405 26 381 581 6230 8915
24406 707 1329 1930 4198
24408 6465 6487 7770 8718
24409 707 1329 1331 1721 2265
24410 3726 5851 7699 8343 9268 9619
24411 354 2766 5182 5644 6890 8146 8789
24412 214 1294 6878 7569
24414 7402 8637 8988 9450
24416 164 6041 8751 10143
24417 240 488 583 588 808 1185 1222 2329 2679 2704 2936 3265 4390 4862 5636 5999 6377 6449 6889 6950 6958 7019 7655 7833 8344 8369 9067 9465 9492 10113 10239 10277 10354
24418 251 662 706 7054 7376 9355 9471 9676
24420 470 658 2407 2982 3896
24421 49 569 588 1173 6003 6076 6636 8231 8873 9386
24422 1727 5640 8449 9188
24423 1239 1790 2514 3084
24424 276 1177 6564 6701 6937 7469
24425 149 204 1605 2047 2068 2178 4970
24426 511 1727 2360 7661
24427 2042 2049 4472 10595
24428 80 5410 5863 6253
24429 2295 3609 6299 9054
24430 951 2146 5728 9600
24431 3622 7071 7543 10261
24432 485 8107 8920 9403
24433 1459 1496 1497 1932 5874 6526
24435 2043 2109 2115 2303 6109 7569
24436 2546 5071 7920 8233
24437 750 2294 3638 9793
24438 187 195 707 721 1329 1331 1340 1868 2094 2229 5721 7438 8494
24439 1617 3782 7008 7012 7448 10064
24440 860 1246 1343 1446 2407 2580 3480 3843 3889 3913 4821 4919 5300 5525 6051 6123 6129 8375 9206
24441 1285 4349 5964 6941 7409 10031
24442 361 1331 1340 1721 1868 7442
24443 1425 1434 3000 8393
24444 1666 1858 9124 9134
24445 1262 8338 9723 9892 9962
24446 2608 5947 6823 9019
24448 483 1920 6073 8987
24449 203 1301 1311 2709 7728
24450 351 2749 3653 6115 7161 8317 8420 8644
24451 14 1246 1446 1790 2122 3813 8296 8929 9295 9885
24452 350 3872 4214 5302
24453 376 454 997 1408 1568 2958 7934 9063 9657 10079 10379 10589
24454 2649 2695 4452 7205 8106 8480 8496 9079
24455 2695 6947 7291 8947 9723
24456 6401 8499 9005 9827
24457 96 538 1099 1708 1992 2178 2389 2614 2621 4417 4770 5030 5506 5863 6421
24458 629 633 713 1476 2915 7742 8162 10193
24459 504 1330 1530 1710 3695 4667
24460 366 1213 6491 7669 10369 10371
24461 355 593 641 1355 1485 1727 2199 2283
24462 571 707 1329 1331 1721 2178 3724 3765
24463 24 410 1314 1457 2043 5291 5909 7576
24464 3906 7000 7903 7922
24465 204 2270 5753 6699 7891 8116
24466 364 1780 1892 2616 5788 6512 7117 8414 9110
24467 304 1240 5532 5626
24468 569 707 1329 1721
24469 2931 3610 5672 7612
24470 497 583 1725 4309 4347 8106 9661
24471 410 989 1033 1421 2088 2556 3564 3919 4380 4735 6437 7489 7658 8423 10597
24472 583 588 8273 8998
24473 569 583 641 4280 5984
24474 930 4488 7338 8795
24475 350 4830 5093 7106 7738 8559 9621 10060
24476 1268 1382 1555 2576 3473 5015 5357 6936
24478 707 1331 1721 4700
24479 134 381 579 654 1980 2803 5329 5349 5456 9979
24480 1921 3133 7152 8212 9240 9679
24482 1982 5460 5871 6900 8198
24483 722 2859 5277 6154
24484 2271 4665 5722 7273
24486 1398 1875 2590 5715 6762
24487 359 2689 7385 10029
24488 775 1656 2463 3615 6905
24489 4700 6333 9723 9782
24490 149 204 1932 3170
24491 628 1385 2159 3783 8127
24492 24 518 662 960 1027 1097 1127 1276 1331 1342 1452 1469 1476 1502 1508 1721 2018 2382 2837 2854 3003 3280 3372 3638 4110 4211 4270 4598 4599 4600 4612 4754 5640 5752 5993 6339 6583 7079 7131 7213 7421 7709 8106
24493 1520 1532 2555 3597 4002 6913 7545 9452
24494 953 1452 4909 7466 10136
24495 2815 6079 7412 7817 7823 7909 8588
24496 3707 3961 4432 5423
24497 4836 4883 5460 9025
24498 99 1298 3346 8510
24499 138 1821 2795 8103
24501 8448 9489 9885 10146
24502 376 569 1220 1329 1331 1721 1894 10256
24503 351 1320 1791 2046 4475 4700 8775
24504 1833 2046 2265 2958
24505 3521 5646 5674 6903
24506 511 2744 4802 8717
24507 2300 6991 10375 10509
24508 635 4066 4780 7136 9438
24509 1346 7180 8424 9493
24510 746 802 1874 2483 2635 2729 3288 3337 3341 3502 4143 4619 5379 5535 6496 6577 7289 7825 8039 8362 8767
24511 149 204 583 4147 5077 8704
24512 5947 5966 7128 7737 8931 10278
24513 874 1333 2046 6407
24514 707 1331 1721 5460
24515 2361 2989 5594 6039
24516 1246 1249 4020 10239
24517 589 2285 4988 6246
24518 283 536 587 611 623 653 699 700 726 729 916 917 918 1096 1101 1803 2671 2672 4677
24519 3929 4782 6494 8619
24521 545 1340 1868 5107 6087 6835
24522 717 1446 3373 3790 4629 5317 5460 7127 7170 7649 8424 8871 9390
24523 1375 3742 3836 4886
24524 1175 5333 7818 7856 9782
24525 282 1188 2732 5460 6056 9861
24527 1727 6073 9874 10007
24528 2590 5615 6337 9723
24529 1222 3337 5204 6496
24530 210 588 9189 9202
24531 211 2798 3100 5544 6552
24533 1568 2602 3105 5460 5871
24534 507 970 980 4397 6076 9375
24535 1903 3312 4639 7135
24536 36 102 215 1318 1859 1904 2115 2155 2226 2688 3000 3230 3747 4719 5445 5511 5716 5972 5984 6920 7716 7745 7938 8443 9028 9592 10567
24537 442 721 1617 1725 1871 3314 4565 4899 5248 6621
24539 1811 6712 6717 8555
24542 2650 3588 7170 8272
24543 195 2093 2213 8183 9750
24544 446 569 1704 7188 8550
24545 6896 7131 7835 9528
24546 569 1469 2043 5275 6905 9023
24547 1568 5535 5871 6959 8719 9154
24548 366 1922 2051 3928 4532 6259 7188 7706 9160 9462
24549 1281 2042 2093 8625 9701 9972 10409
24550 65 1340 1868 6990
24551 707 1169 1329 1331 1721 5907
24552 3006 3806 8220 10033
24553 125 183 193 545 692 1474 1500 2532 4068 4808 4956 5874 5914 6076 8548 10290 10394
24554 211 359 1186 1187 1261 1932 2886 4289
24555 2801 4391 6894 8563 8721 9042 9205
24556 211 1330 1710 4906 7287 7673 8077
24557 1330 1658 1710 4768
24558 579 5460 5648 6525 7335 7435
24559 5233 7044 8236 10047 10394 10597
24560 588 8231 8643 8704
24561 569 641 1340 4198
24563 1490 1891 7655 8424
24564 1915 3925 6699 10551
24566 273 274 5478 5984 6163
24567 381 2642 2866 8103
24568 2649 2661 3000 3343
24569 494 2162 2561 4554 5020 5423 5497 5688
24570 2317 7708 8402 8549
24571 430 3202 3204 7937
24572 5029 5328 9211 9726
24573 583 588 2697 5986 7306 8555
24574 1932 6311 10411 10452
24575 216 583 1719 2989 8231 8909
24576 1951 2284 2317 6176
24577 299 7459 7925 8354
24579 2154 3858 7402 7491
24580 1568 4198 5706 9589
24582 579 583 588 1791 2115 2677 3480 4700 4805 6409 6830 7819 8231 8589 8663 9071 9072 9723 10331
24583 36 151 1202 1203 1301 1329 1331 1340 1721 1967 1971 2042 2312 2824 3590 3624 3749 3783 4014 4047 4070 4280 4472 4559 4687 4974 5339 5395 5405 5634 5655 5672 5688 5721 5938 5955 6465 6502 6554 6568 6577 6591 6625 6627 6789 6920 6979 7179 7519 7627 7669 7746 7934 8632 8639 8685 8780 9303 9732 10195 10400 10560
24584 1174 1747 2875 5932 5959 6162 8190 9839
24585 86 188 193 368 1709 2675 2870 3057 4423 5100 7006 7509
24586 3575 5414 5487 5773 7335 7600 8024 9893
24587 641 1932 2284 7502 9521
24588 1007 1920 2974 3249
24589 41 4417 7022 7131
24590 1528 9133 9416 10041
24591 3707 4198 5079 5516 5672 7526 8494
24592 2095 3502 6490 8958
24595 3087 4142 9160 9386
24596 662 859 1152 2126 2704 4111 5422 6611
24597 260 4758 7934 10120
24598 1666 7721 9918 10424
24599 569 3000 8448 8751
24600 3135 3385 3827 4357
24601 1727 5156 9151 9153
24602 4261 5379 8454 10296
24603 1459 6546 6572 7078
24604 42 5657 8808 10258
24605 1320 2364 5244 5423 6464 8116 8415
24606 542 5947 6985 8106
24607 1642 4836 6249 9588
24608 1194 1198 2153 2621 4281 4746
24609 1294 1711 3247 3484
24610 3346 4595 6522 6590 7758 8289 8437 9009
24612 571 3649 7198 7335 9135 9213 9233 10020 10075
24613 2047 2745 7663 10031
24614 18 596 619 620 3090 3830 5278 6929
24615 437 560 4614 9401
24616 102 674 4869 5406 6914 6965
24617 4214 7491 8444 9723
24618 2732 4374 4707 9861
24619 2097 2149 7773 9741
24620 25 3150 4234 4566 5719 7015
24621 6170 6615 6816 6882 8091
24622 25 538 641 3403 4198 4768 5851 7576
24623 882 3941 4010 5804
24624 1692 4507 5242 7798 8192 9520
24625 354 459 707 1329 1340 1469 1721 1868 2009 2194 2238 3337 3340 4013 4063 4860 4938 6816 7377 7450 9372
24626 3464 3885 4104 10454
24627 1293 1510 1692 2126 3909
24628 1239 1298 2755 5592 5874 9272
24629 1293 5203 9386 9782
24630 1346 6297 7514 9238
24631 376 999 3913 3914 7607 8495
24632 216 454 7569 9929
24633 1666 8039 10138 10237
24635 1423 4596 9685 9747
24636 583 591 4552 8231
24637 3486 5782 6725 8413
24638 583 588 606 4915 5144 8650
24639 3249 3451 5346 6430
24640 24 554 1177 1394 4974 5877
24641 542 2193 7510 8945
24642 889 1011 1329 1331 1710 1721 2823 6557 8636
24643 1394 3833 6699 7295
24644 165 355 545 569 712 1399 2250 2952 3032 3050 3219 4391 4446 4832 4841 5992 6734 7401 8156 9129
24645 569 2889 6765 10302
24646 3132 4856 5235 5984
24647 1122 4770 5174 5460
24648 1430 1878 2215 2555 5471 8602
24649 229 1340 1868 5823
24650 2049 4038 8277 8965
24651 318 321 895 934 9590
24652 339 348 472 641 662 1177 1178 1223 1394 1492 1784 2260 2285 3514 5721 5915 8272 9908 10567
24653 1979 2295 2784 8106
24654 1191 4228 5622 6157 8602
24655 247 548 4990 6941 7876 9590
24656 7402 9189 9493 10423
24657 1308 1329 1331 1721
24658 660 668 3747 5547 6307 6440
24659 355 380 767 954 2509 5604 6958 9849
24660 2583 7491 8717 9311
24661 125 182 1893 3576 4700 4719 5333 5803
24662 517 1070 3043 6605 6942 7493 9955
24664 1711 3463 5766 8116 8798
24665 1246 5634 7163 8411
24666 710 3240 3593 3683
24668 272 409 991 3006 4235
24669 2265 4096 6070 6582 9383 9653 9981
24670 6958 8162 8402 9276
24671 3869 7189 8867 9025
24672 1329 1331 1721 3091 4622 8176 9459 9590
24673 1186 1187 5754 9784
24674 697 709 813 947 1429 1930 3016 3919 4128 5804
24675 2454 3394 4361 5676
24676 1650 1662 1831 1846 2661 5972
24677 5001 6078 6796 7664 8302 8475 8476
24678 707 1329 1331 8626
24679 1666 1726 1858 8194
24680 583 5333 8231 10595
24681 2893 6059 7255 8025
24682 210 1539 2555 9493
24683 1462 6599 7136 7242
24684 583 588 9471 10062
24685 351 663 2783 3719 4220 6202
24686 540 1239 6699 8588 9025
24687 351 635 1329 1331 1721
24688 569 707 1331 2686 4665 5460 5628 9590
24689 2613 3906 5460 9738
24690 8165 8511 9212 10091
24691 1340 1727 1868 10362
24692 1892 2349 4048 7823
24693 204 707 1331 1721
24694 16 1329 1331 1721 1849 2590 2608 2965 8945 9198 9581 9589 9971
24695 788 800 1081 6664
24696 2852 2883 3940 5212 8028 8688
24697 1545 4255 6198 8013 9566
24698 181 1766 2603 4721 5504 5650 5773 7491
24699 78 6201 6841 6950 7990 8343 9967
24700 635 2257 4768 6496
24701 6848 8572 8610 9158 10458
24703 707 1329 1331 9589
24704 33 444 2541 2965 3777 6394
24705 4700 9415 9581 9717
24706 2047 2660 5338 5599 8103 8471
24707 588 1568 7022 7054
24708 1528 1998 7874 8326
24709 1169 1330 1710 5874 9738 10580
24710 203 381 2195 8961
24711 641 1568 3269 5104 5633 5984 6901 10247
24712 469 870 3022 3163
24713 206 455 1329 1331 1340 1721 1991 2650 3851 5984 8962
24714 4214 6920 7560 10113
24717 67 2983 3000 3342 3688 8375 8418 10400
24718 2143 5984 6717 7028
24719 1256 2731 2758 6823 8106 8495
24721 141 997 1421 7327 8800 8856
24722 4198 5333 6764 8797
24724 1527 2540 2579 2873 3056 3206 3521 4705 7314 7548 7878 9046 9624
24725 5526 7484 8448 10339
24726 2824 7311 7585 8786
24727 130 7309 8233 8521 8699 9250 9694 10101
24728 542 1531 1569 1826 3652 8106
24729 1329 1331 1721 5830
24730 1440 1943 3776 4035 8153 10290
24731 670 827 1624 8219
24733 24 32 33 89 211 710 2861 4171 5377 6905
24734 123 313 2214 4577 5713 5823 6115
24735 719 1535 6701 9151
24736 4101 5705 7891 9529
24737 1666 2408 4198 8039 9947
24738 89 420 8378 9733
24739 195 5984 8463 9033
24740 351 1294 3419 5156
24741 2661 6276 8380 8751 9407 10192
24742 3771 7833 9010 10482
24743 768 2153 4700 4768 5004 6577
24744 706 707 1329 1331 1721 6822 6876 7392 7959 9214
24745 6108 6989 7013 7461 8162
24746 1065 2263 3927 4830 5250 5984 6310 9025
24747 3291 8889 9292 9723
24748 211 2045 8722 9991
24749 3135 4063 5721 6112
24750 408 1298 3000 5460 5823 8223 8386 9885
24752 1568 8353 9356 9357
24754 149 204 361 1301 1340 1868 3956 5079
24755 1446 1667 1732 3000
24756 34 204 253 1291 1568 2058 2487 2677 4283 4615 5364 8385 9032
24757 2630 3925 5863 7501 9493
24758 4096 5478 5746 6401 6904 7090 8656 8657
24759 569 1152 1223 2689 3346 5721
24760 527 1219 4309 5157 6644 8828
24761 1568 3100 4198 5721
24762 596 620 7235 8448 8639
24763 706 1329 1331 1721
24764 2144 7572 9567 10358
24765 7347 7569 7823 9346
24766 3473 4022 6719 7180
24767 7639 8985 9207 9208
24768 708 1067 1711 2709 10260
24769 2009 2410 5489 6283
24770 583 1329 1331 1721 2240 4091
24771 78 9154 9697 9698
24772 1314 1340 1868 2051
24773 1096 1246 2897 3749 5584 8905 9163 9216 10489
24774 37 2762 2829 2837 4366 6846
24775 1340 1394 1868 2047 3889 4198
24776 381 1340 6036 8106
24777 1727 6399 7194 8039
24778 358 653 707 1329 1331 1394 1497 1721 2590 3628 4938 7073
24779 4433 4687 5747 7750
24780 391 711 1208 1451 1472 1481 1489 1893 2594 3339 3457 3672 6112 6599 6738 6990 9487 9558
24781 857 1862 1863 8415
24782 2739 4019 4700 4915 5203
24783 1110 2970 4540 5076
24784 1249 7471 9188 10592
24785 262 469 804 6628 8424 9380 9417 10201
24786 4417 7491 9310 9311
24787 6551 6628 6701 8718
24788 583 588 1704 7339
24789 214 467 591 3455 3580 5776
24790 1531 3615 3923 4943
24791 342 362 425 833 5080
24792 339 703 1177 4915 6112 7067 8106
24793 1229 1868 6169 8103
24794 5886 8503 8795 9529
24795 583 6115 7619 8231
24796 1423 4020 4550 5536 6189 6937 7446 8315 9105 9167 9417 9940
24797 1408 4793 7234 8121 8138
24798 5466 5910 6108 6654 7338 10301
24799 2896 4131 6263 6514 7572 10346
24800 128 6066 6489 9488
24801 2186 4107 9543 10253
24802 1329 1331 1721 4050 4629 9485
24803 470 1830 3896 5863 7874 9493
24805 7402 8109 8789 9341
24806 579 688 1067 1727 4887 6701
24808 569 579 7823 8862
24809 2454 2509 2522 3139
24810 588 5478 6805 8231
24811 1979 3133 5478 9470
24812 1932 7159 7772 8866
24814 1502 1726 1932 6500
24815 1233 5319 5984 7364
24816 571 772 1528 1529 1552 2181 3707 5151 6771 7564 9495 10542
24817 412 3707 9210 9902
24818 1246 2859 4667 5686 9885
24819 1849 2658 4906 5626 7959 8200
24820 3519 3792 6664 8795
24821 745 2779 4125 10260
24822 641 1320 1868 5436
24823 1496 6569 7327 8370
24824 901 1815 4405 9151
24825 210 240 569 764 1340 1868 1894 2483 2801 4267 4300 5070 7730 8106 8231
24826 36 1791 2804 4475 8078 10422
24827 210 1107 4262 8637
24828 641 1727 2696 6500
24829 174 1602 3899 6003 9615
24830 767 4123 4129 7131 7616 7991
24831 641 3637 7874 7964
24832 1883 3912 7194 7642 8770
24833 588 4831 6500 8231
24835 152 560 1302 5673
24836 838 2334 4154 9666
24837 707 1329 1331 1526 4475
24838 420 540 1576 5837 6173 9733
24839 1665 2983 8195 8931
24840 7833 8729 9029 10423
24841 453 1758 5388 9843
24842 1747 4768 6715 10117
24843 149 204 1568 2019 4879 6818
24844 1150 1151 3830 5278 9202
24845 112 1967 6891 7942
24846 350 511 706 7105 8042 8205 9139 9280 10600
24847 641 1568 2066 6985 7054
24848 707 1329 1331 1721 2838 2841 2845 5782 6214 6704 6712 7386 8066
24850 167 486 2154 4961 6294 6301
24851 176 569 1186 6666
24853 257 260 538 571 1152 2690 6884 7660 9054 9536
24854 700 5412 7566 8258 8272 8826 10273
24855 519 2293 2709 4198 7376 9492
24856 1834 2391 4766 5544 7607
24857 636 1476 1492 1576 4830 5954 7006 8545 8902 9875 9935
24858 155 162 662 1144 1311
24860 355 569 1092 1159 1186 1314 1330 1572 1710 1711 2732 2961 4622 4770 8786
24861 2960 7166 8659 9333
24862 520 641 2250 5604 5778 8106
24863 1894 2511 6849 7353
24864 587 2672 5984 9944
24866 579 1246 1255 6247
24867 1340 1943 2607 7883 9212 9892 10321
24868 598 1347 2241 5079 6754 9275 9858
24869 4068 5385 5460 6958 8186 8754 9641
24870 1340 1348 1868 4014 4365 5250 9395
24871 1173 6004 7823 10411
24872 2565 6822 7151 8918
24873 4556 5721 9155 10109
24874 1065 1327 2884 8106
24875 400 2698 3753 4457
24876 381 1568 1784 5460
24877 1330 1666 2178 2532 2555 2617 2695 2924 2937 6068 7738 10033
24878 249 4108 4972 8408
24879 455 873 1742 8867
24880 262 2558 2566 5973 6667 6963
24881 1354 2025 2067 3138 3373 3451
24882 318 8274 9189 9767
24883 3425 4399 4837 5424
24884 151 470 519 548 651 3547 3896 6247 7818 7880 8494 9386 9569 10331
24885 4020 4316 5026 6231
24886 2650 3348 4574 10229
24887 561 947 5535 7263 8106
24888 424 1719 4391 8137
24889 478 653 1152 1161 2816 8106
24890 381 2509 2724 5311 6001 9685
24891 311 3714 4589 4663 5545
24892 707 1721 5966 6356 7309
24893 917 2015 2017 2023 8036 9850
24894 707 1331 1721 2021
24896 4261 7042 8273 9885 10483
24897 5648 5954 6048 6942
24898 34 3613 6234 10216
24899 1039 2061 4881 7320
24900 569 707 1329 1331 1721 3456
24901 177 195 261 2091
24902 362 7005 8444 10390
24903 583 1793 1808 8231
24904 2213 7497 7646 7819
24906 1894 6597 7275 7874
24907 707 1329 1331 6985
24908 419 1467 2752 4007 7823 9246
24909 3751 6373 8722 10596
24910 784 1775 1906 9526
24911 619 4350 7221 8935
24912 2801 2893 5074 5306 5512
24913 1193 4967 5333 10452
24914 786 949 1007 1619 2281 2316 3872 4901 5538 8786
24915 839 1878 5549 10459
24916 6627 6699 9353 9708 10311
24917 38 408 710 797 2649 2983 3463 5963 6840 7815 8150 9450 9813
24918 261 5153 6502 7145
24919 2567 3645 3646 3916
24920 195 542 2815 5967
24921 232 2090 3904 6264
24923 1527 1528 4142 4857 7096 8018
24924 3051 6751 7103 8318
24925 571 1132 1235 2511 2764 2843 4719 5253 6426 7335 9005 9139 10220
24926 86 299 6958 9782
24927 381 1340 3761 7298 7300 9361
24928 35 488 1456 1459 2726 2823 4411 5743
24929 2095 7620 7691 8451
24930 7247 8947 9153 9575 9585 9817
24931 3551 4098 7054 7697 10482
24932 2295 2591 5246 6070
24933 351 707 1329 1331 1721 8506
24934 583 1187 6842 8231
24935 569 641 1946 3707 5874
24936 24 519 662 1073 1340 1868 3269 4570
24937 387 1932 2784 5633 5932 6664 6900 7633 8704 8873
24938 2483 3000 9714 9727 10283 10291
24939 569 579 5823 5909 7131 8402
24940 362 4921 7067 9712
24942 173 4652 5106 5373 6527 6546 7262 9617 9928 10433
24943 36 208 4556 10400
24944 583 602 2494 3000 5388 6107 7211 7687 8106 8231 8458 9007
24945 227 3170 3810 7215 9092
24946 187 381 527 2638 8343
24947 381 439 1270 2505 2516 2948 5203 9326
24948 1137 2074 4588 5984
24949 569 707 1329 1331 1721 1910
24950 2581 2621 3912 3913
24951 359 662 703 1727 1868 3795 5460 5765 5874 6653 7006 8554
24952 361 707 1331 1721 1813
24953 379 380 664 7569
24954 87 3501 4108 6364 7103 7265
24955 6546 6565 7529 7777 7950 8485 8522 9240
24956 641 1705 2613 3688 6213 8289
24957 2820 3519 3806 3872 3934 4261 4266 4805 5121 6947
24958 874 1186 1187 4557 5395 5882
24959 111 3757 3781 5693 6376 7940
24960 1178 5460 5604 5874
24962 206 569 3245 3551
24963 1862 1994 2300 3869 7298
24964 593 3604 6468 6568
24965 160 1951 3634 4995 5158 5289 6023 8988
24966 703 4311 7880 8459
24969 3269 3277 3960 3961
24970 6108 8313 8517 8914 9275 9773
24971 37 4240 6849 8375
24972 311 420 6808 9733
24973 161 6336 7819 9723 9776 10396
24974 1096 2080 2983 4667
24975 1553 2238 2335 5938 6961 7994 8521 10423
24976 261 1351 5871 9994
24977 211 579 4431 9301 9414
24978 5893 6761 7684 7993 9899 9939
24979 845 4566 4584 6133
24980 2931 3202 4719 5125 8502 8857
24981 1340 2047 2538 5721
24982 355 7356 7643 7659
24984 1251 7042 8797 10566
24985 952 8841 9216 10165
24986 679 2091 5333 6076 7377 7986
24987 32 859 2440 2815 5484 5858
24988 569 1868 2238 4230
24989 4694 5316 8639 10429
24990 75 1137 6908 8697
24992 586 4198 4846 7006 7289 8207 8555
24993 1666 2522 3270 8065
24995 583 588 5778 8231
24996 3830 5287 8637 8872
24997 2837 3403 4940 4941 4963 5273
24998 640 641 8106 8339
24999 211 569 3147 3150 4700 6076
25000 198 4674 5129 7291 9177
25001 2719 7819 7823 8444 9933 10031
25002 583 588 1007 1868 4686 8231 10512
25003 641 2960 3143 3631 7628 7653
25004 4271 6816 8183 10350
25005 4854 9228 9546 10325
25006 1880 6167 6452 6647 6740 7056
25007 2590 4691 7112 7226
25008 195 2923 5423 6652
25009 707 1330 1331 1710 1721 5779 6108 7446 8740
25010 4288 5294 5657 9814
25011 1246 3000 4768 5871 5901 7096
25012 1255 4349 7273 10533
25013 538 1281 1314 2265 3227 4198 6831 7813 8044 8303
25014 833 2293 2734 9924
25015 145 3132 4941 5273
25016 641 706 4198 5984
25017 892 2178 3581 6917 8734 8919 9572
25018 2067 3223 3615 6991
25019 511 662 5871 6701 8390 8551
25020 311 1352 1624 1959 2114 2210 2300 2576 2588 4763 5227 5984 6970 7685 8106 8278 8350 8424 8700 8718
25021 2080 2994 3084 4667 4745 4838
25022 439 538 2205 2253
25023 3202 4719 8184 10154
25024 707 1329 1721 10424
25025 1256 2654 5857 8106
25027 210 1255 4223 6775
25028 381 2293 3000 9491 9723 9984
25029 213 379 668 697 1006 1833
25030 5771 6202 9883 10465
25031 95 1943 1961 8105
25032 1090 2509 4053 5032
25033 3707 4187 4273 5874
25034 216 405 767 1061
25035 367 1946 1967 2169 9885
25036 3486 3487 4645 5617 6454 6904 7054
25037 1796 2457 7945 9102 9806
25038 1493 4067 4812 7484 7930 8194
25039 1496 2661 4475 4883 7242 9063 9812 9866
25040 3409 3734 8084 10423
25041 2127 5478 5746 6070 6409 7385
25043 7572 8751 10143 10497 10577
25044 583 7491 8231 10205
25045 1347 1380 1597 2768 7288 8116
25046 554 6540 6591 6683 7105 9613 9656 10386
25047 154 180 261 569 2756 4335 5384 9569
25048 3086 4234 5754 8114
25049 641 1711 1727 4068
25050 100 118 3366 5060
25051 1330 1710 6677 7196 8146 9418
25052 253 2787 3520 6866
25053 2661 4744 7558 9885
25054 381 6323 6518 6626 7704 8038 8718
25055 588 1651 2043 3352 5328 8273
25056 579 6546 9025 10552
25057 1269 1290 1568 2047 4198
25058 190 571 3986 5851
25059 707 1196 1329 1721 4611 4782 6247 7908 8646
25060 149 204 583 588 5460 8231
25061 77 117 1298 2808 3201 4283
25062 1790 6833 7135 8396
25063 5346 6741 8570 10440
25065 73 4240 8408 10258
25066 2293 5823 7376 7930 9485
25067 30 2555 2557 6695 6740 7402 7961 10189
25068 1158 1271 1865 9885
25069 3551 5942 8141 8598 9166 9410
25070 2711 2815 4253 7394
25071 131 488 894 1962 4401 6931
25072 143 407 1091 1827 1862 1949 1976 2440 2536 3178 3318 4469 4789 6494 7208 7224 7300 9453
25073 1255 1932 2561 2802 4289 6947 7264 7899 8338 8931 9329 9875 10034
25074 1330 1710 4602 5914
25075 182 1209 6016 6018 7003
25076 361 590 3908 6106 6223 9965
25077 4261 7224 7409 8265 8619
25078 2136 2437 4261 5837
25079 2797 3282 5412 5536
25080 673 1980 2295 2598 5664 9539
25081 25 707 1329 2074 2196 3704 5312
25082 380 401 680 867 1599 3900
25083 569 3707 4537 4687
25084 941 1896 2876 5022
25085 203 1187 8103 8106 8837 9836
25086 9 936 945 1628 2178
25087 2695 5460 6816 7075
25088 111 1246 3000 3342 10167 10239
25089 260 447 2505 3707 4980 6682 6743 6876 9428
25090 42 2949 8905 9443
25091 247 764 969 6293
25092 489 903 1336 1441 2142 2214 2358 2360 2586 3841 4404 8106 8717 8767
25094 3553 4695 5460 5863 6557 7798 7987 8448 9427 10423 10497
25095 353 588 2150 5911
25096 244 1560 1979 3698
25097 351 381 1727 9883
25098 545 907 1502 4526 4686 10512
25099 707 1327 1329 1721 4205
25100 2260 7692 8511 8718
25101 707 1331 1721 4768
25103 253 746 1568 4879 5871
25105 5712 5884 7041 8342
25106 639 1340 1868 8776
25107 1329 1331 1721 5235
25108 522 2378 4243 5853
25109 707 1329 1721 7092 8718
25110 1361 2107 5224 5460
25111 1213 6001 6577 8446
25112 52 66 3089 3522
25113 243 2505 3502 3923 4638 4714 5721 6442 8103 8681 9166 10616
25114 151 1173 3502 6389 8033 9806
25115 548 3645 4763 4854
25116 689 1979 2837 3035 3738 3943
25117 8375 9435 10207 10261 10429
25118 1831 4090 9592 9660
25119 216 625 668 1029
25120 211 459 842 1456 1464 1478 1875 2590 3932 5724 7145
25122 641 1666 6645 8194 8786 9485
25123 2113 4020 8807 8875
25124 1329 1331 1721 9782
25125 1959 2746 3965 5384 6440
25126 972 1333 2905 3016
25127 2236 7179 8178 9614
25128 3931 4417 5424 6645 7022 9558
25129 1754 2185 3873 8207 10583
25130 1340 6433 8609 9673
25131 1152 4430 5911 7151 7765 9024 10026
25132 183 958 3810 4399 5984 7962
25133 707 1329 1721 2607
25134 1704 2047 3150 4622
25135 202 1336 8494 9254 9294 9911
25136 538 629 707 1023 1164 1711 1721 2565 2964 3426 4073 4621 4700 4896 5453 5831 5874 6333 6577 6643 7054 7140 9237 9298 9365 9509 9649 9664 9683 9723 9772 9779 9825 9956 10604
25137 155 162 5672 9732
25138 947 1076 1430 1680 3006 7899
25139 602 2501 2980 4632 5176 5846
25140 1460 1464 1497 1909 2033 2609 2752 4078 4429 4816 6544 7380 7836 8781
25141 1574 2094 2766 4014 5396 5460 8415
25142 211 6152 9608 10007
25143 6299 6313 7900 10374
25144 1186 1187 1973 2675
25145 2042 5550 8704 9275 9569
25146 1383 1890 8554 8665
25147 470 767 771 4762
25148 599 600 5842 8258
25149 4784 7402 9103 9463
25150 491 1780 2053 4605
25151 1636 2744 3124 3127 3144 3151 3672 4183 4310 4719 4896
25152 520 2555 5793 5903
25155 1552 5823 10145 10316
25156 660 6699 6959 7935 8717 9144
25157 353 354 635 1376 6394 9558
25158 2409 2960 5704 8288
25159 2736 8918 9335 10069
25160 2295 4970 8549 9779
25161 1726 1878 2046 3827 5478 5721 5746 5874 6324 6401 7062 8381 9036 9836
25162 515 718 3352 8106
25163 2961 4198 6667 6701
25164 23 1133 1186 1187 1191 2047 4011 5016
25165 583 588 3813 4198 4838 8415 8511 9821 9883
25166 67 2467 4331 7807 10037 10132
25167 1087 1144 1168 3588 4299 9624
25168 833 5460 6715 7929
25169 654 1015 8192 8273 8718
25170 3839 4395 6177 10377
25171 2029 3628 6453 9386
25172 1128 1446 3000 10239
25173 3043 7022 8106 9240
25174 305 1623 3681 7054
25175 730 922 923 3565
25176 883 1866 1878 4998
25177 219 4483 4606 7289
25178 2704 4363 5478 5642
25180 569 1868 9490 9491
25181 1340 1568 1868 8481
25182 375 409 874 914 1862 2507 3734 4722
25183 4310 5703 7832 9395
25184 165 351 538 2053
25185 511 1340 1868 7750
25186 165 1580 1727 1932 2087 5386 5672
25187 579 635 4063 4896 6247 6643 7335 8754 8804
25188 346 446 4700 5043 7823 8189
25189 1186 3006 5778 10033
25190 548 583 588 916 8231 8637
25191 406 569 5172 8103
25192 1041 1732 5496 5984 6701
25193 1150 1151 1827 4166
25194 651 1211 3502 3691 4253
25195 707 1721 1904 2565 4272 5222 6539 7687 9296 9420
25196 583 1736 4198 8231 8928
25197 241 1531 1932 4198
25198 211 412 3520 9978
25200 833 1246 5556 5984 8718 9818 9885
25201 4748 5378 6073 6348
25202 1868 3691 5873 10045
25203 707 1331 1569 1721 6958
25204 144 407 476 865 1005 4514
25205 2689 4608 6108 6793 8665
25206 4391 6232 8120 9703
25207 1727 4198 5646 6576
25208 357 1241 4600 6583
25209 4068 4160 4700 5080
25210 173 2009 2766 4073 5985 8553
25211 36 746 2114 10400
25212 381 462 579 707 1495 1721 1771 2033 2590 4068 4649 5535 6502 6643 8773 9608
25213 2806 3830 7776 8567
25214 78 1727 6904 9005 9025 9561
25215 2309 5080 6665 7187
25216 151 444 463 612 1314 3928 4198 4657 4915 6577 7896 10081 10583
25217 519 6896 8068 8106 8643 9581
25218 326 578 735 934 1026 1387 2255 3513 3734 7300
25219 18 353 5422 6029 8206 8550
25220 588 3163 3858 4017 5171 6192 8231 9466 9802 10605
25221 361 720 2004 2017 2207 3648 3653 3841 4177 6783 7660 8103
25224 412 2100 3674 4719
25225 1884 5546 8424 9025 9571 10237
25226 8731 8904 9457 9746
25227 4198 4820 4830 6115 6513 6705 6765 7294 8921 10106
25228 288 707 1222 1331 1721 2123 2236 4622 4666 4700 6527 7668 9339
25229 1449 2481 5823 6547 6950
25230 1255 1290 1445 6775
25231 63 96 2553 3480 5416 5464 6511
25232 1301 2182 2691 5555 6264 6494 7536 7918
25233 2561 3521 5536 8367
25234 162 5460 9386 10452
25235 584 588 589 5721 8231 10380
25236 4020 5460 9508 10551
25237 149 204 424 538 650 1446 1650 1727 2043 2220 2295 2494 3492 4068 4349 4472
25238 583 588 594 3588 4307 7986 8231 9627
25239 1859 2162 2640 7431 7502 9238
25240 718 1041 1293 3727 4297 4301 5721 5724 6072 7028 7163 8058 9054 9429 10007
25241 195 1708 2051 2162 8106 8156
25242 1790 4667 8424 8576
25243 5491 7494 9048 9118
25246 588 1726 2993 8231
25247 204 362 1229 6410 7793 9704
25248 5494 5601 7297 7491
25249 169 797 3471 5972
25250 369 568 2534 2631
25252 546 564 2061 5291 5372 6256
25253 2403 3648 4352 10136
25254 542 1570 1727 1899 2368 2999 7073 8248 8271 8811
25255 2649 4606 8620 9967
25256 413 544 707 1329 1331 1721 1727 2695 3555 3777 4020 5399 5460 6076 8343
25257 1380 1389 2435 5456 6421 7979 8963
25258 5346 6278 7054 9832
25259 1282 1340 2362 10033
25260 273 501 512 520 711 775 1281 1502 1528 1597 1888 2965 3132 3135 3588 4034 4050 5737
25262 507 4100 4351 5754
25263 225 1394 3646 8718
25264 96 2661 4622 9169
25265 23 101 1255 1830 7123 10424
25266 5460 5598 9546 10139
25267 1666 3094 3451 7489 8413 9216
25268 381 2815 3043 5672 6247
25269 3944 4529 5249 6143 7180 9296
25270 2754 6952 8471 9259
25271 649 2825 4352 4554 5884 7054 8640 10008 10260
25272 1219 1732 5164 5983 6740 7402 8192 8388
25273 3000 4667 6775 9809 10239
25274 6062 9940 10076 10333
25275 583 4768 5235 6070 6401 6997
25276 4689 4734 7671 10557
25277 5557 7592 7674 8750
25278 3502 3624 4417 4990 5874 8103 8471 9897
25279 1457 6162 6816 8557 8704
25280 1666 3000 5634 7237 8347
25282 24 579 1714 6002 9446
25283 569 1340 1868 8106
25284 727 7006 8162 8958 9490
25285 1497 7142 7188 7338 7461 7519 7823 7934 8897 9165 9650 9887 10608
25286 707 1329 1331 1721
25287 149 204 1568 2178
25288 881 2226 2252 8718
25289 765 2942 5715 6037 6870 7242 7925 8499
25290 420 508 9733 10439
25291 4422 5714 8509 8795 9210
25293 738 2043 3270 5155 7481 10292
25294 1340 1868 7166 9043
25295 569 2047 7929 8795 9867 10059
25296 95 2801 2810 2811
25297 359 2711 3455 3609 4584 6985
25298 1156 1340 1721 1830 1868 2153 3368 9493
25299 525 2621 2896 4223 5278 6421 7163 8432
25300 78 141 216 491 1016 1645 1861 3468 4747 10355
25301 1177 1404 1959 4859 4943
25302 5385 5747 7054 9240
25303 1161 1162 2807 4739 5486
25304 4452 4974 5460 5584 5634 5747 8000 8106 10264
25305 545 2695 6969 9492
25306 1101 8128 9320 9493
25309 1173 2126 2178 2460 2720 3704 3964 8303 8569 8795 8866 10069
25310 707 1329 1331 1721 4475
25311 2982 3912 4117 5295 5973 8795
25312 126 668 841 4767
25313 210 1070 1457 1708 1894 1955 2621 4667 6987
25316 511 538 583 641 707 1329 1331 1569 1721
25317 1408 2104 2905 5570
25319 2431 6697 6701 7057 8279 8286
25320 1780 2268 5371 6348
25322 584 588 2123 6941
25323 1888 2463 4780 5435 7734
25324 4700 7490 7529 7659 7935
25325 2511 2650 8448 9679
25326 161 210 606 1666 1775 2590 2726 2744 3346 3682 4557 4570 4768 5360 5724 6422 6643 6856 7341 7392 7443 7845 8289 8318 8369 8554 8702 8704 9025 9274 9588
25327 587 4470 5019 8587 8625 9053
25328 605 3731 6748 6876 7145
25329 24 579 1568 4198 6699 6715
25330 2689 3129 5305 5721 8106
25331 1340 1868 6728 7770
25332 7819 7937 9160 10514
25333 151 538 7438 7934
25334 2293 4768 5724 6876
25335 2814 4441 6577 7201
25336 1866 2092 2580 3501 8493
25337 5721 7380 8101 9426
25338 2162 3080 3249 6607 6958 8103
25339 36 715 2455 8718
25340 351 1340 1568 1868
25341 183 359 678 7712
25342 2266 4198 7491 7535 9275 9761
25343 3090 5787 7545 8276
25344 5478 7438 10244 10482
25345 455 542 1282 1307 2314 2364 5437 5721
25346 589 1285 8686 10552
25347 707 1329 1331 1721
25349 2205 2253 5460 6991
25350 38 102 1830 2099 3430 4889 6226 9115 10114 10571
25352 1298 8122 9000 9013 9693 10147
25353 583 588 662 4198 8273 8650
25354 2541 8137 8795 9139
25355 5727 7142 8240 9621
25356 1534 4487 7721 8192 9493
25357 118 1732 5721 5771 5984 6990 6991
25358 5460 5543 5664 6384
25359 1722 2815 2843 6553
25360 1186 1187 2687 3875 7646
25361 3229 3667 4782 5268
25362 1222 2498 3804 5090
25363 30 5634 6891 7675
25364 952 2323 3568 5484
25365 161 353 646 4264
25366 359 511 605 707 1329 1715 1721 1746 1972 2561 2567 3051 4446 4475 4584 7143 7176 7205 7876 8702 8833 8844 9314 10093
25367 6887 8696 8902 10139
25370 4678 5874 8116 8986
25371 149 2265 5460 6611
25372 96 1710 6995 8111
25373 101 6826 6884 8482
25374 587 898 914 1067 1995 4477 4676 5912 6105 8919
25375 2150 2561 2578 2799 2823 4835 4861
25376 8103 8795 9849 10587
25377 361 1222 1285 1868 2214 7407 8173 9277 9918
25378 149 204 361 2457 7465 9441
25379 193 662 1329 1331 1721 4059 5613 6660 7718
25380 187 2037 2590 3717 5537 6135 6217 6615 7742
25381 2004 2105 5460 8103 10148
25382 520 707 1329 1331 1721 2603 4013 5093 5441 6168 6699 8122
25383 2293 2364 6979 7750
25384 4700 5305 5487 5984 6985 7990
25385 1941 6377 7187 8106
25387 635 711 3091 3204 4063 5874 9546
25388 1708 2059 3886 8789
25390 1012 3169 5927 5943 7506 8795 9499 9837
25391 583 588 1618 8231
25392 261 294 305 3641
25393 520 2146 6724 7217 7514 7868 8127 8795 9524 9588 9739 10069
25394 1330 1710 4988 6930
25395 2436 5455 5556 7846
25396 5947 6496 6856 9423
25397 4537 4615 5617 6283
25398 273 2047 2874 3454 3752 3854 4700 4731 5397 6889 7799 7894 9139 9143 9419
25400 1714 4664 5524 8103
25401 4700 6959 9286 9695 10381
25402 2811 3085 4396 5167 5943 6358 7040 7448 7874
25403 711 2480 3742 3955 4700 5287 8625 9581
25405 351 569 1186 1213 1446 2293 2565 4572 4850 4869 6545 6876 6946 7076 8702 9025 9389 9723
25406 376 1949 2468 2877 3775 8448
25407 1307 7633 8116 8797 9459 9892 10058 10565
25408 641 2047 2689 2815 3202 6108 6990 7998 8278
25410 877 997 1080 1088 1565 1819 2298 8786 8800 9988
25411 355 361 569 1488 1917 2591 4748 4758 4814 5162 6624 8106 8177 9212 9661
25412 410 2046 5973 7743 8963
25413 8441 9546 10098 10466
25414 3369 3501 7484 8431
25415 583 588 2742 8704
25416 96 2004 2766 6979
25417 1298 3139 5984 6876
25418 1329 1331 1721 1912
25420 351 1173 1507 3713 4830 5771
25421 2108 4783 7807 7994 9679 10239
25422 69 540 554 2492
25423 238 583 588 8231
25424 1394 4687 7160 9438
25425 6068 6740 9321 9468
25427 3550 3683 6611 7054 8106
25428 2144 2849 3473 4715 5863 6238 8187 9036 9526
25429 641 1234 1457 6959
25430 765 1152 1774 5929 6989 7289 7691 8256 8625 8717 9372 9600 9790
25431 3717 4061 6594 9062 9160 9864
25432 545 6384 7808 8718 10190
25433 707 1200 1331 1666 1721
25434 707 1329 1721 4125
25435 444 781 2983 3317 6041 6527 6892 7131 8289 10367
25436 1330 1451 1569 1710 4719 5653 6100 6536 6743 7565 8162 8338 9363
25437 173 569 1174 7738 7851
25438 1159 2589 5349 8718
25439 6051 6276 7131 7953
25440 1489 8494 9589 10268 10311
25441 453 545 1330 2228
25442 527 4958 6719 6946 10248
25443 2076 3513 3734 4108
25444 1893 2179 2303 4700 4768 5540 5770 5871
25445 208 6991 8670 9157 10519
25446 1285 7054 8338 8810 10595
25447 1727 1868 4198 5823
25448 4175 5001 7461 8686
25450 275 2302 2579 4759
25451 2123 2265 3717 8718
25452 351 1178 5460 8303
25453 2153 4311 7266 7564
25454 1329 1331 1721 5593
25455 2942 6988 8031 9768 10501
25456 728 784 5420 7402 10010
25457 579 8523 9161 10098 10117 10124
25458 5984 8795 9155 9398
25460 784 1446 1642 1711
25461 321 407 905 4665 4674 5498 6411 8159
25462 776 1241 5302 8545
25463 36 75 275 1246 1249 5626 10400
25464 2689 3602 3792 7484 8169 9386
25465 311 2454 2457 6521
25466 1621 2253 2262 2295 2884 5001
25468 37 1138 5982 8803
25469 2051 7779 7796 8717 8902 9873 10348 10479
25470 662 1568 1727 6982
25472 589 2596 5460 5820 5882 10399
25474 4615 7052 8293 8549 9400 10004
25475 5846 6429 9492 10395
25476 7697 8225 8424 8922
25477 2583 4974 7749 8128
25478 18 21 6930 7585 9885
25479 7333 7619 7935 9698
25482 2595 4681 7194 7302
25483 165 591 3413 4091 4636 5333 6409 6852 7473 8579 8694 8795 9286 10157 10587
25484 4267 5217 7529 7964 8796 9077 10452 10601
25485 1239 3988 7874 8448 8890 9025
25486 583 588 2207 9276
25487 4213 6941 9437 9856
25488 1383 2368 3582 5362
25490 149 204 583 588
25492 1586 2329 3135 6990 8534
25493 1282 1329 1331 4821 6259 7503 8103 8481 10617
25494 279 780 1329 1331 1340 1721 1922 1978 2061 2108 2303 2983 3317 4020 4189 5014 5294
25495 843 2565 2802 7937
25496 381 6583 6938 7545
25497 2452 3519 3792 7478
25498 1044 3545 4558 9438
25499 569 1340 1868 3707 4417 7964 8106
25500 1246 2661 6046 9343
25501 1456 1462 1495 5115 6565 9462
25502 520 569 1727 4719
25503 1361 2117 4418 6722
25504 5041 5054 6492 7226
25505 1364 1407 2356 2358
25506 2043 2826 4062 5080 5297 7006
25508 3588 5598 6181 7283
25509 107 5378 5536 7273
25510 414 4149 9046 9624
25511 707 1329 6816 8073
25512 569 3925 4208 6202
25513 125 251 662 4377 7576 7832
25514 589 662 8116 10060 10375 10581
25515 583 588 8231 9005
25516 9585 10370 10371 10372
25517 36 195 1219 5719 6253 6276 8184 8555 10400
25518 433 587 2186 3513 4874
25520 3830 4368 4674 9974
25521 569 1394 6178 8718
25522 754 2927 3333 7833
25523 1908 5360 8704 10478
25524 1531 1922 1932 2303 2494 2560 2563 2799 2961 3051 3576 3955 4405 4700 5460 6503 7376 8987
25525 9481 9813 10009 10143
25526 1292 2663 4582 5585 5586 7310
25527 1330 1710 9719 9738
25528 451 8295 9733 9781
25529 1981 4678 6197 9207 9629
25530 210 6775 7491 8444
25531 710 1696 2471 3343 3464 4857 5396 5532 5664 7366 8731 9106 10454
25532 471 4576 5545 8795
25533 872 942 2534 5456 6281
25534 2172 2536 2989 3519 3792 5759 8155 8270
25535 5601 7123 7823 8194 9386 9878
25536 584 641 1627 5437 8106 10402
25538 707 1329 1331 7489
25539 3051 6577 6743 9236
25540 167 247 2891 4887
25541 47 4595 5379 5471
25542 4896 6565 6577 6845
25543 1104 1862 3837 4333
25544 48 5837 6041 6405 8448 9571
25545 224 592 1222 1355 4291 5436 6576 9072 10123
25546 299 763 2815 5405 6942 7168
25547 5006 6108 6334 7022
25548 95 149 204 8444
25549 77 1239 4277 6218 7874
25550 216 376 498 1644 2534 3896
25551 1282 3960 7289 8127
25552 237 1178 2159 2434
25554 4556 5710 6991 7903
25555 590 4899 5586 6469 6546
25556 746 2580 2645 4767 6377 10042
25557 614 767 1015 5935 6878 8963
25559 1893 4391 5049 8147 8303 10030
25560 362 1704 2555 6498 8103
25561 1329 1331 1721 6078 7385
25562 2371 3499 4218 5857
25563 660 1446 2152 2640 3270 7236
25564 14 579 1340 1569 1868 5194 6876
25565 1177 6487 8415 8919
25566 187 7054 8866 9335
25567 1446 3000 5972 10147
25568 253 1446 1866 1878 2390 2856 2926 3843 4331 4417 4869 5379 6372 8564 8763 9014
25569 416 654 1537 9411
25570 3454 5489 6522 6715 7823 10411
25571 635 707 1153 1329 1331 1577 1721 3393 5032 5662 6872 7113 8177 8419
25572 231 591 1002 5294 6299 6344 9471
25573 3610 5142 7903 8718 8987
25574 1894 2661 5691 8521
25575 3519 3792 4934 6958
25576 585 650 3999 6941
25577 351 707 1329 1557
25578 5466 9410 10114 10316
25579 1894 4020 4280 4350 4666 4935
25580 782 2454 2457 5761 6968
25581 6958 8106 9849 9885
25582 95 747 1732 6775 7996 9381
25583 571 2262 5984 6429 8106 9848
25584 188 583 728 843 3704
25585 1157 1342 2691 3009 5460 7407
25586 470 569 6460 6626 7740 7824
25587 204 5788 8967 8976
25588 1577 1874 3280 4773 8555
25589 1443 2109 3202 10199
25590 487 1630 3758 4879 6124 6202
25591 639 2353 5586 6605 7180 8103 9386
25594 1014 1340 1868 4526
25595 199 354 8704 10521
25596 275 381 1331 1340 1721 1868 2015 2214 3691 5823
25597 707 993 1329 1528 1589 3809 4125 4261 7385
25598 351 707 1329 1331 1394 2280 4048 6699 7770 8106 8717 9216 9277 10062 10160
25599 707 1329 1331 5823
25600 311 545 4407 7438
25601 160 349 412 3986 4558 5016
25602 1066 3101 4233 6712
25603 936 3189 4355 9437
25604 1884 2131 4557 8194
25605 24 1329 1331 1721
25606 583 586 588 707 1329 1331 1914 3948 4850 6245 6480 6673 6970 6989 7054 7145 7151 7289 7627 8275 8687 8978 9240 9546 9558 9649
25607 536 914 1081 1086
25608 8886 9049 9091 9332 9819 10287
25609 408 2661 3000 5982 7768 7872
25610 381 707 1331 1721
25611 606 3645 9515 9588
25612 707 1329 1331 1721
25613 1732 2852 2941 3687 8795 9151 9429 10489
25614 569 1255 1342 7402 8415 8555 9471 9493 9885
25615 149 1027 2085 3730
25616 108 695 1342 1642 2494 3906 4783 5460 6137 7161 9206 9275 9485
25617 4538 4867 6210 7317
25618 4044 4741 8740 9790
25619 588 1007 1711 3621 5345 6324 8231 9850
25621 588 1599 4691 8231
25622 583 588 1298 1340 3138 5460 7423 9588
25623 1096 1100 9089 9544
25624 36 78 1096 2859 5584 10400
25625 2585 6449 6851 7423
25626 173 368 378 379 5788 6494 7608 7852 7937 8367 9484
25627 359 569 707 1331 1721 5550
25628 583 588 7089 7685 8569 8829 9733
25629 4893 5477 6665 6741 6891 7438 8103
25630 389 707 1329 1331 1721 5478 7653 8661 9471 10447
25631 2732 3937 5775 5874 6438 6701
25632 2081 2432 2684 3085 10435
25633 154 1154 5929 6943
25635 707 1329 1721 8470
25636 2555 2817 3985 4534 4550 4884 5863 6085
25637 2691 8466 9174 10517
25638 381 4933 5929 6958
25639 584 2984 3331 6679
25640 261 4768 6577 6699
25641 1870 2353 3896 4923 5260 5632 7607 9013 9993 10355
25642 7306 7417 7649 8949 10344
25644 2000 2345 5721 6607
25645 199 635 707 1329 1331 1340 1568 1721 1727 1868 1932 4198 4350 6219 6299 6662 6883 7484 9569 9680 9903 10481
25646 1528 4896 6553 9723
25647 2861 2885 5694 5695 5990 8978 9275 9764
25648 1180 3841 6664 10489
25650 3830 7054 9054 10020
25651 2079 4466 4700 6438 7908 8964 9054 9766
25652 1891 7567 7943 8952
25654 2645 2866 4532 4649
25655 1048 1491 1932 2207 2406 2742 3333 4101 6564 6842 7088 7652 7850
25656 645 1878 5254 8751
25657 1169 1893 3132 4640
25658 1979 2477 5586 6958
25659 1972 4087 6701 10258
25660 2639 3844 4741 5268
25661 708 889 2067 4897 10362
25662 916 5439 8880 9361
25663 1340 1868 1878 6448
25664 625 2107 2366 3427
25665 4172 4606 6571 7088 7154 7162 9403 9839
25666 583 588 2178 8231
25667 155 162 1568 5984
25668 1216 2524 3615 4350
25669 579 707 1331 1721
25670 3080 3717 5881 7964
25671 149 355 1710 2384 3393
25672 2822 2893 4995 7794 8800
25673 1662 1846 3817 6919
25676 1421 5383 6845 6968
25677 1727 1858 8720 9222
25678 210 721 1894 2693 3000
25679 590 678 4410 9347
25680 29 38 1825 5658
25681 469 824 9005 9801
25682 362 467 569 4712
25683 1192 1920 7497 9515
25684 1727 8106 8980 9166
25685 1186 1888 2801 4215 4691 5091 5690 7348 8136 8973
25687 211 707 1329 1331 1340 1721 1868 1894 8451 9025
25688 707 1331 1340 1721
25689 23 707 1306 1329 1721 2345 5723 7124 8156 9649
25690 2123 2689 6217 6815
25691 1711 1909 2406 7998
25692 470 3896 4283 5478
25693 670 2579 2661 4280 4399 4519 5726 6115 6125
25694 330 865 1866 8763
25695 1177 1443 1497 2541 3413 3436 4475 4532 4830 5604 5910 5914 6873 7145 7491 7572 7964 8025 9569 10612
25697 4275 5259 5263 9641
25698 1246 7402 8366 9534
25699 2891 6143 8625 9166
25700 1452 6916 7380 10441
25701 5579 6566 8509 8705 8866 9356 9674
25702 211 366 588 1174 1742 5984 6941 10137 10266
25703 706 3813 4208 4475 4869 5046 6936
25704 840 2047 3425 3745 4342 6989 8751 8902 9072
25705 1700 1821 2815 2983
25706 240 2856 2877 4299 5072 5460 5824 6230 6536 9054 9775
25707 707 1331 1721 2964
25708 195 579 721 6076
25709 5431 8600 8726 10166
25710 273 274 3269 6765 10411
25711 2293 2675 3161 3641 4758 5334 7350 7548
25712 538 6724 7659 9276
25713 1181 1711 2647 8924
25714 4295 6715 6982 8768 9240 10060 10279
25715 746 2849 5972 7660
25716 376 769 6695 7569 7999
25718 351 583 588 717
25719 707 1329 1331 9463
25720 351 707 1331 1721
25721 5389 5863 5969 6124 7018 7022 7788 8303
25722 874 3994 8319 9515
25723 36 102 1734 9122 10400
25724 1023 2555 4162 5482 7987
25725 583 593 5236 8231
25726 2154 4327 4869 8395
25727 2005 2207 3076 6626
25728 167 1340 1894 4532
25729 501 5545 8463 8502 8665 10099
25730 149 2785 3135 6377
25731 2560 2815 3645 4206 6247 7335 8236 9581 10324
25732 707 1329 1331 1721
25733 2555 2766 5762 9140
25734 1050 4840 4875 8105
25735 96 1138 1186 1894 6926 9981
25736 500 2945 3123 4626
25737 2558 4700 5915 6333 6503 6941
25738 273 484 8103 8471 9240
25739 4209 5460 8192 8528
25741 569 662 5201 5588 9627
25742 181 538 1313 1340 1868 2942 6341
25744 824 1333 1408 3564
25746 583 4072 5388 5954 6522 9557 10062
25747 1773 1930 2060 6247
25748 36 569 583 588 630 635 713 1459 1542 1649 1761 1864 2179 3091 4532 5713 5900
25749 707 1329 1721 6005
25750 1177 2565 3051 9906
25751 707 1329 1331 1711 1721 2886 4214 5728
25752 545 2768 5581 10105
25753 1662 1846 3919 4869 5294 8875 9856
25754 1362 1374 3695 3775 10483
25755 1523 2483 8595 9615
25756 8633 8940 9493 10533
25757 3120 3202 4198 10040
25760 1568 1727 1932 7708
25761 707 1329 1331 1340 1721 7542
25762 211 359 462 1482 2001 2259 3864 5242 6108 6792 6920 7402 7992 8996 9072 9240 9723 9825 10123 10146 10147 10354
25764 2738 4265 5648 7413
25765 384 579 765 775 1281 2132 2942 3051 3588 4050 5073 5162 6331 6341 6383 6762 7005 7283 7548 7911 8399 8727 9386 9463 9667 9831 9899 10243
25767 662 1502 1653 3910
25768 204 354 583 588 8231 9924
25769 164 2625 5235 9216
25770 3085 9095 9180 9870
25771 1394 2547 5672 6671
25772 118 2751 4077 5318
25774 796 7726 9522 10079
25775 321 956 6411 9499 9806
25776 468 710 1426 3480 3747 3846 4351 4703 4749 6051 6075 6218 7041 7135 7423 7494 8223 8935
25777 1330 1710 3707 4609
25778 173 269 511 520 569 706 707 843 953 1179 1329 1721 2590 2816 3988 4075 4214 4860 4883 5099 7828 8310 8343 8355 8636
25780 2164 4637 7577 8896
25781 1329 1331 1721 1868 6182
25782 1679 4159 5264 8700 10241
25783 4096 5423 6466 10098
25784 1222 1366 1394 1462 1893 2272 3644 4901 5338 6831 7384 7900 8272
25785 521 3560 6247 6762 7341 7773
25786 1555 5366 7448 7559 8290
25787 583 588 7338 8231
25788 2887 4881 5460 5871
25789 381 1577 2114 8717
25790 662 707 1329 1331
25791 1223 2265 5339 6278 6641 7653
25792 747 3830 9346 10194
25793 662 1568 2355 4589 6868 6884 7508 8610
25794 898 1387 1863 8832
25795 470 822 6905 10576
25796 707 1329 1721 5641
25797 210 1708 3886 4452
25798 1133 1340 1868 2746 6087 6263 7468 7470
25799 2046 2162 2808 9206
25800 5466 8481 9267 10214
25801 3717 4682 5054 8681
25802 5319 7299 8289 8363
25803 569 707 1329 1331
25804 2280 4590 5395 9329
25805 234 352 5782 8759
25806 532 1772 4232 4646 4762 5657
25807 311 314 1404 2354 4462 5525
25808 1262 2207 4488 8145
25809 36 4020 5287 8387 10400
25810 5016 7937 9256 10243
25811 253 4032 4137 5119
25812 1868 2738 2739 4255 5672 5823
25813 205 5478 5642 6324
25815 213 376 564 1624 2366 3427 9964
25817 35 627 1457 6643 8625
25818 334 376 662 2534
25820 3891 5242 8223 10060
25821 3181 5101 6299 6304 8106
25822 2564 4773 8637 10534
25823 5059 6645 8699 9822
25824 67 8195 8413 10165
25825 2300 5706 8048 10261
25827 407 432 1522 4470 9177
25828 435 1574 5115 7143
25829 3223 6213 6982 9493
25830 2145 3473 4239 10548
25832 1010 3993 5984 6658 10009
25833 1139 2824 8106 10199
25834 1329 1331 1721 3091 3610 6522 8136
25835 4038 4726 6887 7272 7335 9100
25836 25 102 103 142 1990 2145 3704 6115
25837 1394 6701 6765 7448 8078 8383 8784 10476
25839 164 2661 8096 8904
25840 1291 2811 8285 10116
25841 2143 3485 3886 4875 5313 7839 10331
25842 3707 4054 4337 5947
25843 75 1558 1637 3782
25844 37 38 1291 4350 10440
25845 1496 2608 7145 7366
25846 569 1284 1330 8718
25847 25 77 433 3191 6664 8752
25848 1711 6565 6605 6699
25849 1011 1329 1330 1710 1721 2211 4288 5672 5984 6075
25850 673 1489 2621 4821
25851 1404 2358 4891 10262
25852 4667 8106 8676 9322
25853 3558 4975 5748 8381
25854 24 1340 1712 1868
25855 5395 7646 9356 10352
25857 2432 3859 4059 4263
25858 3575 4214 4591 10495
25859 928 3046 8808 10053
25860 5013 5075 6429 7600 10314
25862 1456 4815 5874 5887 5946 6967 6985 9230
25863 92 1107 4242 4685 6404
25864 24 1505 2126 2293 4198 5388 5871 5874
25865 478 1007 4243 5338 6770 7862 9025 9883
25866 532 1246 2162 3886 5969 6775 7447 9673
25867 254 1033 1937 3043 8393 10137
25869 35 569 1186 1187 2815
25870 662 1340 1346 1868
25871 334 1666 2686 9321
25873 2178 6628 6699 7179
25876 202 381 448 569 1178 5460
25877 564 986 5294 10535
25878 1410 1643 4022 5531 8137
25879 179 1727 5929 6642 7335 7818 7823
25880 408 1708 4397 5305 5518 6434 7168 8044 8118
25881 3306 4469 5400 6072 7871 9606 9952 10033
25882 36 511 569 4104 8078 8457 8927 10076
25884 319 604 4726 5984
25885 1853 2593 3318 8996 10451
25886 1950 2555 7054 7294
25887 542 5099 6091 8103
25888 1894 2835 3708 4362 4377 4443 5721
25889 3846 8095 8905 8935
25890 4020 4234 5230 6072 6699
25891 972 1538 1652 5804
25892 24 305 356 579 1187 1293 1294 1727 2125 2766 3934 4214 4558 5460 6105 6383 7862 8343 10466
25893 415 561 1011 1272 1950 2534 2556 2923 3563 3663 7011 7821 8718 8883 9662
25894 1496 2608 2609 6881
25895 9383 9751 10145 10316
25896 2531 3150 3652 7998 9952
25897 707 1331 1721 10198
25898 583 1895 2658 2689 3491 4053 4664 8273 8932
25899 167 7935 8139 8170
25900 190 662 1154 5998 6067 7296
25901 3279 9951 10207 10482
25902 930 4122 4638 5423 6831 9286
25903 4532 5368 5866 8544
25904 2195 4639 7475 8463
25905 276 420 9523 9733 9878 10533
25906 5540 6546 6564 6958 10392
25907 707 1329 1331 1721
25908 1624 3915 3919 6281 7424
25910 6715 7550 7861 8700
25911 569 3622 5478 5721 6991 7071
25912 2046 5516 5677 5947
25913 4700 5496 7819 10331
25914 1830 3886 3975 7402
25915 439 511 579 641 1157 2643 5947 8044 10199 10450
25916 4943 5688 7245 10450
25918 707 1331 1346 1721
25919 2621 3385 3688 4714
25920 2413 5622 8575 8788 9379 9893 10147
25921 2334 4370 6323 7982
25922 43 5523 6105 10090
25923 569 579 1868 2424 4405 5874 6045 7791
25924 1469 2457 2590 4198 5361 8717 9286
25925 707 1329 1331 1721 4714 8343
25926 1327 1568 1727 4350 4639 7009
25927 569 673 1340 1868 2214 8665 10429
25928 274 2649 6169 8795
25930 2068 7402 7835 9655
25931 42 47 7402 10361
25932 1568 1932 4198 7054
25933 586 635 4622 5873 6575 6642 7050 10247
25934 3886 6775 6892 7163
25935 248 354 602 707 1178 1329 3652 3803 4755 5235 5460 5604 5642 5746 6991 7159 8286 9956
25937 273 274 1256 1749
25938 260 305 1568 1732 1904 2215 2285 3000 5478 5745 5916 6142 7185 7376 7445 7687 7961 8961 8987 9120 9240 9363 9596 9693 9698
25939 707 1329 2260 3809 4830 9737
25940 569 679 1340 1868 4198
25941 351 707 1331 1721
25944 4261 4935 6740 8022
25945 348 2123 6709 7708
25946 14 2512 4734 7658
25947 1568 4647 6003 6553 8795 9832
25949 1476 2786 4532 9324 9570 10250
25950 345 1523 1980 5079
25951 1727 3277 3576 5290 8278
25952 206 348 662 5858
25953 381 1346 1868 5604 6389 7139 9471
25954 210 279 469 1830 1898 2155 3886 4020 4533 6447 6674 8624 9991
25955 278 1246 1252 1329 1331 1721 1966 4452 4986 5657 6465 6553 7445
25956 115 2841 7620 7672
25957 1329 1331 1457 1721 4014 6701 8759
25958 2394 5489 6136 7659 7697
25960 4979 5245 5993 6381 9730
25961 149 583 1568 6170
25962 6527 7537 7924 8023 9271
25963 930 1255 4987 6123 6890
25964 848 1421 1726 3302 5004 5294 6626 6928 7682 9356 9441 10005 10468
25965 1922 5721 6025 6294
25966 3051 7156 9723 10301
25967 2558 5721 6135 10583
25968 190 5984 7742 8987
25969 1269 2525 4261 6197
25970 2100 6426 7059 7620 8448 9145 9272 9430
25971 3598 7935 8828 9427
25972 1340 1868 3964 8637 9212
25973 67 1972 4435 5535 5747 6565 6768 6816 8074 8219 8987 9072 9240 9360 10267
25974 467 490 762 2965 3265 7225 7306 7790 8197 8356
25975 1314 6108 6717 7273 10147
25976 2283 3769 3956 9293
25977 569 641 1346 5721 7304
25978 3270 3522 4280 4881 5837 5984
25979 34 1652 5965 6641
25981 4 1066 3999 4830 8282
25982 4621 8257 8258 9372
25983 305 569 579 588 1271 1480 3986 8273 8902 9590 10447
25984 1893 4700 8826 9998 10595 10601
25985 5665 6117 6699 6884 8434
25986 1529 4806 5879 7264
25987 402 569 4537 8103
25989 1025 3556 4785 8735 9529
25990 1601 4700 6157 7264 8765
25991 1256 1704 1932 7692
25992 2280 4166 7286 8392
25993 1128 2534 4646 4762
25994 181 4906 6399 6709
25995 1714 1715 1959 2658 5478
25997 240 2105 5300 6494
25998 357 1194 1260 1905 2247 3935 4463 4652 4869 5194 5724 5873 7419 7930 8429 8437 8835 8842 9032 10010 10193 10268
26000 1177 1280 4214 7484
26002 5604 7236 8343 9329
26003 2051 2474 5328 8285 9941
26004 18 2784 7402 8652
26005 5748 6804 8746 9128
26006 691 1459 3811 4532 4821
26007 520 9160 10491 10577
26008 934 2345 3383 5984
26009 482 2437 2514 2746 5823 9955
26010 435 6642 7823 8625
26012 2704 7135 7564 7816 8043
26014 538 1285 3718 9801
26015 5289 5460 8181 8252 8270 9360
26016 711 1329 1721 2004 2726 3653 4061 4063 4430 5887 5917 6967
26017 1187 1394 4198 5110 6194
26019 511 3717 5604 8918
26020 2591 2795 6307 9042
26021 596 6328 6833 6972
26022 2366 3427 5782 10355
26023 235 1192 1285 1339 3545 3746 4566 6225 6518 10551
26024 34 155 162 1177 1569
26025 25 6333 9329 9642
26026 470 651 2391 2958 3896
26027 165 540 980 1046 1290 1738 2233 2719 4921 9840 10176
26029 412 2638 4584 5316 5848 5942
26030 707 1329 1331 4973 5318
26031 412 775 1294 1370 1462 1622 1705 4607 6141 7076 7078 7179 7773 8071
26032 936 1239 2066 5724
26033 149 204 355 707 1331 1721
26034 100 2650 5797 6050 6802 8751
26036 273 351 2225 5988
26037 24 1932 5460 5984 8347 9329
26038 1568 5984 6653 10060
26039 260 5579 6655 6757 9489 10062
26040 706 969 1399 4077
26041 5245 6070 7166 8638
26043 380 591 707 1329 1331 1868 2661 5929 7677 8219 10199
26044 2454 7819 7823 8625 10331 10411 10591
26046 583 1177 2315 8273
26047 571 4758 4794 5823 6724 7205 8748 10597
26048 588 2047 4452 8231
26049 381 630 4475 5876 6060 7335 8106
26050 2310 5376 8963 9828 10079 10355
26051 1438 1617 6613 8782
26052 603 6496 6701 6989
26053 14 1570 5706 10261
26054 101 490 3646 6645 8424 8448 9602 9662 10457 10595
26055 4971 5797 7055 7332
26056 583 588 2334 7982
26057 381 1177 4452 5460 6772
26058 199 1355 4337 5657
26059 729 4368 5564 8953
26060 19 20 569 4891
26061 1157 2815 8596 8704
26062 1712 2042 5197 6143 6978 6989 8200
26063 4068 4830 5801 6363 10054 10060
26064 2364 5246 6041 6174 6309 6466
26065 722 928 1597 4187 7674
26066 529 1727 2207 8145 9661
26068 4957 6107 6775 7306 7470 7935
26069 264 5858 8219 9346
26070 1568 2047 2782 3318 3820 5874 7316 7485 7737 8065 8067 8944 8959
26071 7493 7835 7972 9889
26072 707 1331 1342 1721 4570 7161
26073 2631 3297 4387 5389
26075 2228 5642 6324 7059
26076 654 821 874 3164
26077 1329 1331 1721 5984 8402
26078 1986 3588 4192 4748 6659 6869
26079 1194 1666 2295 3202 4417 5205 5356 6299
26081 520 2565 2766 4264 5460 6699
26083 2865 5113 6931 9506 10282
26084 31 73 5634 8677
26085 183 1597 1893 1914 2814 4598 5581 5721 5863
26086 5041 7500 7770 8680 9046 9624
26087 7386 7908 8939 9960
26088 3163 3555 4020 4935 5506 9493
26089 679 3199 3769 5721
26090 207 1446 2115 2303 3615 3928
26091 2810 5049 5823 6775
26092 579 6577 6587 7579
26093 3638 3897 5984 7316 8106 9140
26094 707 1331 1721 5905
26095 2564 4700 4809 6889
26096 78 569 579 707 1213 1329 1331 1568 1721 2740 3792 4203 7027 8343 8718
26097 2649 6884 8511 9485 10000
26098 239 468 1836 2729 5543 7721
26099 3229 7773 8031 9481
26100 1290 1813 7266 7704 9608 10046 10109
26101 3999 5708 5823 7915
26102 1876 2059 2684 9847
26103 4160 9940 10076 10357
26104 719 7504 7808 8869
26105 150 1457 2688 6547 7093 7294
26106 2505 3749 8106 8555
26107 5132 5664 9418 10373 10406
26108 362 1006 3043 8156 8162 10144
26109 2875 5348 6374 7899
26110 135 354 569 579 2768 4198 8282 9201
26111 1926 2546 6905 9998
26112 1583 2677 5992 6339 7908
26113 1932 5110 6029 8106
26114 1466 2564 7108 9566
26115 2123 2585 4441 5367
26117 944 1441 2579 2646
26118 2590 3751 4372 4825
26119 66 332 467 1021 2335 2675 2882 3792 4242 4623 4875 5277 5876 6121 6910 8499 10387
26120 34 1666 1727 3308 3961 4020 4770 4881 5460 5874 5947 6125 6596
26121 18 2524 4436 5816 6191
26122 583 588 1796 2457 2784 3747 8070 8231
26123 351 1340 4830 6994
26124 211 633 3628 6568 6569 7366 8537 8625 8835
26125 354 2454 2766 4830
26126 1509 5354 5584 6764
26127 707 1151 1329 1331 1721 8987
26129 211 3315 5811 7431 9124 9780 10450
26130 679 1456 2744 4754 5367 8972 9873
26131 38 707 1331 1340 1472 1721 1868 4490 5431 6958 7168 8807 10492
26132 747 3830 9601 10020
26133 4882 8444 8920 9160
26134 261 1868 4198 5874
26135 3202 3576 4582 5691 6544
26136 318 319 1735 4974
26137 2822 4417 4995 8449
26139 3249 4263 5982 8039
26140 185 2805 4150 4705
26141 511 4035 4836 5487 6390
26142 95 2823 3576 6831 8865
26143 4098 7891 8116 10350
26144 569 1813 3986 5426 8260 8471
26145 621 707 1331 1721 4755 7484
26146 152 513 2280 2302 3904 4363 7071
26147 4253 5154 7563 9406
26148 3271 3453 4875 7128
26149 354 627 1330 1472 1474 3811 3968 4822 5460 6626 7022 8055 8536
26152 151 1347 6103 9471
26153 1340 1868 5657 9930
26154 1177 1329 1331 1721 1920 7377
26155 583 588 1173 1314 3748 8106 8250 8415
26156 359 1223 4768 5747 5984 7523
26157 131 503 756 1296 5718
26158 172 262 1802 3048 3707 4475 8110 8791 9484 9487
26159 14 18 164 952 5779 5874 7446
26160 588 1256 5478 8231 9355 10466
26161 118 7289 7461 9734
26162 2162 4425 7433 9583
26163 101 501 5536 6268
26164 875 1158 1389 2511 10182
26165 1340 1587 2917 4417 4638 7041
26166 1001 2684 7328 7491 8080 8225 8415 8783
26167 2214 5077 5460 6161 6701 9280
26168 1576 4452 5460 7892
26170 21 1327 2804 7039
26171 5976 7545 7895 9452
26174 5719 5771 6810 8607
26175 1018 1845 5574 5913
26177 260 3204 5125 5947
26178 2263 2843 4198 5874
26179 24 767 1607 3912 4120 4335 5051 5422 5789 6518 6965
26180 579 5809 6699 8204
26181 2037 2752 4846 7482
26182 6070 7850 8424 9358 10218
26183 2565 6522 6605 6822 7537 9447
26184 707 1329 1331 6990 9492
26185 253 3938 4002 5863 8082
26186 1280 1888 2542 3588 6247
26187 1204 5851 9286 10129
26188 1878 2524 2904 3289 5456
26189 1154 3091 4915 9008
26190 163 750 800 1953
26191 662 2215 2627 3773 8768 8841
26192 381 1568 5984 6538 6806 7003 7155 8162
26193 1092 1982 2118 2677 3551 4853 4990 6308 6400 6990 7423 9032 9240 9636
26194 78 1246 1834 3706 8162 8873 10040
26195 2279 3558 4377 4494 9543 10482
26196 1256 2236 2238 3277 8066
26197 1980 3551 3576 5604 5929
26198 913 920 3167 3774
26199 209 1094 6070 7866 7891
26200 711 1459 4430 7217
26201 1895 2580 9788 10260
26202 402 434 861 866 1995 2308 3869 4874 6750 9177
26203 1815 2200 5603 8953
26204 3089 3090 7491 7876
26205 247 964 4537 6301
26206 1253 1700 2095 2815 7731
26207 1274 7819 7823 7824
26208 1526 2594 3536 3653 9166 9802
26209 260 2066 3688 5863
26210 1315 2652 3648 8718 9050 9441 10106
26211 305 1108 1340 3944 5536
26212 335 767 1421 2631 7292 8448
26213 583 588 10120 10142
26214 579 1727 5540 6247 7264 7823 7957 9739
26216 2162 4196 4592 6994 7447 7469 8581 8805
26217 2162 2164 2299 2489 3290 4553
26219 1456 1469 2060 3593
26221 183 674 4401 8195
26222 583 588 1319 2305 8231 8444
26223 583 7627 8231 9836
26224 1108 1489 2689 2746 4214 4565 8959
26225 1246 2583 4974 7483 8459
26226 635 2589 6121 8972 9753
26227 2435 8716 8893 10111
26228 707 1331 1340 1721 1868
26229 3734 5568 5772 6249
26230 34 102 351 359 1340 1868 2318 3115 5724 6660 6989 8163 8234 9036 9827 10551
26231 1205 1340 1346 2046 2695 6944 6991 7710 7978 8902 10315
26232 18 19 20 2152 3132 3348 3691 8103 8106 8563 9885
26233 583 1646 6885 8388
26234 2178 3800 4850 5153 6363 7685 7976 9240
26235 101 318 319 320 321 324 433 757 1862 1994 2162 2509 3869 4469 4676 4801 5232 5483 5514 5568 6665 7028 7470 8444 8597 9177 9856 10457
26236 662 1329 1331 1459 1469 1510 1721 2178 2253 4005 4061 4063 4604 5194
26238 1347 2688 6982 7294
26239 1246 7308 7883 8109 8375 8448 10040 10460
26240 6534 6747 8036 8136
26241 4020 4639 7941 10450
26242 179 569 707 1162 1327 1331 4772
26243 371 829 4946 8069
26244 5030 5216 6717 6853
26245 6560 9502 9525 10608
26246 819 937 5851 6076 6606 7908
26247 9 359 2538 3653 4399 5424
26249 352 667 5068 5780
26250 36 4598 9145 10400
26251 1423 2401 3880 8927
26252 358 1375 3952 6311 6389 7492 8278
26253 1178 1284 1878 1985 5460 6546 7442 7934 9885 10477
26254 2509 3199 5659 7474
26255 2658 3707 6900 8106 8718
26256 746 4418 7572 8555
26257 469 686 722 3741
26258 2047 5101 6076 6936 7744 8711 9118 10031
26259 923 1421 1599 3568 3912 3913 6380 7671
26260 36 1190 1443 1915 2655 4162
26261 2661 4783 7391 10450
26262 793 1404 6905 7491
26263 362 662 1293 1294 1579 7823 9160
26264 1827 2043 2709 3551 4893 9043
26265 37 2299 2612 4475 5982 6740 7096 7505 7510 8220 8401 10230 10400
26266 469 7961 9542 10127
26267 1222 1568 7022 8106 8307
26268 24 1727 5460 8759 8907
26269 929 1868 2305 6664
26270 361 1552 2283 9157
26271 556 2768 4896 6207
26272 536 545 791 840 929 998 1346 1383 1408 1430 1890 1979 2046 2376 2392 2457 2960 4283 4459 4462 4694 5154 5244 5935 6958 7054 7330 8039 8106 8255 9005 9657 10083
26273 24 2201 2790 5975
26274 1796 2324 9255 9885
26275 574 707 1329 1721 2766 8042
26276 14 5634 6905 7028 9351
26277 839 7637 8941 10321
26278 1576 4243 5910 6446 7716
26279 1617 1944 3423 3467 4104 6613 8479 8930 9241 9272 10101 10102
26280 579 590 7976 8902
26281 1133 2511 2924 4417 4438 4698
26282 697 957 8856 10141
26283 2849 4350 4351 7964 8278 8426 8795 8922 9471 9600
26285 1932 3048 3077 5965
26286 362 1173 1177 2205 2229 2960 4198 4243
26287 1462 1469 1581 2610 3811 3968 4431 7738
26288 583 588 4700 6090 7916 8718 9049 10183
26289 1813 3373 5349 7576
26290 569 571 706 707 1329 1721 8913 9128 9276 9281
26292 1246 1534 1748 1910 2640 4891 6076
26293 36 75 2810 3347
26294 4700 6117 6560 7822 9719
26295 719 1666 2352 2665 8401
26296 707 1329 1721 2689 4172 6860 7898 10601
26297 926 957 1645 2383 3918 4686 6664 8222 10512
26298 3856 6874 9386 10146
26299 90 241 1970 4894 6914 6926
26300 515 1267 4307 5194
26301 6496 6741 8165 8413 10561
26302 826 839 944 1158 2495 6317
26303 6458 8173 8289 8736
26304 3530 4253 6107 7913 8868
26305 520 1486 3741 4869 4996 10047 10079 10596
26306 2059 3463 4020 5471 6848 7437 7996 8388 9493
26307 702 1133 2661 4438 4465 7773
26309 1329 1331 1721 4686 6029 10512
26310 210 1255 1591 2621 2817 5510
26311 2843 5776 6247 8207
26312 588 1007 1446 9632
26313 583 6087 7659 8273
26314 126 2801 5318 5386
26315 24 2557 2766 5244
26318 5721 6623 7228 9791
26320 775 2237 8754 8813
26321 102 354 407 1391 2320 2717 5460 5678 10032
26323 351 2046 3296 8099 8271
26324 3830 5313 6935 7655
26325 149 204 3000 4783
26327 1150 1151 1568 3372
26328 311 474 913 3321
26329 2579 2804 4532 6495 7096
26331 707 1331 1721 4796
26332 1340 1868 2260 4383 5460
26333 52 5818 5863 7405 10171 10253
26334 2237 4253 5040 5141 5182
26335 407 462 2590 2853
26336 1329 1331 1721 3910 4629 4700 7095
26337 1570 2046 4460 5417 6846 7978
26338 348 536 583 588 705 1597 1813 1868 1974 2558 2590 2843 2931 3050 3318 3767 4505 4565 5079 5564 6794 7175 7569 8103 8273 8317 9493 9513 9829 9850 10137 10280
26339 700 2755 5984 9456
26340 1876 4475 4515 9384
26341 662 2194 3730 4915 8207 9139 10552
26342 1340 1868 4765 4850 6032 6989 7738 8207 8369 9380 9773 10290 10410
26343 729 784 800 5984 6158 7279 7402
26344 1163 1344 2925 3680 3803 3844 5724 6073 7022 8390
26345 100 146 2691 7834
26346 211 2815 3806 5244
26347 1902 2631 4944 5406
26348 18 2513 2903 6247
26349 412 707 1329 1331 1818
26350 351 583 588 8231
26351 569 1868 7054 7683
26352 1366 1427 2345 5672 6253 6323 6991 8103
26353 707 833 1331 1721 2675 5080 6373
26354 4915 6852 6975 7906 8767 9588
26356 2 588 662 1727 3926 6429
26357 2053 2123 2640 4215 4223 4881 7744 8729 9760
26358 14 1709 7656 8625
26359 1455 2178 5823 9277
26360 362 3925 7835 8343
26361 583 1280 1293 1340 2654 4214 4893 8273
26364 1131 1535 4550 9437
26365 1423 2512 2983 3000 3085 5083 5296 7123 8115 9167 9180
26366 1346 9628 10078 10478
26367 1340 1356 1868 10078
26368 179 1700 2815 5751
26369 707 1329 1721 9006
26370 35 1673 2364 2690 3906
26371 989 1001 1174 1330 1710 1833 1834 1932 8285 8883 9025 9616
26372 2555 4417 9241 9493 9885 10014
26373 354 3156 5984 6324
26374 1501 2624 6002 6621
26377 708 1960 2362 5545
26378 1446 2661 2895 3758 3886 6834
26379 587 3190 3789 4484 6138 8159
26380 7423 7817 8116 10122
26381 412 2538 3593 5001 5874 6958 8055 8173 9005 9542
26382 2758 3020 6428 9702
26384 6989 7136 8717 9946
26385 1423 2536 2579 4954 5982
26386 3864 4554 6757 8162 9025
26388 1169 4014 5095 6546
26389 1310 1355 4591 5831 6118 6491 7384 9652
26390 1096 3513 4470 4471
26391 202 354 2015 2107 7689 8817
26392 707 1329 1721 2814
26394 2403 2406 8718 9604
26395 583 588 951 1152 1340 1868 2122 2511
26396 208 1177 4103 5871 6847
26397 1451 1893 1928 7871
26399 23 1255 1290 2509
26400 1871 4309 5079 5776
26401 511 1485 1868 2283 3906
26402 1329 1331 1340 1868 2768 8103
26404 4280 5622 6695 7807 9204 9360 9376
26405 2546 2732 5460 6816
26406 77 4990 5771 6958 9723 10198 10354
26407 1246 1534 3675 4214 4475 4974 8921 9166 9542
26408 706 2593 5761 8734 8738 8795
26409 351 528 579 1464 3202 4635 5580 6593
26410 2779 4136 4869 5294
26411 2845 3588 3913 6878
26412 668 6282 7023 7667
26413 1846 4280 6890 8789
26414 583 2215 4391 8231
26415 448 4917 7022 7453
26417 355 1300 8278 8795
26418 420 9166 9685 9733
26419 707 1329 1331 1721 2068 9884
26420 579 2766 4821 5672 7844
26421 2500 4705 4939 6333 6719 8064 9386 10411
26422 132 2114 5359 7448 8519
26423 5470 6959 8551 9515
26425 583 7402 8231 8505 9493 10264
26426 409 2240 2509 8820 9008 9240
26427 1893 4238 5851 7783
26428 78 361 652 1858 3000 5460 5761 8495 9290 9838
26429 118 1652 2148 3836 4186 4777 7558 10533
26430 2621 6740 7402 8637 9493
26431 3968 4736 5774 5873
26432 6455 7491 7964 8162 8555
26433 579 4655 4759 5721 5984 9023
26434 1458 7380 7423 10292
26435 3501 3580 7163 8595
26436 756 4869 8036 8424
26437 2541 4532 8415 9184
26438 1920 3593 3668 5672 5724 6225 9025 9049 10060 10078
26439 5212 7103 7133 7611
26440 2661 8873 9804 10446
26441 2709 4097 6982 7849 8554
26442 2102 2108 3000 5929
26444 4417 7644 8716 9860 10111 10241
26445 588 1568 3551 8106
26446 305 583 588 4020
26447 6664 7167 9499 10583
26448 7616 8987 9972 10447
26450 38 103 1107 2120 2555 2872 3782 4022 4349 5499 7212
26451 1348 5341 5413 8103
26452 3986 5761 5851 8638
26453 2 4198 4687 6242 8494
26454 947 2100 2631 4106 5596 5851 8106 8905 9441 9485 9745 9782 10016
26455 1023 3381 3631 4014 5655
26456 1892 2238 5905 7073
26457 2555 3830 3886 4001 7012 8583 9767 9816 10291 10421 10424
26458 1150 1151 2529 6501
26459 542 707 1329 1331 1721
26460 662 4198 4356 5460 5466
26461 412 413 2051 2642 6228 8438 9885
26462 707 1329 1721 6889 9025
26463 356 1329 1330 1331 1678 1710 4203 5984
26464 898 977 4852 9974
26465 351 707 1275 1329 1331 1666 4830 7698
26466 2849 4972 9115 9231
26467 4475 5435 6245 6556 8359 8421 8446 9462
26468 162 579 3276 6236 6577 7950 8218 8337 9041 9045
26469 549 2592 2960 4842 7633 8303
26470 760 2534 4681 6416
26471 4616 9193 9281 10479
26473 727 1498 1603 2384 2798 4302 4772 5075 5302 5873 6107 6583 6957 7113 7338 7441 8847 9588 9609 10337
26474 149 204 1765 7054 7078 9240 9938 10003 10078
26475 7177 8017 8582 10499
26476 641 4565 8231 9955
26478 1178 1727 2047 4452
26479 547 633 4028 10391 10410
26480 269 3000 6741 7536 9311 10291 10377
26481 1346 2109 5065 5880 9201 10205
26482 351 4198 8369 8795
26483 4588 6229 7007 9274 10207
26484 4560 4698 6163 9177
26485 1893 2238 8920 9720
26487 586 1346 1732 5721 7781 9271 10425
26488 2801 2815 3331 3512 4797
26489 1888 3843 4261 5152
26490 187 331 1451 2190 2841 4860 5379 6502 6809 7421 8044 8636 9134 10321
26491 1375 3252 4907 8343
26492 1190 1732 6220 8424 9005
26493 592 1868 2876 5391
26494 820 1061 1062 2216
26495 4349 6093 7464 8452
26497 181 351 1329 1721 2194 2843 4472 5460 7934 9937 10508
26499 1213 2305 7289 8604
26500 205 6070 7837 8116
26501 569 5646 6377 6982
26502 3347 4553 4639 4884
26505 707 1329 1331 9029
26506 5316 5478 8116 9071 9542 10117
26508 1446 4214 6076 9386 10198 10331
26509 2223 5688 7987 9782
26510 35 2886 7484 7909
26512 366 1705 4768 5557
26513 5472 5565 7023 7498 8619 10205
26515 583 5460 7964 9186
26516 579 971 2458 2836
26517 711 1610 4700 7143 9005 9139
26518 540 1592 4662 7595
26519 717 1773 2561 3302
26520 187 1306 2110 2548 2874 2941 3535 4150 9166
26521 103 671 1558 2631 2810 4924
26522 792 1346 1959 4198
26523 1383 1980 5478 7180
26524 7385 7438 8893 10253
26525 24 767 4735 7054
26526 520 602 1142 1489 6775 7581 9320 10198 10200 10265 10386
26528 3000 5045 5762 10239
26529 20 2555 4436 5844 8939 9338
26530 1516 1528 4391 9885
26531 24 96 408 1339 1394 2295 2766 5068 7822 9386 9487 10266 10331
26532 569 1568 1932 3707
26533 3429 3840 4223 6046
26534 587 866 2219 4674
26535 216 769 4336 7569
26536 211 8555 8876 8923 10203 10488
26537 554 1756 2305 2704 5422 5677 5966 6464 8303 8338 8555 8718 9883
26538 1534 5379 5809 8424
26539 49 1317 1932 2801 8575 8867 9416 9592
26540 1932 2643 4214 5874 7376 9348 9432 9723
26541 298 4432 6536 8207
26542 355 3439 3575 4046 4700 6117
26543 641 1340 1868 4198 5460
26544 573 1569 5724 6667
26545 351 703 5823 8909
26546 1177 1410 2529 2596 4405 4667
26547 2172 2357 4093 4404
26548 3294 7279 7656 8277
26549 5584 5837 8296 9499
26550 1329 1331 1721 2884 6108 7022 8207 9600
26551 9338 9541 9694 10506
26552 707 1213 1329 1721 4162 6501 9201 9323
26553 4700 5161 5823 10524
26554 6842 7708 7835 8415
26555 148 157 158 322 330 1391 1863 1864 1873 2672 3770 5945 7099 9177
26557 376 382 655 656 1031 2216 2556 3663 4380 5291
26558 4095 4277 5160 5728 5972 6404
26559 1543 2546 4148 4475
26560 3631 8290 8519 8520 8582 8927 9626 10499
26561 649 707 1331 6108
26562 710 2162 2661 4121 4764 7135
26563 469 1932 4014 5460 6958 7089 7749 8209 9485
26564 383 707 1329 1721 1911 10007
26565 488 583 588 4903 8231
26567 468 1936 2983 4100
26568 641 1868 1893 3518 6491 7669
26569 1340 1868 4243 5460 9423
26570 1174 1617 2811 8935
26572 8350 8471 8577 9702
26573 77 1007 1246 3000 10277 10278
26574 5863 7273 7402 8789
26575 556 2469 3830 6051 7905 8557
26576 548 2960 4883 8754 9998
26579 3249 3451 4425 8413
26580 707 1329 1331 1721 1926 2886 4475 4821 6406 9854
26582 2162 4350 6191 8190
26583 49 95 2661 6958
26584 141 497 2438 4285
26586 118 6429 7402 8298 8420 8795 9109
26587 4452 6816 6985 9481
26588 1269 4669 5433 6253 6323 6664
26589 712 1252 1281 1285 1633 2095 2125 2444 4215 4523 4823 5642 6223 6233 6914 7034 7408 7832 8382 9347 9588 10252 10355 10394 10422 10423 10424 10587
26590 467 1662 8375 10283
26591 2566 2615 3204 3519
26592 2924 7491 8128 9440
26593 1092 1177 5771 6494
26595 768 1833 1834 7282
26596 2 1568 9832 10508
26597 24 299 351 359 554 5460
26599 273 1459 2375 8272
26601 1625 2848 2883 6259 7291 8331 9645
26602 563 589 5747 6042 6546
26603 707 1329 1331 1721
26604 2106 4680 7647 7953
26605 9150 9338 9523 9593
26606 707 1331 1721 5807
26607 651 1568 1932 2556 4793 6281 8106
26608 1221 2400 2661 3000 4783 6892
26609 1979 5338 6530 7771
26610 176 254 275 3707 4198 5553 5672 5778
26611 381 707 1329 1331 2607 6822
26613 1340 1868 1932 5871
26614 1177 1329 1331 1678 1721 4624
26615 588 2783 2789 3133 5883
26616 583 588 5926 8231
26617 2123 2334 6990 7982 8679
26618 969 1251 1365 1561 2250 3924 4537 5719 6316
26619 73 1722 2046 6423
26620 4020 7056 7539 9467
26621 540 635 2590 6560
26622 1154 2640 3944 4250 4251 7898 8029 9306 9740
26623 5489 7408 7640 8574
26624 4537 6440 6544 8461
26625 1182 1347 1569 1727 2265 2305 2791 3683 3691 5325 5395 5544 5653 6324 6376 6985 7746 7922 8274 8287 8288 8413 8414 8497 8549 8649 9329
26626 1569 3436 3986 9588
26627 361 381 5724 10000
26628 607 3645 8103 8960
26629 583 588 2047 5944
26630 162 707 1329 1721
26631 215 825 874 2329 2784 3917 4014 5014 5874 6388
26632 662 2590 4432 5179 9386 9632 9782 10051
26633 165 583 588 6194
26635 2041 9345 10229 10241
26636 707 1329 1331 8363
26637 579 662 707 711 1331 1721 2055 2240 4104 6247
26638 175 707 1331 1721
26639 4839 9061 9215 9586
26640 18 2643 2808 5811 6076 7640
26641 1410 4142 5602 6337
26642 273 274 1222 6860
26643 1340 6724 8740 10107
26644 1666 3094 3223 8039
26645 1067 1346 3556 5436
26647 210 2457 2546 3249 4504 9582
26648 1262 2852 7481 8207 10057 10253
26649 7698 7816 9663 10357
26650 362 931 3538 3688
26651 888 1616 2391 5294
26652 1878 2945 5048 9824 10147
26654 5999 6276 7622 7953
26655 213 470 651 1599 3896 5730
26656 2631 5106 5562 8513
26657 381 1868 2143 2162 2280 2302 3313 7263
26658 807 1119 5823 6546
26659 583 588 2856 8231
26660 149 204 1673 6115
26661 2541 4719 5929 9386
26662 2795 4537 6788 9989
26663 7199 7218 7757 9335 9982
26664 1018 1726 1932 4198 4340
26665 4981 7345 8338 9139
26666 1336 2364 5289 9470
26667 37 757 2555 5229
26668 707 1331 1721 4551
26669 1394 5249 5874 8106
26670 2019 2966 3587 4590 5823 5873 5899 6156 7369 8287
26671 7569 9589 9600 9849 10017
26672 1122 2102 4472 5341
26673 195 6087 7826 9268
26674 93 361 621 662 718 1340 1482 1868 2535 4066 5641 5781 5915 5984 6170 6654 7211 7263 7376 8009 8165 8925
26675 4846 6701 7687 10608
26676 1186 1187 2380 4068 4554 4631 5423 5637 6341
26677 89 4171 4534 5270 5692
26678 2565 2570 2843 4700 6117
26679 728 2843 3440 5778
26680 211 492 554 6522 7801 9385 9502 10367
26681 1330 1710 3280 5016 5300
26682 2778 3051 3519 4700 4809 6016
26683 1168 1319 6860 7376 9674
26684 379 877 881 885 2277 2957 5804 7175
26685 157 322 407 910 913 1251 1938 2230 2672 4638 4788 4872 5442 9177
26687 30 1609 6041 9726
26688 707 1331 1721 4862
26689 542 641 1451 1568
26690 1742 2689 8381 9542
26691 1097 8278 8776 8938 9776 9952
26692 4929 5460 6900 7880 7997
26693 3670 4261 8452 8678
26694 24 2689 7964 8674
26695 928 3723 3888 9401
26696 348 1375 5747 8775
26697 583 588 4563 5194
26698 205 305 545 1858 5746
26699 4798 6433 7327 8950
26700 2119 2861 4349 5503 7373 7374
26701 304 700 1550 7834
26702 2555 9189 10321 10378
26704 24 4437 6028 7024
26705 18 353 2149 2524 2815 4733 5460 6741 8827
26706 1327 1908 2576 10162
26707 1773 6021 6941 7201
26710 1070 1268 2704 7089 7853 9493
26711 34 173 538 1172 1223 1928 3982
26712 381 591 641 1568 2364 2434 3707 4748 6876 9569
26713 2010 2982 7991 8606
26714 216 496 676 850 972 1316 1870 1980 10533
26715 420 4338 5120 7122
26716 936 1086 1539 1561 4690
26717 3576 4214 6741 6854 8587 9723
26718 1634 1666 5672 7964
26719 73 5688 9390 9915
26720 0 407 917 5478
26721 4589 5672 5871 8486
26722 998 1108 1316 3139
26723 24 381 1340 1868
26724 187 1327 1910 5460 8170 9819
26725 583 588 678 2195 3982
26726 353 579 1569 5915
26727 707 1331 1721 9786
26730 1340 1980 2265 3105 4198 5436 7628
26731 348 662 1894 1932 4110 4214 5604 6782 6890 7054
26732 707 1330 1331 1721
26733 707 1329 1555 1591 1721 2081 2576 2579 3135 4391 4768 5000 6447
26734 1177 4518 5460 6121 6699 8759 10073
26735 641 1666 2982 8724 9023
26736 1177 6135 8338 10022 10199
26737 545 579 2960 6738 7934 8551 9586 9941
26738 1216 1301 1443 1672
26739 446 1451 5914 7266 7280
26740 273 274 629 1459 2047 2260 4431
26741 173 1222 1446 1569 3425 8416
26742 195 763 765 1097 1159 1528 2518 2766 2886 3615 6464 8338 9253
26743 889 1666 1678 5684
26744 1666 3019 3094 8039
26746 1666 2558 2792 3204 3575 3877 4557 6666 7266 8103 9442 9941
26747 4198 6611 8415 9806
26748 1635 1989 6108 6165
26749 707 1329 1331 2129
26750 2893 7017 7862 8516
26751 183 211 632 2193 6930 8065 9054
26752 2564 7823 7844 8326 9386 9542
26753 9 311 2300 5584
26754 588 593 2123 8231
26755 4538 5757 6184 6826 8070
26756 403 819 4077 8495 8726
26757 8536 8978 9767 10072
26758 408 773 2043 2114 2661 3000 4475 5460 5586 7721 7870 9386
26759 355 3726 5545 7438
26760 220 6859 6944 9500
26761 1137 1178 5553 9275
26763 2228 5211 7175 7291
26765 151 538 595 2070
26767 2376 6079 6348 7243
26768 569 1868 7938 8858
26769 920 1115 2672 4872 7163 8977
26770 571 654 707 768 1331 1420 1421 1721 2387 2507 2548 2766 2843 2953 3100 3421 3994 4220 4687 4883 6494 6611 8272 9151 10294
26771 584 1933 6883 7022
26772 1534 4700 8702 9389
26773 1813 5962 9360 9852
26774 4955 5077 7054 8941
26775 1625 2817 3084 4892 4954
26776 78 1246 2761 2868 3000 5928 7417
26777 149 1066 1246 5943 5965 10037
26778 1568 1878 1964 6401
26780 1894 2723 3093 4680
26781 1081 5338 5535 10266
26782 1106 1643 2555 3094 3331 10321
26784 571 1329 1721 2285 2772 4110
26786 2539 3271 3588 5281
26787 548 569 1932 5874
26788 583 589 591 2250 2524 3109 3928 8673 8791
26789 3963 4595 4906 5947 6399 7054 8795 9995
26790 407 603 4667 5597
26791 707 1721 2418 9546
26792 583 588 2238 8231
26793 260 2993 6905 8032
26794 1869 3189 5837 8103
26795 467 590 591 778 2219 2511 2512 3056 3111 4867 7103 7676
26796 707 1329 1331 1721
26797 873 1740 1890 1967 2084 4559 9453 9832
26798 593 1157 2564 3645
26799 337 482 10142 10508
26800 1240 1330 1653 1710 1892 2732 4768 9861
26801 981 1641 1915 2117
26802 2207 2745 3355 10208
26803 3202 3576 5672 8156
26804 5179 5721 6363 9027
26806 1055 5998 7705 8066 9139 9360
26807 2847 5807 9542 9701
26808 34 78 4660 6152 7083 9251
26809 381 5468 6527 6565 6717 8212 9462 9849 9957 10417
26810 5412 7632 8448 9430
26811 414 1597 2471 3730 4045 5721 8103
26812 2145 4584 5460 6262 10210
26813 2046 2047 2406 3000 4253 4667 6114 6907
26814 351 540 3025 3033 5874 6816
26815 727 7484 7990 10411
26816 1285 2979 4724 5657 5823 6076 6438 8106 8499 9003 9010 9995 10032 10040
26817 1033 1038 4180 8883
26818 1340 1704 1760 6001
26819 707 1329 1331 10611
26820 381 579 1177 1727 5874 8106 8494 8594 9296
26821 520 654 662 9723
26822 173 237 4700 7909 9481
26823 2408 2658 3904 5290 5642 8549 8555 8671
26824 4277 4309 8102 8207
26825 6582 8074 8375 10291
26826 1951 3346 8516 9517 10124 10239
26828 2593 7007 7022 9723
26830 1138 2509 2583 4020
26831 383 1293 1452 2143 2564 3609 3932 7006 7136 7590 7801 9996 10550
26832 2077 3670 6059 7538 8388
26833 381 1330 1710 2708 5724 7104 7262 7574 7765
26834 351 579 583 588 6229 8273
26835 3401 5788 7213 8767 9189 9770 10009
26836 1568 6715 7056 8704 9347 10062 10237
26837 1222 3795 4768 6577 6822 9240 10557
26838 18 772 1001 1007 1130 1346 1552 1721 2391 2775 5179 5281 6001 9285 9782
26839 857 896 1246 1387 1862 1873 4575 4674 5442 5567 5600 9177
26840 101 2512 2583 5688
26841 193 2756 2907 2920 3560 4081 4170 5034 5054 5341 5453 6762 6842 7386 7566 7567 8298 8902 9799 10315
26842 2178 4663 4842 6457
26843 149 204 386 2105 9979
26844 1531 2357 5395 7902
26846 400 887 1883 2394 3896
26848 232 2642 4974 5141 6623 6792 7773 8230 9130 9745
26849 1346 5395 8556 9334
26850 4915 5998 6525 6743
26851 583 588 679 1757 5747 6937 8231
26852 1268 6433 6606 10450
26853 594 719 1666 2809
26854 579 4150 9471 9745 10411
26855 223 707 842 1277 1329 2675 5441 5751 7823 8106
26856 1633 3622 6991 8116
26857 5296 6145 7745 8515
26858 37 1246 1662 1846 7035 8498 9915 10017 10272 10360
26859 253 5608 7463 10400
26860 707 1331 1469 1721 2823 4719
26861 376 378 379 997 1568 1645
26862 403 878 1126 1735 1883 2831 3663 4077 5757 7264 8415
26863 1868 4067 4455 6070 8003 10137
26864 605 6365 6946 8795
26865 304 1962 5315 5447
26866 23 78 125 424 662 1550 1853 1928 3000 3307 3730 3768 5664 6981 8718 9144 9240 9642
26867 1822 2162 3343 4783
26868 1346 2123 2706 5652
26869 1159 1411 3790 6816 8810 9151 10109 10375
26870 25 2051 2257 3346
26871 1423 3085 7447 7768 7954 9767
26872 707 1329 1340 1346 1868 4294 6282 8714
26873 2856 4784 9407 10239
26874 359 5223 8102 8915
26877 1340 1394 1868 7708
26878 583 3925 5077 8231
26879 444 463 1583 5724
26880 520 586 635 707 1329 1597 6076 8841 9572
26881 615 1030 4128 4793 7556
26882 1383 2209 3411 3783
26883 707 1329 1331 1721 7843
26884 3821 4214 6869 8103
26885 7316 8365 8499 9473
26886 177 6699 8415 9832
26887 149 204 1568 5460 7628
26888 3467 4040 5364 6157 7448 9416 9893 10154
26889 635 3034 4700 6525
26890 73 1862 2242 2600 2889 3959 5772 8193
26891 752 1081 1085 1101 3345 4541 5519 8100
26892 7545 8917 9174 9529 10049 10257 10417 10617
26893 4687 6394 8415 10203
26894 662 1340 2047 3095
26895 195 2463 7571 7937
26896 2649 6476 6568 6619 6643 7514 8068
26897 652 3917 5730 10288
26898 59 805 812 4693 8116 8763
26899 706 1346 1394 2411 5915 6640 7180
26900 409 1883 2407 4724 4923 8194
26901 273 274 7925 8278
26902 261 355 1157 1177 1222 1329 1331 3132 3986 4622 4700 7222 9240
26904 1173 1177 7523 8317
26906 350 444 641 3707
26907 149 1568 6990 8106
26908 7275 7901 9050 9954
26910 1128 1528 3565 3672
26911 2253 3988 4943 8103
26912 213 1007 2369 2380 5811
26914 917 2533 3789 4540
26915 5900 7638 10313 10560
26916 2583 6090 6377 6489 9984
26918 1893 1921 2518 4305 5081 5333 6076 6712 6726 9890
26919 2884 5302 6076 9841
26920 1708 1894 3000 4158 7266
26921 5460 5915 7180 8921 10146
26922 557 1617 2174 4324
26923 381 472 641 784 839 1159 1285 1340 1666 1711 1749 1868 2047 2105 2123 2457 2567 2746 3502 3956 4214 4556 4768 5194 5576 5882 6876 7303 7408 9240 9277 9490 9589 9668 9695 10121
26924 18 652 1408 1833 2582 3753
26925 87 6831 6881 7103 8415 9166 9885 10000
26926 1246 1255 2067 3688
26927 579 6259 6363 8979 9814
26928 583 588 1294 2886
26929 24 381 1727 8106
26930 1705 2115 5460 6257 6889 8039
26931 1407 2141 2656 4968
26933 7121 7142 7765 7777 9877 9927
26934 654 670 697 7569
26937 7817 7822 7823 10331
26939 1327 1340 1459 2240 2589 4048 4622 4883 5460 8424
26940 360 389 2677 6831 8625 9792
26941 5823 5932 7211 8277
26942 1067 1727 2352 2457 2936 3035
26943 1222 1523 1727 7129
26944 18 437 4407 4943 5863
26945 978 1804 8216 9993
26946 7818 7822 7823 10452
26947 579 1568 6003 8795 9515
26948 3601 5022 5863 9044
26949 1050 1269 1568 4198 5984 8105 8281 9890
26950 1446 2622 4417 7198
26951 583 588 4198 8106
26952 311 1404 1779 2053 2167 4968
26953 190 4214 8499 9661
26955 2315 8146 8567 8619
26956 707 961 1329 1331 1721 4035 5460
26957 1503 2821 3437 4700 5001 7817 8162 9304 9996 10087
26958 588 1145 1918 2154 3033 3528 3769 8317 8403 9296
26959 26 78 2661 7312 9124 10147
26960 2845 4266 7423 8625
26961 1858 7273 7275 7402 7491 8195
26962 103 4007 4667 4994 5337 7697
26963 179 260 6334 8231 8920
26964 435 2095 3779 6904
26966 1666 1711 5420 6496 8234
26967 216 403 883 930
26968 707 1331 1721 2564
26970 507 6409 7448 8905 9443 9685
26973 1178 2380 3003 5747
26974 149 204 1568 4452
26975 100 1047 2555 4261
26976 342 1568 2265 4198 4938 5721 6210 6869
26977 2 583 588 1726 4667 8555
26978 362 3409 4316 9110
26979 25 554 1023 1722 2708 9581
26981 691 2689 4795 5867 6394 6935 6941 7548 8444
26982 92 1213 1469 2240 7095 8813
26983 50 728 4391 5003 5634 7072
26985 569 1338 3502 4055
26986 1550 5561 5960 8133
26987 340 1340 1346 8444
26988 354 621 5043 5984
26989 3143 3688 4830 5642
26990 1874 4862 5854 5855 9380 9723
26991 25 588 1177 8231
26992 707 1329 1331 1721
26993 1953 2300 6440 8471
26995 583 588 3887 4970 4990
26996 101 3301 3463 10239
26998 561 662 3000 3825 4584 4883 5987 7755 8495 8682 8911 9502
26999 1148 1729 3138 4622
27000 4072 5316 7423 7687 9160
27001 593 1202 1203 8106 8250 8251
27002 512 1180 4532 9638
27003 470 1903 3896 7569
27004 2590 5851 9049 10604
27005 261 348 381 472 569 588 672 1423 1495 2811 4768 5984 8231 8918 8972 9240 9329 9416 9493 9893 10400 10439
27006 707 763 1329 1331 1721 2083 2383 2661 2983 3000 3343 4739
27007 707 1329 1331 1894 2033 5932 10239
27008 2882 7118 8342 8448 9482
27009 24 75 151 439 511 662 1340 1531 1932 2000 3000 8106 8956 9110 10533
27010 78 228 2717 3346
27011 1246 7402 8620 10239
27012 275 835 1565 2252 3020 4686 4687 4906 6825 6982 8103 8106 10512
27013 5984 6440 6898 8867 10120
27014 26 534 579 1285 7180 8413 9322 9561
27015 2849 5300 9029 9159 9163
27016 3093 4841 5984 8103
27018 1066 1568 4199 5460 7335
27019 149 204 713 1331 1721 2666 7214
27020 2675 5287 7223 9107
27021 583 588 8039 8162
27023 1183 6070 7054 7685 9275 9396 9588 9689 9981
27024 183 2535 2766 3502 4700 7072
27026 361 1246 2378 2746 7874 8420
27027 573 4990 8516 8844
27028 366 6861 6919 7340 7548 8448 8895 9386 9721 10237
27029 149 202 204 706 893 1128 1177 1330 1710 2960 4532 5489 7264 7392 8231
27030 2596 7914 9493 10511
27031 1711 3910 7276 8979 10552
27032 211 569 707 1329 1331 1721 1868 2913 6560 6643 6823 7145
27033 707 1329 1331 1721
27034 351 1464 1489 7076
27035 540 569 1929 2546 6670 7516 7820 7930 8002 8303 10345
27036 204 4537 4573 5737 5984 6299 6723 8533
27037 2922 5535 8819 9386 9768 10538
27038 1290 2697 5721 7484
27039 6405 7905 9416 10018
27040 96 5672 6059 6809
27041 4637 5972 6808 7391
27042 182 185 243 309 662 1568 1930 3811
27044 24 569 1568 1860 2565 3439 4198
27045 600 1122 4222 5460 6699 6746 7864 7941
27046 4532 8369 8976 9647
27047 576 649 6108 6429 7627 7692 7708 8206 8228 9441 10056 10080 10562
27048 583 588 3135 7491 8231 9250
27049 359 2565 4214 9952
27051 952 3297 3645 8287
27052 328 675 1662 2483 3400 4121 4807 4879 5871 7266 7749
27053 844 1327 2127 2215 3773 5460 7501
27054 767 2958 5460 8856
27055 1527 1528 1752 3382
27056 1173 5310 5349 8278
27057 3950 6805 6991 9411
27058 980 5782 6878 7491 9774 9932
27059 1096 8746 10353 10401
27060 707 1329 1331 1721
27061 381 520 527 1164 1980 2576 4014 4214 4700 6628 7823 8080 8444 9329 9432 9885 10424
27062 583 588 1696 2934
27064 3645 5460 6699 6772
27065 18 353 583 588 1643 2114 5512 5672 6894 9885
27066 381 514 522 1727 1892
27067 355 1178 4214 5338 6164
27068 579 1329 1331 3453 5721 6522 6831 8643 9799
27069 1144 1793 4243 7834
27071 4698 5287 9409 9429
27073 2378 5085 8000 9315
27074 4586 6076 8326 9025
27076 354 1791 3691 4830 9581
27077 2555 2579 3294 4475 4639 7647 10347
27078 4267 5874 6701 6715 8194
27080 381 6701 9832 10120
27081 34 4472 7659 9723
27082 4734 6715 7964 9240
27083 7491 9205 10125 10264
27084 1219 7447 9733 9852
27086 351 1375 2221 2801
27087 586 588 1542 5863 6891
27088 2265 6491 9060 9508
27089 154 420 436 437 583 1827 4403 5167 6720 7438 7833 8231 8350 8470 9222 9259 9588 9733 10031 10069 10111 10228 10249 10253
27090 22 2454 2958 3813 10237
27091 351 446 5222 7316
27092 292 707 1329 1331 1721 2515 4140 4821 6426 6453 8585 8690 10067 10162
27093 4097 5708 7006 7891
27094 719 1868 3094 3683 9959
27095 1496 2193 4401 4550
27096 1285 2047 3730 10061 10069
27097 357 362 1222 1930 2060 8181 9588 9661 10410
27098 711 1282 1619 2366 4023 9329
27099 204 569 5235 5945 5967 6232 10082
27100 24 36 210 1894 2661 4214 4581 7360 7558 10400
27101 3118 4667 7506 9878
27102 22 952 2067 2149 2454 4533 4638 5132 5711 6414 7236
27103 344 353 548 583 1249 1384 1492 1568 1894 1932 2511 2555 2688 3000 3748 3783 3889 4505 5460 5871 6324 6634 6822 7093 7215 7315 7551 7593 8042 8844 9166 9188 9282 10135 10500
27104 149 204 1269 7417 8388 9542
27105 139 3381 3575 4056 4214 5769 9084
27106 583 588 625 3896
27107 3645 5396 6603 7731
27108 783 2295 6520 9716
27109 641 1340 7964 8103
27110 203 2749 3685 3981 3982 4302 5721
27111 707 1329 1331 1868 5984 6985
27112 302 362 2536 4443 5721 8106 9903
27113 1383 1724 5436 6119 8043 9534
27114 354 2276 5361 5921
27115 1329 1331 1721 1783
27116 5079 8235 8317 8795 9885 10544
27117 1909 3150 6876 9340 9624
27119 579 6653 8918 9249
27120 1426 1554 2351 2856 3598 5754
27122 273 569 6196 6941
27124 1246 2661 5982 7353
27125 4072 5460 6394 10124
27126 3617 4053 4366 6283
27127 216 1868 1932 5379 10237
27128 319 866 4425 4674 6804
27130 5460 6268 9007 9885 9964
27131 538 2548 3039 5329 6523 7335 8236 8310 10046 10049
27132 275 2654 6990 7136 8350 10478
27134 351 1177 1246 2114 2524 3704 3981 4869 5460 5503 5982 6740 8751 8924 8939 9159 9315 9781 10247 10361 10431 10506
27135 569 1340 1868 2077 2731 7237 7558 9723
27136 1593 2481 4261 4554 7045 7500 7663 8129 8302 9802
27137 1404 4514 9791 9870
27138 1569 6494 7335 9560
27139 4864 6905 7179 7581
27140 4700 7673 8388 10214
27142 5379 5478 8008 9066 10423 10482
27143 1710 2293 3007 6464 6816 8148 8368 10018
27144 706 1699 2030 2047
27145 25 1285 1932 2042 3124 4014 5721 7834
27146 157 158 5136 8786
27148 228 4280 6846 7783 9542 9673
27149 210 1952 2276 8296 8353 9806
27150 538 1213 6958 8207
27151 2124 2808 3842 4254 5287 5837
27152 1883 3050 3610 5489 5758 7819
27153 1619 2149 2766 7089
27154 1701 2114 2995 6762
27155 4222 5305 7385 7804
27156 4665 5529 5954 7264
27157 1125 5376 9153 10079
27158 900 2046 7978 8718
27159 4261 8511 8678 10402 10447
27160 389 569 2207 2320 3545 7054 7159 7731 8415
27161 1485 1563 1740 2049 2162 2856 3715 7619 8449
27162 25 354 4214 5180 7542 8252
27164 1346 1446 1576 2640
27166 3622 5642 9845 10482
27167 6580 9922 10053 10497
27169 392 1650 2891 3851 5757
27171 5730 6034 6399 8743
27172 216 2143 3805 4150 4214 4686 7988 8918
27173 165 2414 2861 2894 8119 8120 9373
27174 1568 1729 1878 2046 5984 7978
27175 719 2457 3451 8444
27176 2238 3644 3936 7152 7282 7377 7937 9001 9785
27177 1552 1955 2353 3499 9493
27178 1796 2047 7071 10061
27179 467 468 1534 2865 4349 7883 8805
27180 5642 5746 6323 7638 9554
27181 569 1329 1331 1721
27182 351 1512 5460 6874 9829
27183 5648 5954 7823 8544 8847 9200 9775 10411
27184 1571 3904 4906 5775
27185 111 1823 2574 3342
27186 651 780 7218 9993
27187 1222 2293 2406 2658 3956 7826 8795
27188 609 5184 8628 10491
27189 652 2717 4283 8106
27190 1448 1493 4605 4654
27191 1027 1256 4014 8704
27192 4915 9370 9678 9958
27193 2113 2323 6148 9401
27194 3051 5423 6590 9850
27195 1330 1710 1985 2091 5765 6769 8780
27196 408 3000 3025 3033 3194 7031
27197 311 1404 4968 7438
27198 569 583 588 8231
27199 641 1713 5684 6830
27201 436 2000 5990 6664
27202 1597 8702 9815 10287
27203 2352 2766 6022 8412
27204 801 905 911 1994 6647 6750 7880 9073
27205 1340 1868 1894 9335
27206 1810 2121 2823 2886 4683 7756 8207 10122
27207 56 5460 6525 8595
27208 311 4701 5439 8810
27209 4215 4585 5489 6490 6881 10465
27210 276 503 2427 2555 2761 3467 5120 5366 5702 9140
27211 3825 5519 7873 7891 8013 8549 9981
27213 1864 1953 6494 8475
27214 3050 3719 5992 7289 9729
27215 2143 8531 8533 10011 10282 10614
27216 707 1213 1331 8724
27217 1643 2113 2384 6774
27218 635 1340 1868 2293 2768 3043 4768 5424 6643 6876 8754 9275 9372
27219 707 1329 1331 1721
27220 2575 3890 4686 8523
27221 188 1152 1777 7316 7907 9386 9525 9713
27222 715 6554 6575 6605 7095 7200 7212 10550
27223 3049 3317 3886 4576 6125 6914
27224 261 2309 3646 3944
27225 1256 1868 1980 5584
27226 3830 4897 9202 9493
27227 569 1340 1868 5947
27228 650 1145 3495 5096 7161 8322 9277 9979
27229 164 706 4768 7228
27230 78 216 2328 2646 2946 2974 3747
27231 30 2047 2178 3096 5672 5724 5871 6765 6774 6876 8103 8866 9127 9353 9773 10199
27232 481 1139 1285 2047 2918 3502 5039 5721 7834 8343
27233 243 1727 2063 2620 3707
27234 2079 4307 7612 8625
27235 662 1673 5395 6412
27236 543 706 1301 5183 10069 10189
27237 339 2169 4834 9275
27239 361 1102 2047 3283 5178 5395 5947 6068
27240 351 1868 10159 10431
27241 707 1329 1340 1721
27242 1912 2850 3975 6003 6597 9276
27243 2511 8375 8609 10514
27244 569 1340 1569 1673 2364 5104 8718 10253
27245 707 1329 1346 1721
27246 334 378 3202 5423 5782 10116
27247 3106 3588 4379 5302
27248 195 707 1329 1331 1569 2841 3519 3792 4700 4915 6667 6975 7289 7377 8127 8303
27250 751 4884 5207 6771 9781
27252 85 252 536 675 716 864 1081
27253 538 627 3373 3811 8420
27254 2660 5977 6164 8982
27255 1182 2689 3699 6264
27256 181 4968 5535 9815
27257 1662 1878 2124 2462 4261 5782
27258 7179 7851 8390 8718
27261 5256 5268 5586 6019
27262 2375 4064 5837 7068
27263 24 1568 7616 7964
27265 2236 3664 9492 10139
27266 25 2074 6444 7266 9550
27267 520 583 588 706 721 1340 1711 1712 1868 2070 2123 2538 2737 3094 3681 4301 4956 5721 6289 6990 7477 8430 9952 10137
27268 186 765 1241 1255 1396 2841 6394 7484 9818 10411
27269 3844 6879 8795 9497 9543
27270 4333 5721 7832 9897
27271 838 2047 6701 9529
27272 1568 2265 4243 5644
27273 48 1727 3801 5423 6701 6876 9973
27274 579 2115 6701 8511
27275 35 256 579 1504 2108 2109 2470 3204 3707 5017
27276 3982 8954 9441 10145
27277 583 1330 1710 3016 8231
27278 253 2121 2145 9452
27279 5730 7061 7447 8401 8803
27280 722 2555 4297 8731
27281 2047 3302 5638 6795 7664 8243
27282 2328 2329 7569 8312
27283 1727 1865 2046 2391 2436 4198
27284 2555 3830 8128 9202
27285 5548 5672 7139 9165 10022 10128
27286 2548 2766 4204 4472 6084
27287 707 1329 1331 1634 1721 10606
27288 261 2352 2661 7054
27289 547 707 1329 1394 1721 1893 2509 2511 5535 6705 7078 7912 9329
27290 1979 4990 5584 9911
27292 351 1177 1178 2123
27293 216 356 357 1565 2494 3079
27294 2162 7184 7954 9180
27295 437 3803 4405 7438
27296 2390 4121 4943 9733
27297 579 8738 9591 9703 9872
27298 2457 4726 6991 8106 8137 8509 8665 9440 9493
27299 381 3825 7823 8162 8589 9723 9786 9922 10527 10546
27300 2941 4990 6070 8549
27301 1340 1868 4176 4768 8106
27302 6494 7823 8290 8625
27303 697 1073 2366 3427
27305 1350 1576 5424 7834
27306 354 5721 6236 7669
27307 5797 7905 8563 9250 9482
27308 344 1987 2639 2746 5129 6982 8317
27309 1801 4014 4589 5222
27310 36 3874 5703 10400
27311 36 4475 5543 10400
27312 3590 5148 8718 10225
27313 18 1432 4150 4651 7103 7750
27314 548 635 1294 2564 3091 3454 3981 3985 4068 4584 5811 6991 7289 7371 7494 7631 7998 8275 8704 9831
27315 930 4523 5717 9453
27317 605 802 2915 6003
27318 3085 9338 9822 10168
27319 36 276 1706 2489 5264 8560 8619 10400
27321 1558 1831 5999 6777
27322 1255 1358 9481 9727
27324 359 583 889 2047 5220 8505
27325 18 472 1443 1569 1936 3289 5207 5574 5728 6174 6919 7823 8285 8543 8625 8702 9936 10372
27326 387 2184 2205 2282 2719 7894 8271 9486
27327 47 4280 6695 8393
27328 381 394 5730 6919 7272 7615
27329 149 203 204 4392
27330 18 3615 6936 7103 7194 8170
27331 2689 3769 5128 8106
27332 7308 7391 7539 8039 8583 8873
27333 679 1222 1568 2179
27334 366 1568 7330 9611
27335 179 1932 2993 3035 3061 5874
27336 548 599 1727 2042 2047 9546
27337 187 193 843 845 1275 2517 2638 3454 4423 5057 6861 7220 7547 7878 8376
27340 769 1324 2369 3962 6969
27341 1401 1606 5954 8918
27342 8106 8625 10198 10411
27343 579 1456 4066 4198 4532 5333 7188 9611
27345 2124 3000 5543 6715 9467 10012
27346 707 1329 1331 1721
27347 2590 3901 4071 5435
27348 588 1443 6108 8231
27349 1426 4632 5156 9170
27351 2141 2170 2291 2656 2989 5591
27352 2884 6989 7876 7976
27353 583 588 8106 8231
27354 7402 9468 9493 9663
27355 1280 1319 1893 8106
27356 548 1457 2509 3954 4452 5436
27357 2652 5947 5982 6251
27358 1369 2344 2498 4556
27359 296 8344 8636 8851
27360 707 1329 1721 1868
27361 2824 5460 8986 9607
27362 3000 4228 5462 6892
27363 357 569 579 641
27364 4020 6688 6889 7212
27365 2736 2841 3664 3979
27366 583 3686 4973 5984 7567 8231 9068 9493
27367 1531 1929 3016 3845 5676
27368 1282 1340 8106 9275
27369 5416 7696 8448 9616
27370 662 2229 4264 5553
27371 316 1096 1441 4470
27372 1007 2369 3094 9189
27373 583 588 6196 8273
27374 635 7151 7531 9772
27375 210 1858 4440 4994 5863
27376 125 350 1597 2047 3704 3706 4824 5268
27377 569 1152 1329 1331 1488 1721 6546 7777 8418 10420
27378 1438 7804 8182 9098
27379 247 598 3061 4215 4592 6728 7491 8982 9760 9806 9867 10172 10291 10383 10496
27380 183 3877 5874 8381 9989
27381 579 1980 2576 2915 5721 9233
27382 2114 2117 2802 2803
27383 2654 5460 7438 8554
27384 654 1408 1543 2982 4526
27385 166 536 610 729 861 865 977 1025 1085 1086 1091 1095 1285 1404 1539 1561 1867 1894 1975 2047 2099 2367 2398 2912 3178 4391 4644 4674 4847 5137 5564 8322 9177 9911
27386 478 1497 2035 6386 8389 8740
27387 2791 6568 9236 9462
27388 160 254 352 583 588 707 1152 1327 1329 1331 1340 1394 1832 1868 2583 3346 3473 3646 3982 5838 5901 6230 6577 6598 7078 7833 8231 8278 8288 8317 9054
27389 1239 1845 7008 9878
27390 1727 4452 5721 8106
27391 1503 2719 3745 6965 7205 7944
27392 6064 6663 6690 8509
27393 18 583 588 1417 4263 10533
27394 2509 2555 4194 6268
27395 583 588 8231 10334
27396 1285 4294 7022 7407 8270 10556
27397 34 652 1446 1609 2391 2555 5460 7027 7239 8444 9493 9515 10355
27398 1246 3830 7273 9807
27399 679 744 2766 4532 7195 7612 10073
27400 88 488 569 1252 1459 1461 1774 2079 2560 2744 2845 2933 3051 3780 4073 4214 4700 4825 5080 5521 5584 7925 8106 10220
27401 747 2599 6904 7564 9062 9347 9877
27402 641 1346 4589 8106
27403 8 894 1639 4869
27404 1858 3749 7585 8448 9675
27406 321 324 4469 4470 4471
27407 2143 8751 9493 10469
27408 5657 7706 7777 9649
27409 1255 4869 8444 9493
27410 2678 3645 8275 8797
27411 1338 6071 6714 7687 8925 9873
27412 429 4214 5589 5823 6360 6699 6701 8626
27413 2603 6357 8106 9471
27414 583 588 2889 8342 8962 9979
27415 1019 2118 3972 5692
27416 462 1291 2555 6546 6976 7612 8795 8840 9216 9677 9723 9782 9972
27418 77 149 204 515
27419 1330 1710 4214 5244 5873
27420 77 95 187 227 1133 1340 1568 1727 1868 1910 2124 4423 4841 6875 7386 7823 7878 8106 8587 8600 8704 8765 8810 9201 9347 9775 10009 10189 10396
27421 125 1318 1747 5620
27422 1318 2300 3094 6070 8106 8381 8556 9132 9806 10082 10519
27423 511 569 1568 1736 2436 7159
27424 3331 8757 9577 9987 10339
27425 707 1331 3519 3946 5501 5884 6310 7659 8830 8921
27426 1568 5544 5832 8505
27428 361 3653 5249 7708
27429 149 204 569 706 1340 1488 1868 2709 3300 3841 3864 5716 5874 5984 6095 6096 6429 6793 7343 8343 9025 9286
27430 1539 2358 2999 3419 4528 5584 5641 7438 7901 8680 9259 9815 9936
27431 540 1727 1795 5080 5481 6412
27432 1182 1944 2431 10239
27434 2980 7484 7659 7818 9054 10054 10495
27435 412 583 588 1447 1550 1632 5721 9005
27436 1239 1246 1446 5753
27437 216 583 588 2890 3745 6827 7163
27438 4669 6031 7062 8106 8332 8672
27439 10 2421 6384 8718
27440 1446 2849 3354 8190
27441 6686 6775 8988 10177
27443 3229 4881 5861 6209 6387 6887 7103 9100 9104 9364 9440
27444 707 1329 1331 6015 9200 10199
27445 2561 3889 3995 4014 4052 4752 4906 5244 6884 10220
27446 1932 8555 9972 10561
27447 707 1329 1331 1340 1523 1721 1868 3139 3811 4167 5871 7337 9865 10575
27448 404 470 2905 3896 4747 6437 7798 8360
27449 1329 1331 1721 2702 2964 3956
27450 1121 2366 3427 5804
27451 145 550 2214 8270
27452 585 1862 3826 9481
27453 1930 2732 2768 5180 9861
27454 1340 1868 6740 8444
27455 86 484 584 2411 3916 3961 4423 5021 6699 6861 6862 7222 8272
27456 3413 3473 4022 4545 7306
27458 470 818 1674 3896
27459 3758 7308 7721 8684 9714 9813
27460 583 588 2094 2194 3914 4198 4529 4616 4622 4686 5778 5995 6390 6667
27461 1138 2423 2661 5688 10533
27462 381 602 6985 9329
27463 4175 4929 8774 10534
27464 18 3745 6465 8106
27465 4644 4723 6299 8461
27466 1096 5460 9458 9806
27467 821 935 1617 5372 6188 7972 8285 8867 8935 9148
27468 6762 6919 8722 9386
27469 588 589 590 1340 1868 2124 6996 7964 9189 10373
27470 2042 2843 4700 5880
27471 2285 5478 8672 8795
27472 1178 1186 1187 1383
27473 305 512 588 2538 2698 6958 8231
27474 972 997 1038 10358
27475 125 2115 3212 3509 7860 8516
27476 1282 1340 1868 6441 8185 9403
27477 540 3076 4537 5824
27478 1558 2366 4136 8554
27480 1331 1340 1868 2344 2697 3704 4475 6033 7396
27481 488 707 1244 1331 1721
27482 4695 8282 10279 10483
27483 8467 9174 9275 9817
27484 86 520 9335 10146
27485 583 588 6287 6889 8795 10186
27486 14 4881 5077 6079 6461 6846 7901 10480
27487 2265 2843 5672 7335
27488 582 754 889 1001 2124 8191
27489 5909 7022 7376 8231
27490 5608 6248 7883 9493
27491 738 1055 1529 2150 6708 8217 8895 10611
27492 4322 6078 7664 7932 8470 8474 8711
27493 24 75 511 579 611 1092 1152 1249 1331 1340 1488 1561 1732 1853 1868 1932 2046 2047 2211 2853 2961 3346 3551 3749 3996 4198 4589 4700 5075 5137 5540 5604 6003 6004 6258 6310 6429 6522 6540 6699 6831 6982 6985 6989 7050 7263 7492 7530 8103 8106 8201 8375 8608 8963 9025 9120 9277 9368 9560 9741 9773 9885 10078 10098 10174 10479
27494 199 5445 6540 6667
27495 66 520 1150 1162
27496 1574 7210 7465 7575
27497 305 1932 5823 6959 10053
27498 1943 2066 9359 10433
27499 183 351 579 630 636 662 1477 1492 1495 1497 2035 2265 2293 2964 3091 4466 4700 4816 5765 6111 6655 6958 7026 7466 8050 8349 8772 8834 10226
27500 135 1107 2982 3919 4195 5632
27501 462 606 833 1177 1761 2548 5478 5984 6822 7078 7376 7766 8344 8437 8636 9043 9275 9529 9928 10433
27502 1142 1747 7338 8928
27503 520 4768 5424 5823
27504 4636 4797 7994 10423
27505 1351 2936 5721 6087
27506 1666 3240 3838 3839
27507 23 1523 1930 8918
27508 38 104 1246 1437 1732 3085 4234 5692
27509 141 767 768 926 942 997 1324 1722 2023 2088 2391 3344 3565 7493
27510 1094 2658 3925 4068 9275
27511 4455 5379 6081 8883
27512 149 204 7084 9861
27513 952 2174 2976 5786
27514 2144 3064 3830 6514
27515 3572 4584 5865 5985 7817 7823
27516 329 2375 3361 7545
27517 2178 4214 4225 5675
27519 351 589 1329 1331 1721
27520 6170 8074 8704 8797
27521 101 660 889 6741
27523 1329 1331 1347 1721
27524 1330 1552 5672 10136
27525 253 993 1424 2768 4652 9952
27526 195 1552 2766 9529 9928 10433
27527 28 4902 5317 7038 7135
27528 5393 5569 6958 10595
27529 542 2804 3277 4214
